路線名,駅名,番号,会社名
東海道本線,東京,1,JR東日本
東海道本線,有楽町,2,JR東日本
東海道本線,新橋,3,JR東日本
東海道本線,浜松町,4,JR東日本
東海道本線,田町,5,JR東日本
東海道本線,高輪ゲートウェイ,6,JR東日本
東海道本線,品川,7,JR東日本
東海道本線,大井町,8,JR東日本
東海道本線,大森,9,JR東日本
東海道本線,蒲田,10,JR東日本
東海道本線,川崎,11,JR東日本
東海道本線,鶴見,12,JR東日本
東海道本線,新子安,13,JR東日本
東海道本線,東神奈川,14,JR東日本
東海道本線,横浜,15,JR東日本
東海道本線,保土ヶ谷,16,JR東日本
東海道本線,東戸塚,17,JR東日本
東海道本線,戸塚,18,JR東日本
東海道本線,大船,19,JR東日本
東海道本線,藤沢,20,JR東日本
東海道本線,辻堂,21,JR東日本
東海道本線,茅ヶ崎,22,JR東日本
東海道本線,平塚,23,JR東日本
東海道本線,大磯,24,JR東日本
東海道本線,二宮,25,JR東日本
東海道本線,国府津,26,JR東日本
東海道本線,鴨宮,27,JR東日本
東海道本線,小田原,28,JR東日本
東海道本線,早川,29,JR東日本
東海道本線,根府川,30,JR東日本
東海道本線,真鶴,31,JR東日本
東海道本線,湯河原,32,JR東日本
東海道本線,熱海,33,JR東日本
東海道本線,熱海,1,JR東海
東海道本線,函南,2,JR東海
東海道本線,三島,3,JR東海
東海道本線,沼津,4,JR東海
東海道本線,片浜,5,JR東海
東海道本線,原,6,JR東海
東海道本線,東田子の浦,7,JR東海
東海道本線,吉原,8,JR東海
東海道本線,富士,9,JR東海
東海道本線,富士川,10,JR東海
東海道本線,新蒲原,11,JR東海
東海道本線,蒲原,12,JR東海
東海道本線,由比,13,JR東海
東海道本線,興津,14,JR東海
東海道本線,清水,15,JR東海
東海道本線,草薙,16,JR東海
東海道本線,東静岡,17,JR東海
東海道本線,静岡,18,JR東海
東海道本線,安倍川,19,JR東海
東海道本線,用宗,20,JR東海
東海道本線,焼津,21,JR東海
東海道本線,西焼津,22,JR東海
東海道本線,藤枝,23,JR東海
東海道本線,六合,24,JR東海
東海道本線,島田,25,JR東海
東海道本線,金谷,26,JR東海
東海道本線,菊川,27,JR東海
東海道本線,掛川,28,JR東海
東海道本線,愛野,29,JR東海
東海道本線,袋井,30,JR東海
東海道本線,御厨,31,JR東海
東海道本線,磐田,32,JR東海
東海道本線,豊田町,33,JR東海
東海道本線,天竜川,34,JR東海
東海道本線,浜松,35,JR東海
東海道本線,高塚,36,JR東海
東海道本線,舞阪,37,JR東海
東海道本線,弁天島,38,JR東海
東海道本線,新居町,39,JR東海
東海道本線,鷲津,40,JR東海
東海道本線,新所原,41,JR東海
東海道本線,二川,42,JR東海
東海道本線,豊橋,43,JR東海
東海道本線,西小坂井,44,JR東海
東海道本線,愛知御津,45,JR東海
東海道本線,三河大塚,46,JR東海
東海道本線,三河三谷,47,JR東海
東海道本線,蒲郡,48,JR東海
東海道本線,三河塩津,49,JR東海
東海道本線,三ヶ根,50,JR東海
東海道本線,幸田,51,JR東海
東海道本線,相見,52,JR東海
東海道本線,岡崎,53,JR東海
東海道本線,西岡崎,54,JR東海
東海道本線,安城,55,JR東海
東海道本線,三河安城,56,JR東海
東海道本線,東刈谷,57,JR東海
東海道本線,野田新町,58,JR東海
東海道本線,刈谷,59,JR東海
東海道本線,逢妻,60,JR東海
東海道本線,大府,61,JR東海
東海道本線,共和,62,JR東海
東海道本線,南大高,63,JR東海
東海道本線,大高,64,JR東海
東海道本線,笠寺,65,JR東海
東海道本線,熱田,66,JR東海
東海道本線,金山,67,JR東海
東海道本線,尾頭橋,68,JR東海
東海道本線,名古屋,69,JR東海
東海道本線,枇杷島,70,JR東海
東海道本線,清洲,71,JR東海
東海道本線,稲沢,72,JR東海
東海道本線,尾張一宮,73,JR東海
東海道本線,木曽川,74,JR東海
東海道本線,岐阜,75,JR東海
東海道本線,西岐阜,76,JR東海
東海道本線,穂積,77,JR東海
東海道本線,大垣,78,JR東海
東海道本線,垂井,79,JR東海
東海道本線,関ヶ原,80,JR東海
東海道本線,柏原,81,JR東海
東海道本線,近江長岡,82,JR東海
東海道本線,醒ヶ井,83,JR東海
東海道本線,米原,84,JR東海
東海道本線,米原,1,JR西日本
東海道本線,彦根,2,JR西日本
東海道本線,南彦根,3,JR西日本
東海道本線,河瀬,4,JR西日本
東海道本線,稲枝,5,JR西日本
東海道本線,能登川,6,JR西日本
東海道本線,安土,7,JR西日本
東海道本線,近江八幡,8,JR西日本
東海道本線,篠原,9,JR西日本
東海道本線,野洲,10,JR西日本
東海道本線,守山,11,JR西日本
東海道本線,栗東,12,JR西日本
東海道本線,草津,13,JR西日本
東海道本線,南草津,14,JR西日本
東海道本線,瀬田,15,JR西日本
東海道本線,石山,16,JR西日本
東海道本線,膳所,17,JR西日本
東海道本線,大津,18,JR西日本
東海道本線,山科,19,JR西日本
東海道本線,京都,20,JR西日本
東海道本線,西大路,21,JR西日本
東海道本線,桂川,22,JR西日本
東海道本線,向日町,23,JR西日本
東海道本線,長岡京,24,JR西日本
東海道本線,山崎,25,JR西日本
東海道本線,島本,26,JR西日本
東海道本線,高槻,27,JR西日本
東海道本線,摂津富田,28,JR西日本
東海道本線,JR総持寺,29,JR西日本
東海道本線,茨木,30,JR西日本
東海道本線,千里丘,31,JR西日本
東海道本線,岸辺,32,JR西日本
東海道本線,吹田,33,JR西日本
東海道本線,東淀川,34,JR西日本
東海道本線,新大阪,35,JR西日本
東海道本線,大阪,36,JR西日本
東海道本線,塚本,37,JR西日本
東海道本線,尼崎,38,JR西日本
東海道本線,立花,39,JR西日本
東海道本線,甲子園口,40,JR西日本
東海道本線,西宮,41,JR西日本
東海道本線,さくら夙川,42,JR西日本
東海道本線,芦屋,43,JR西日本
東海道本線,甲南山手,44,JR西日本
東海道本線,摂津本山,45,JR西日本
東海道本線,住吉,46,JR西日本
東海道本線,六甲道,47,JR西日本
東海道本線,摩耶,48,JR西日本
東海道本線,灘,49,JR西日本
東海道本線,三ノ宮,50,JR西日本
東海道本線,元町,51,JR西日本
東海道本線,神戸,52,JR西日本
東海道本線美濃赤坂支線,大垣,1,JR東海
東海道本線美濃赤坂支線,荒尾,2,JR東海
東海道本線美濃赤坂支線,美濃赤坂,3,JR東海
中央本線（金山～塩尻）,金山,1,JR東海
中央本線（金山～塩尻）,鶴舞,2,JR東海
中央本線（金山～塩尻）,千種,3,JR東海
中央本線（金山～塩尻）,大曽根,4,JR東海
中央本線（金山～塩尻）,新守山,5,JR東海
中央本線（金山～塩尻）,勝川,6,JR東海
中央本線（金山～塩尻）,春日井,7,JR東海
中央本線（金山～塩尻）,神領,8,JR東海
中央本線（金山～塩尻）,高蔵寺,9,JR東海
中央本線（金山～塩尻）,定光寺,10,JR東海
中央本線（金山～塩尻）,古虎渓,11,JR東海
中央本線（金山～塩尻）,多治見,12,JR東海
中央本線（金山～塩尻）,土岐市,13,JR東海
中央本線（金山～塩尻）,瑞浪,14,JR東海
中央本線（金山～塩尻）,釜戸,15,JR東海
中央本線（金山～塩尻）,武並,16,JR東海
中央本線（金山～塩尻）,恵那,17,JR東海
中央本線（金山～塩尻）,美乃坂本,18,JR東海
中央本線（金山～塩尻）,中津川,19,JR東海
中央本線（金山～塩尻）,落合川,20,JR東海
中央本線（金山～塩尻）,坂下,21,JR東海
中央本線（金山～塩尻）,田立,22,JR東海
中央本線（金山～塩尻）,南木曽,23,JR東海
中央本線（金山～塩尻）,十二兼,24,JR東海
中央本線（金山～塩尻）,野尻,25,JR東海
中央本線（金山～塩尻）,大桑,26,JR東海
中央本線（金山～塩尻）,須原,27,JR東海
中央本線（金山～塩尻）,倉本,28,JR東海
中央本線（金山～塩尻）,上松,29,JR東海
中央本線（金山～塩尻）,木曽福島,30,JR東海
中央本線（金山～塩尻）,原野,31,JR東海
中央本線（金山～塩尻）,宮ノ越,32,JR東海
中央本線（金山～塩尻）,藪原,33,JR東海
中央本線（金山～塩尻）,奈良井,34,JR東海
中央本線（金山～塩尻）,木曽平沢,35,JR東海
中央本線（金山～塩尻）,贄川,36,JR東海
中央本線（金山～塩尻）,日出塩,37,JR東海
中央本線（金山～塩尻）,洗馬,38,JR東海
中央本線（金山～塩尻）,塩尻,39,JR東海
武豊線,大府,1,JR東海
武豊線,尾張森岡,2,JR東海
武豊線,緒川,3,JR東海
武豊線,石浜,4,JR東海
武豊線,東浦,5,JR東海
武豊線,亀崎,6,JR東海
武豊線,乙川,7,JR東海
武豊線,半田,8,JR東海
武豊線,東成岩,9,JR東海
武豊線,武豊,10,JR東海
太多線,多治見,1,JR東海
太多線,小泉,2,JR東海
太多線,根本,3,JR東海
太多線,姫,4,JR東海
太多線,下切,5,JR東海
太多線,可児,6,JR東海
太多線,美濃川合,7,JR東海
太多線,美濃太田,8,JR東海
高山本線,岐阜,1,JR東海
高山本線,長森,2,JR東海
高山本線,那加,3,JR東海
高山本線,蘇原,4,JR東海
高山本線,各務ヶ原,5,JR東海
高山本線,鵜沼,6,JR東海
高山本線,坂祝,7,JR東海
高山本線,美濃太田,8,JR東海
高山本線,古井,9,JR東海
高山本線,中川辺,10,JR東海
高山本線,下麻生,11,JR東海
高山本線,上麻生,12,JR東海
高山本線,白川口,13,JR東海
高山本線,下油井,14,JR東海
高山本線,飛彈金山,15,JR東海
高山本線,焼石,16,JR東海
高山本線,下呂,17,JR東海
高山本線,禅昌寺,18,JR東海
高山本線,飛彈萩原,19,JR東海
高山本線,上呂,20,JR東海
高山本線,飛彈宮田,21,JR東海
高山本線,飛彈小坂,22,JR東海
高山本線,渚,23,JR東海
高山本線,久々野,24,JR東海
高山本線,飛彈一ノ宮,25,JR東海
高山本線,高山,26,JR東海
高山本線,上枝,27,JR東海
高山本線,飛彈国府,28,JR東海
高山本線,飛彈古川,29,JR東海
高山本線,杉崎,30,JR東海
高山本線,飛彈細江,31,JR東海
高山本線,角川,32,JR東海
高山本線,坂上,33,JR東海
高山本線,打保,34,JR東海
高山本線,杉原,35,JR東海
高山本線,猪谷,36,JR東海
高山本線,猪谷,1,JR西日本
高山本線,楡原,2,JR西日本
高山本線,笹津,3,JR西日本
高山本線,東八尾,4,JR西日本
高山本線,越中八尾,5,JR西日本
高山本線,千里,6,JR西日本
高山本線,速星,7,JR西日本
高山本線,婦中鵜坂,8,JR西日本
高山本線,西富山,9,JR西日本
高山本線,富山,10,JR西日本
関西本線,名古屋,1,JR東海
関西本線,八田,2,JR東海
関西本線,春田,3,JR東海
関西本線,蟹江,4,JR東海
関西本線,永和,5,JR東海
関西本線,弥富,6,JR東海
関西本線,長島,7,JR東海
関西本線,桑名,8,JR東海
関西本線,朝日,9,JR東海
関西本線,富田,10,JR東海
関西本線,富田浜,11,JR東海
関西本線,四日市,12,JR東海
関西本線,南四日市,13,JR東海
関西本線,河原田,14,JR東海
関西本線,河曲,15,JR東海
関西本線,加佐登,16,JR東海
関西本線,井田川,17,JR東海
関西本線,亀山,18,JR東海
関西本線,亀山,1,JR西日本
関西本線,関,2,JR西日本
関西本線,加太,3,JR西日本
関西本線,柘植,4,JR西日本
関西本線,新堂,5,JR西日本
関西本線,佐那具,6,JR西日本
関西本線,伊賀上野,7,JR西日本
関西本線,島ヶ原,8,JR西日本
関西本線,月ヶ瀬口,9,JR西日本
関西本線,大河原,10,JR西日本
関西本線,笠置,11,JR西日本
関西本線,加茂,12,JR西日本
関西本線,木津,13,JR西日本
関西本線,平城山,14,JR西日本
関西本線,奈良,15,JR西日本
関西本線,郡山,16,JR西日本
関西本線,大和小泉,17,JR西日本
関西本線,法隆寺,18,JR西日本
関西本線,王寺,19,JR西日本
関西本線,三郷,20,JR西日本
関西本線,河内堅上,21,JR西日本
関西本線,高井田,22,JR西日本
関西本線,柏原,23,JR西日本
関西本線,志紀,24,JR西日本
関西本線,八尾,25,JR西日本
関西本線,久宝寺,26,JR西日本
関西本線,加美,27,JR西日本
関西本線,平野,28,JR西日本
関西本線,東部市場前,29,JR西日本
関西本線,天王寺,30,JR西日本
関西本線,新今宮,31,JR西日本
関西本線,今宮,32,JR西日本
関西本線,JR難波,33,JR西日本
紀勢本線,亀山,1,JR東海
紀勢本線,下庄,2,JR東海
紀勢本線,一身田,3,JR東海
紀勢本線,津,4,JR東海
紀勢本線,阿漕,5,JR東海
紀勢本線,高茶屋,6,JR東海
紀勢本線,六軒,7,JR東海
紀勢本線,松阪,8,JR東海
紀勢本線,徳和,9,JR東海
紀勢本線,多気,10,JR東海
紀勢本線,相可,11,JR東海
紀勢本線,佐奈,12,JR東海
紀勢本線,栃原,13,JR東海
紀勢本線,川添,14,JR東海
紀勢本線,三瀬谷,15,JR東海
紀勢本線,滝原,16,JR東海
紀勢本線,阿曽,17,JR東海
紀勢本線,伊勢柏崎,18,JR東海
紀勢本線,大内山,19,JR東海
紀勢本線,梅ヶ谷,20,JR東海
紀勢本線,紀伊長島,21,JR東海
紀勢本線,三野瀬,22,JR東海
紀勢本線,船津,23,JR東海
紀勢本線,相賀,24,JR東海
紀勢本線,尾鷲,25,JR東海
紀勢本線,大曽根浦,26,JR東海
紀勢本線,九鬼,27,JR東海
紀勢本線,三木里,28,JR東海
紀勢本線,賀田,29,JR東海
紀勢本線,二木島,30,JR東海
紀勢本線,新鹿,31,JR東海
紀勢本線,波田須,32,JR東海
紀勢本線,大泊,33,JR東海
紀勢本線,熊野市,34,JR東海
紀勢本線,有井,35,JR東海
紀勢本線,神志山,36,JR東海
紀勢本線,紀伊市木,37,JR東海
紀勢本線,阿田和,38,JR東海
紀勢本線,紀伊井田,39,JR東海
紀勢本線,鵜殿,40,JR東海
紀勢本線,新宮,41,JR東海
紀勢本線,新宮,1,JR西日本
紀勢本線,三輪崎,2,JR西日本
紀勢本線,紀伊佐野,3,JR西日本
紀勢本線,宇久井,4,JR西日本
紀勢本線,那智,5,JR西日本
紀勢本線,紀伊天満,6,JR西日本
紀勢本線,紀伊勝浦,7,JR西日本
紀勢本線,湯川,8,JR西日本
紀勢本線,太地,9,JR西日本
紀勢本線,下里,10,JR西日本
紀勢本線,紀伊浦神,11,JR西日本
紀勢本線,紀伊田原,12,JR西日本
紀勢本線,古座,13,JR西日本
紀勢本線,紀伊姫,14,JR西日本
紀勢本線,串本,15,JR西日本
紀勢本線,紀伊有田,16,JR西日本
紀勢本線,田並,17,JR西日本
紀勢本線,田子,18,JR西日本
紀勢本線,和深,19,JR西日本
紀勢本線,江住,20,JR西日本
紀勢本線,見老津,21,JR西日本
紀勢本線,周参見,22,JR西日本
紀勢本線,紀伊日置,23,JR西日本
紀勢本線,椿,24,JR西日本
紀勢本線,紀伊富田,25,JR西日本
紀勢本線,白浜,26,JR西日本
紀勢本線,朝来,27,JR西日本
紀勢本線,紀伊新庄,28,JR西日本
紀勢本線,紀伊田辺,29,JR西日本
紀勢本線,芳養,30,JR西日本
紀勢本線,南部,31,JR西日本
紀勢本線,岩代,32,JR西日本
紀勢本線,切目,33,JR西日本
紀勢本線,印南,34,JR西日本
紀勢本線,稲原,35,JR西日本
紀勢本線,和佐,36,JR西日本
紀勢本線,道成寺,37,JR西日本
紀勢本線,御坊,38,JR西日本
紀勢本線,紀伊内原,39,JR西日本
紀勢本線,紀伊由良,40,JR西日本
紀勢本線,広川ビーチ,41,JR西日本
紀勢本線,湯浅,42,JR西日本
紀勢本線,藤並,43,JR西日本
紀勢本線,紀伊宮原,44,JR西日本
紀勢本線,箕島,45,JR西日本
紀勢本線,初島,46,JR西日本
紀勢本線,下津,47,JR西日本
紀勢本線,加茂郷,48,JR西日本
紀勢本線,冷水浦,49,JR西日本
紀勢本線,海南,50,JR西日本
紀勢本線,黒江,51,JR西日本
紀勢本線,紀三井寺,52,JR西日本
紀勢本線,宮前,53,JR西日本
紀勢本線,和歌山,54,JR西日本
紀勢本線,紀和,55,JR西日本
紀勢本線,和歌山市,56,JR西日本
参宮線,多気,1,JR東海
参宮線,外城田,2,JR東海
参宮線,田丸,3,JR東海
参宮線,宮川,4,JR東海
参宮線,山田上口,5,JR東海
参宮線,伊勢市,6,JR東海
参宮線,五十鈴ヶ丘,7,JR東海
参宮線,二見浦,8,JR東海
参宮線,松下,9,JR東海
参宮線,鳥羽,10,JR東海
名松線,松阪,1,JR東海
名松線,上ノ庄,2,JR東海
名松線,権現前,3,JR東海
名松線,伊勢八太,4,JR東海
名松線,一志,5,JR東海
名松線,井関,6,JR東海
名松線,伊勢大井,7,JR東海
名松線,伊勢川口,8,JR東海
名松線,関ノ宮,9,JR東海
名松線,家城,10,JR東海
名松線,伊勢竹原,11,JR東海
名松線,伊勢鎌倉,12,JR東海
名松線,伊勢八知,13,JR東海
名松線,比津,14,JR東海
名松線,伊勢奥津,15,JR東海
飯田線,豊橋,1,JR東海
飯田線,船町,2,JR東海
飯田線,下地,3,JR東海
飯田線,小坂井,4,JR東海
飯田線,牛久保,5,JR東海
飯田線,豊川,6,JR東海
飯田線,三河一宮,7,JR東海
飯田線,長山,8,JR東海
飯田線,江島,9,JR東海
飯田線,東上,10,JR東海
飯田線,野田城,11,JR東海
飯田線,新城,12,JR東海
飯田線,東新町,13,JR東海
飯田線,茶臼山,14,JR東海
飯田線,三河東郷,15,JR東海
飯田線,大海,16,JR東海
飯田線,鳥居,17,JR東海
飯田線,長篠城,18,JR東海
飯田線,本長篠,19,JR東海
飯田線,三河大野,20,JR東海
飯田線,湯谷温泉,21,JR東海
飯田線,三河槙原,22,JR東海
飯田線,柿平,23,JR東海
飯田線,三河川合,24,JR東海
飯田線,池場,25,JR東海
飯田線,東栄,26,JR東海
飯田線,出馬,27,JR東海
飯田線,上市場,28,JR東海
飯田線,浦川,29,JR東海
飯田線,早瀬,30,JR東海
飯田線,下川合,31,JR東海
飯田線,中部天竜,32,JR東海
飯田線,佐久間,33,JR東海
飯田線,相月,34,JR東海
飯田線,城西,35,JR東海
飯田線,向市場,36,JR東海
飯田線,水窪,37,JR東海
飯田線,大嵐,38,JR東海
飯田線,小和田,39,JR東海
飯田線,中井侍,40,JR東海
飯田線,伊那小沢,41,JR東海
飯田線,鶯巣,42,JR東海
飯田線,平岡,43,JR東海
飯田線,為栗,44,JR東海
飯田線,温田,45,JR東海
飯田線,田本,46,JR東海
飯田線,門島,47,JR東海
飯田線,唐笠,48,JR東海
飯田線,金野,49,JR東海
飯田線,千代,50,JR東海
飯田線,天竜峡,51,JR東海
飯田線,川路,52,JR東海
飯田線,時又,53,JR東海
飯田線,駄科,54,JR東海
飯田線,毛賀,55,JR東海
飯田線,伊那八幡,56,JR東海
飯田線,下山村,57,JR東海
飯田線,鼎,58,JR東海
飯田線,切石,59,JR東海
飯田線,飯田,60,JR東海
飯田線,桜町,61,JR東海
飯田線,伊那上郷,62,JR東海
飯田線,元善光寺,63,JR東海
飯田線,下市田,64,JR東海
飯田線,市田,65,JR東海
飯田線,下平,66,JR東海
飯田線,山吹,67,JR東海
飯田線,伊那大島,68,JR東海
飯田線,上片桐,69,JR東海
飯田線,伊那田島,70,JR東海
飯田線,高遠原,71,JR東海
飯田線,七久保,72,JR東海
飯田線,伊那本郷,73,JR東海
飯田線,飯島,74,JR東海
飯田線,田切,75,JR東海
飯田線,伊那福岡,76,JR東海
飯田線,小町屋,77,JR東海
飯田線,駒ヶ根,78,JR東海
飯田線,大田切,79,JR東海
飯田線,宮田,80,JR東海
飯田線,赤木,81,JR東海
飯田線,沢渡,82,JR東海
飯田線,下島,83,JR東海
飯田線,伊那市,84,JR東海
飯田線,伊那北,85,JR東海
飯田線,田畑,86,JR東海
飯田線,北殿,87,JR東海
飯田線,木ノ下,88,JR東海
飯田線,伊那松島,89,JR東海
飯田線,沢,90,JR東海
飯田線,羽場,91,JR東海
飯田線,伊那新町,92,JR東海
飯田線,宮木,93,JR東海
飯田線,辰野,94,JR東海
身延線,富士,1,JR東海
身延線,柚木,2,JR東海
身延線,竪堀,3,JR東海
身延線,入山瀬,4,JR東海
身延線,富士根,5,JR東海
身延線,源道寺,6,JR東海
身延線,富士宮,7,JR東海
身延線,西富士宮,8,JR東海
身延線,沼久保,9,JR東海
身延線,芝川,10,JR東海
身延線,稲子,11,JR東海
身延線,十島,12,JR東海
身延線,井出,13,JR東海
身延線,寄畑,14,JR東海
身延線,内船,15,JR東海
身延線,甲斐大島,16,JR東海
身延線,身延,17,JR東海
身延線,塩之沢,18,JR東海
身延線,波高島,19,JR東海
身延線,下部温泉,20,JR東海
身延線,甲斐常葉,21,JR東海
身延線,一ノ瀬,22,JR東海
身延線,久那土,23,JR東海
身延線,甲斐岩間,24,JR東海
身延線,落居,25,JR東海
身延線,鰍沢口,26,JR東海
身延線,市川大門,27,JR東海
身延線,市川本町,28,JR東海
身延線,芦川,29,JR東海
身延線,甲斐上野,30,JR東海
身延線,東花輪,31,JR東海
身延線,小井川,32,JR東海
身延線,常永,33,JR東海
身延線,国母,34,JR東海
身延線,甲斐住吉,35,JR東海
身延線,南甲府,36,JR東海
身延線,善光寺,37,JR東海
身延線,金手,38,JR東海
身延線,甲府,39,JR東海
御殿場線,国府津,1,JR東海
御殿場線,下曽我,2,JR東海
御殿場線,上大井,3,JR東海
御殿場線,相模金子,4,JR東海
御殿場線,松田,5,JR東海
御殿場線,東山北,6,JR東海
御殿場線,山北,7,JR東海
御殿場線,谷峨,8,JR東海
御殿場線,駿河小山,9,JR東海
御殿場線,足柄,10,JR東海
御殿場線,御殿場,11,JR東海
御殿場線,南御殿場,12,JR東海
御殿場線,富士岡,13,JR東海
御殿場線,岩波,14,JR東海
御殿場線,裾野,15,JR東海
御殿場線,長泉なめり,16,JR東海
御殿場線,下土狩,17,JR東海
御殿場線,大岡,18,JR東海
御殿場線,沼津,19,JR東海
宗谷本線,旭川,1,JR北海道
宗谷本線,旭川四条,2,JR北海道
宗谷本線,新旭川,3,JR北海道
宗谷本線,永山,4,JR北海道
宗谷本線,北永山,5,JR北海道
宗谷本線,比布,6,JR北海道
宗谷本線,蘭留,7,JR北海道
宗谷本線,塩狩,8,JR北海道
宗谷本線,和寒,9,JR北海道
宗谷本線,剣淵,10,JR北海道
宗谷本線,士別,11,JR北海道
宗谷本線,多寄,12,JR北海道
宗谷本線,瑞穂,13,JR北海道
宗谷本線,風連,14,JR北海道
宗谷本線,名寄高校,15,JR北海道
宗谷本線,名寄,16,JR北海道
宗谷本線,日進,17,JR北海道
宗谷本線,智恵文,18,JR北海道
宗谷本線,智北,19,JR北海道
宗谷本線,美深,20,JR北海道
宗谷本線,天塩川温泉,21,JR北海道
宗谷本線,咲来,22,JR北海道
宗谷本線,音威子府,23,JR北海道
宗谷本線,筬島,24,JR北海道
宗谷本線,佐久,25,JR北海道
宗谷本線,天塩中川,26,JR北海道
宗谷本線,問寒別,27,JR北海道
宗谷本線,糠南,28,JR北海道
宗谷本線,幌延,29,JR北海道
宗谷本線,下沼,30,JR北海道
宗谷本線,豊富,31,JR北海道
宗谷本線,兜沼,32,JR北海道
宗谷本線,勇知,33,JR北海道
宗谷本線,南稚内,34,JR北海道
宗谷本線,稚内,35,JR北海道
石北本線,新旭川,1,JR北海道
石北本線,南永山,2,JR北海道
石北本線,東旭川,3,JR北海道
石北本線,桜岡,4,JR北海道
石北本線,当麻,5,JR北海道
石北本線,伊香牛,6,JR北海道
石北本線,愛別,7,JR北海道
石北本線,中愛別,8,JR北海道
石北本線,安足間,9,JR北海道
石北本線,上川,10,JR北海道
石北本線,白滝,11,JR北海道
石北本線,丸瀬布,12,JR北海道
石北本線,瀬戸瀬,13,JR北海道
石北本線,遠軽,14,JR北海道
石北本線,安国,15,JR北海道
石北本線,生田原,16,JR北海道
石北本線,西留辺蘂,17,JR北海道
石北本線,留辺蘂,18,JR北海道
石北本線,相内,19,JR北海道
石北本線,東相内,20,JR北海道
石北本線,西北見,21,JR北海道
石北本線,北見,22,JR北海道
石北本線,柏陽,23,JR北海道
石北本線,愛し野,24,JR北海道
石北本線,端野,25,JR北海道
石北本線,緋牛内,26,JR北海道
石北本線,美幌,27,JR北海道
石北本線,西女満別,28,JR北海道
石北本線,女満別,29,JR北海道
石北本線,呼人,30,JR北海道
石北本線,網走,31,JR北海道
釧網本線,東釧路,1,JR北海道
釧網本線,遠矢,2,JR北海道
釧網本線,釧路湿原,3,JR北海道
釧網本線,細岡,4,JR北海道
釧網本線,塘路,5,JR北海道
釧網本線,茅沼,6,JR北海道
釧網本線,標茶,7,JR北海道
釧網本線,磯分内,8,JR北海道
釧網本線,摩周,9,JR北海道
釧網本線,美留和,10,JR北海道
釧網本線,川湯温泉,11,JR北海道
釧網本線,緑,12,JR北海道
釧網本線,札弦,13,JR北海道
釧網本線,清里町,14,JR北海道
釧網本線,中斜里,15,JR北海道
釧網本線,知床斜里,16,JR北海道
釧網本線,止別,17,JR北海道
釧網本線,浜小清水,18,JR北海道
釧網本線,原生花園,19,JR北海道
釧網本線,北浜,20,JR北海道
釧網本線,藻琴,21,JR北海道
釧網本線,鱒浦,22,JR北海道
釧網本線,桂台,23,JR北海道
釧網本線,網走,24,JR北海道
函館本線,函館,1,JR北海道
函館本線,五稜郭,2,JR北海道
函館本線,桔梗,3,JR北海道
函館本線,大中山,4,JR北海道
函館本線,七飯,5,JR北海道
函館本線,新函館北斗,6,JR北海道
函館本線,大沼,7,JR北海道
函館本線,大沼公園,8,JR北海道
函館本線,赤井川,9,JR北海道
函館本線,駒ヶ岳,10,JR北海道
函館本線,森,11,JR北海道
函館本線,石倉,12,JR北海道
函館本線,落部,13,JR北海道
函館本線,野田生,14,JR北海道
函館本線,山越,15,JR北海道
函館本線,八雲,16,JR北海道
函館本線,山崎,17,JR北海道
函館本線,黒岩,18,JR北海道
函館本線,国縫,19,JR北海道
函館本線,長万部,20,JR北海道
函館本線,黒松内,21,JR北海道
函館本線,熱郛,22,JR北海道
函館本線,目名,23,JR北海道
函館本線,蘭越,24,JR北海道
函館本線,昆布,25,JR北海道
函館本線,ニセコ,26,JR北海道
函館本線,比羅夫,27,JR北海道
函館本線,倶知安,28,JR北海道
函館本線,小沢,29,JR北海道
函館本線,銀山,30,JR北海道
函館本線,然別,31,JR北海道
函館本線,仁木,32,JR北海道
函館本線,余市,33,JR北海道
函館本線,蘭島,34,JR北海道
函館本線,塩谷,35,JR北海道
函館本線,小樽,36,JR北海道
函館本線,南小樽,37,JR北海道
函館本線,小樽築港,38,JR北海道
函館本線,朝里,39,JR北海道
函館本線,銭函,40,JR北海道
函館本線,ほしみ,41,JR北海道
函館本線,星置,42,JR北海道
函館本線,稲穂,43,JR北海道
函館本線,手稲,44,JR北海道
函館本線,稲積公園,45,JR北海道
函館本線,発寒,46,JR北海道
函館本線,発寒中央,47,JR北海道
函館本線,琴似,48,JR北海道
函館本線,桑園,49,JR北海道
函館本線,札幌,50,JR北海道
函館本線,苗穂,51,JR北海道
函館本線,白石,52,JR北海道
函館本線,厚別,53,JR北海道
函館本線,森林公園,54,JR北海道
函館本線,大麻,55,JR北海道
函館本線,野幌,56,JR北海道
函館本線,高砂,57,JR北海道
函館本線,江別,58,JR北海道
函館本線,豊幌,59,JR北海道
函館本線,幌向,60,JR北海道
函館本線,上幌向,61,JR北海道
函館本線,岩見沢,62,JR北海道
函館本線,峰延,63,JR北海道
函館本線,光珠内,64,JR北海道
函館本線,美唄,65,JR北海道
函館本線,茶志内,66,JR北海道
函館本線,奈井江,67,JR北海道
函館本線,豊沼,68,JR北海道
函館本線,砂川,69,JR北海道
函館本線,滝川,70,JR北海道
函館本線,江部乙,71,JR北海道
函館本線,妹背牛,72,JR北海道
函館本線,深川,73,JR北海道
函館本線,納内,74,JR北海道
函館本線,近文,75,JR北海道
函館本線,旭川,76,JR北海道
函館本線砂原支線,大沼,1,JR北海道
函館本線砂原支線,鹿部,2,JR北海道
函館本線砂原支線,渡島沼尻,3,JR北海道
函館本線砂原支線,渡島砂原,4,JR北海道
函館本線砂原支線,掛澗,5,JR北海道
函館本線砂原支線,尾白内,6,JR北海道
函館本線砂原支線,東森,7,JR北海道
函館本線砂原支線,森,8,JR北海道
富良野線,旭川,1,JR北海道
富良野線,神楽岡,2,JR北海道
富良野線,緑が丘,3,JR北海道
富良野線,西御料,4,JR北海道
富良野線,西瑞穂,5,JR北海道
富良野線,西神楽,6,JR北海道
富良野線,西聖和,7,JR北海道
富良野線,千代ヶ岡,8,JR北海道
富良野線,北美瑛,9,JR北海道
富良野線,美瑛,10,JR北海道
富良野線,美馬牛,11,JR北海道
富良野線,上富良野,12,JR北海道
富良野線,西中,13,JR北海道
富良野線,ラベンダー畑,14,JR北海道
富良野線,中富良野,15,JR北海道
富良野線,鹿討,16,JR北海道
富良野線,学田,17,JR北海道
富良野線,富良野,18,JR北海道
根室本線（滝川～富良野）,滝川,1,JR北海道
根室本線（滝川～富良野）,赤平,2,JR北海道
根室本線（滝川～富良野）,茂尻,3,JR北海道
根室本線（滝川～富良野）,平岸,4,JR北海道
根室本線（滝川～富良野）,芦別,5,JR北海道
根室本線（滝川～富良野）,上芦別,6,JR北海道
根室本線（滝川～富良野）,野花南,7,JR北海道
根室本線（滝川～富良野）,富良野,8,JR北海道
根室本線（新得～根室）,新得,1,JR北海道
根室本線（新得～根室）,十勝清水,2,JR北海道
根室本線（新得～根室）,御影,3,JR北海道
根室本線（新得～根室）,芽室,4,JR北海道
根室本線（新得～根室）,大成,5,JR北海道
根室本線（新得～根室）,西帯広,6,JR北海道
根室本線（新得～根室）,柏林台,7,JR北海道
根室本線（新得～根室）,帯広,8,JR北海道
根室本線（新得～根室）,札内,9,JR北海道
根室本線（新得～根室）,幕別,10,JR北海道
根室本線（新得～根室）,利別,11,JR北海道
根室本線（新得～根室）,池田,12,JR北海道
根室本線（新得～根室）,十弗,13,JR北海道
根室本線（新得～根室）,豊頃,14,JR北海道
根室本線（新得～根室）,新吉野,15,JR北海道
根室本線（新得～根室）,浦幌,16,JR北海道
根室本線（新得～根室）,厚内,17,JR北海道
根室本線（新得～根室）,音別,18,JR北海道
根室本線（新得～根室）,白糠,19,JR北海道
根室本線（新得～根室）,西庶路,20,JR北海道
根室本線（新得～根室）,庶路,21,JR北海道
根室本線（新得～根室）,大楽毛,22,JR北海道
根室本線（新得～根室）,新大楽毛,23,JR北海道
根室本線（新得～根室）,新富士,24,JR北海道
根室本線（新得～根室）,釧路,25,JR北海道
根室本線（新得～根室）,東釧路,26,JR北海道
根室本線（新得～根室）,武佐,27,JR北海道
根室本線（新得～根室）,別保,28,JR北海道
根室本線（新得～根室）,上尾幌,29,JR北海道
根室本線（新得～根室）,尾幌,30,JR北海道
根室本線（新得～根室）,門静,31,JR北海道
根室本線（新得～根室）,厚岸,32,JR北海道
根室本線（新得～根室）,茶内,33,JR北海道
根室本線（新得～根室）,浜中,34,JR北海道
根室本線（新得～根室）,姉別,35,JR北海道
根室本線（新得～根室）,厚床,36,JR北海道
根室本線（新得～根室）,別当賀,37,JR北海道
根室本線（新得～根室）,落石,38,JR北海道
根室本線（新得～根室）,昆布盛,39,JR北海道
根室本線（新得～根室）,西和田,40,JR北海道
根室本線（新得～根室）,根室,41,JR北海道
室蘭本線,長万部,1,JR北海道
室蘭本線,静狩,2,JR北海道
室蘭本線,小幌,3,JR北海道
室蘭本線,礼文,4,JR北海道
室蘭本線,大岸,5,JR北海道
室蘭本線,豊浦,6,JR北海道
室蘭本線,洞爺,7,JR北海道
室蘭本線,有珠,8,JR北海道
室蘭本線,長和,9,JR北海道
室蘭本線,伊達紋別,10,JR北海道
室蘭本線,北舟岡,11,JR北海道
室蘭本線,稀府,12,JR北海道
室蘭本線,黄金,13,JR北海道
室蘭本線,崎守,14,JR北海道
室蘭本線,本輪西,15,JR北海道
室蘭本線,東室蘭,16,JR北海道
室蘭本線,鷲別,17,JR北海道
室蘭本線,幌別,18,JR北海道
室蘭本線,富浦,19,JR北海道
室蘭本線,登別,20,JR北海道
室蘭本線,虎杖浜,21,JR北海道
室蘭本線,竹浦,22,JR北海道
室蘭本線,北吉原,23,JR北海道
室蘭本線,萩野,24,JR北海道
室蘭本線,白老,25,JR北海道
室蘭本線,社台,26,JR北海道
室蘭本線,錦岡,27,JR北海道
室蘭本線,糸井,28,JR北海道
室蘭本線,青葉,29,JR北海道
室蘭本線,苫小牧,30,JR北海道
室蘭本線,沼ノ端,31,JR北海道
室蘭本線,遠浅,32,JR北海道
室蘭本線,早来,33,JR北海道
室蘭本線,安平,34,JR北海道
室蘭本線,追分,35,JR北海道
室蘭本線,三川,36,JR北海道
室蘭本線,古山,37,JR北海道
室蘭本線,由仁,38,JR北海道
室蘭本線,栗山,39,JR北海道
室蘭本線,栗丘,40,JR北海道
室蘭本線,栗沢,41,JR北海道
室蘭本線,志文,42,JR北海道
室蘭本線,岩見沢,43,JR北海道
室蘭本線支線,室蘭,1,JR北海道
室蘭本線支線,母恋,2,JR北海道
室蘭本線支線,御崎,3,JR北海道
室蘭本線支線,輪西,4,JR北海道
室蘭本線支線,東室蘭,5,JR北海道
千歳線,沼ノ端,1,JR北海道
千歳線,植苗,2,JR北海道
千歳線,南千歳,3,JR北海道
千歳線,千歳,4,JR北海道
千歳線,長都,5,JR北海道
千歳線,サッポロビール庭園,6,JR北海道
千歳線,恵庭,7,JR北海道
千歳線,恵み野,8,JR北海道
千歳線,島松,9,JR北海道
千歳線,北広島,10,JR北海道
千歳線,上野幌,11,JR北海道
千歳線,新札幌,12,JR北海道
千歳線,平和,13,JR北海道
千歳線,白石,14,JR北海道
千歳線支線,新千歳空港,1,JR北海道
千歳線支線,南千歳,2,JR北海道
札沼線,桑園,1,JR北海道
札沼線,八軒,2,JR北海道
札沼線,新川,3,JR北海道
札沼線,新琴似,4,JR北海道
札沼線,太平,5,JR北海道
札沼線,百合が原,6,JR北海道
札沼線,篠路,7,JR北海道
札沼線,拓北,8,JR北海道
札沼線,あいの里教育大,9,JR北海道
札沼線,あいの里公園,10,JR北海道
札沼線,ロイズタウン,11,JR北海道
札沼線,太美,12,JR北海道
札沼線,当別,13,JR北海道
札沼線,北海道医療大学,14,JR北海道
石勝線,南千歳,1,JR北海道
石勝線,追分,2,JR北海道
石勝線,川端,3,JR北海道
石勝線,新夕張,4,JR北海道
石勝線,占冠,5,JR北海道
石勝線,トマム,6,JR北海道
石勝線,新得,7,JR北海道
日高本線,苫小牧,1,JR北海道
日高本線,勇払,2,JR北海道
日高本線,浜厚真,3,JR北海道
日高本線,鵡川,4,JR北海道
津軽線,青森,1,JR東日本
津軽線,油川,2,JR東日本
津軽線,津軽宮田,3,JR東日本
津軽線,奥内,4,JR東日本
津軽線,左堰,5,JR東日本
津軽線,後潟,6,JR東日本
津軽線,中沢,7,JR東日本
津軽線,蓬田,8,JR東日本
津軽線,郷沢,9,JR東日本
津軽線,瀬辺地,10,JR東日本
津軽線,蟹田,11,JR東日本
津軽線,中小国,12,JR東日本
津軽線,大平,13,JR東日本
津軽線,津軽二股,14,JR東日本
津軽線,大川平,15,JR東日本
津軽線,今別,16,JR東日本
津軽線,津軽浜名,17,JR東日本
津軽線,三厩,18,JR東日本
東北本線,東京,1,JR東日本
東北本線,神田,2,JR東日本
東北本線,秋葉原,3,JR東日本
東北本線,御徒町,4,JR東日本
東北本線,上野,5,JR東日本
東北本線,鶯谷,6,JR東日本
東北本線,日暮里,7,JR東日本
東北本線,西日暮里,8,JR東日本
東北本線,田端,9,JR東日本
東北本線,上中里,10,JR東日本
東北本線,王子,11,JR東日本
東北本線,東十条,12,JR東日本
東北本線,赤羽,13,JR東日本
東北本線,川口,14,JR東日本
東北本線,西川口,15,JR東日本
東北本線,蕨,16,JR東日本
東北本線,南浦和,17,JR東日本
東北本線,浦和,18,JR東日本
東北本線,北浦和,19,JR東日本
東北本線,与野,20,JR東日本
東北本線,さいたま新都心,21,JR東日本
東北本線,大宮,22,JR東日本
東北本線,土呂,23,JR東日本
東北本線,東大宮,24,JR東日本
東北本線,蓮田,25,JR東日本
東北本線,白岡,26,JR東日本
東北本線,新白岡,27,JR東日本
東北本線,久喜,28,JR東日本
東北本線,東鷲宮,29,JR東日本
東北本線,栗橋,30,JR東日本
東北本線,古河,31,JR東日本
東北本線,野木,32,JR東日本
東北本線,間々田,33,JR東日本
東北本線,小山,34,JR東日本
東北本線,小金井,35,JR東日本
東北本線,自治医大,36,JR東日本
東北本線,石橋,37,JR東日本
東北本線,雀宮,38,JR東日本
東北本線,宇都宮,39,JR東日本
東北本線,岡本,40,JR東日本
東北本線,宝積寺,41,JR東日本
東北本線,氏家,42,JR東日本
東北本線,蒲須坂,43,JR東日本
東北本線,片岡,44,JR東日本
東北本線,矢板,45,JR東日本
東北本線,野崎,46,JR東日本
東北本線,西那須野,47,JR東日本
東北本線,那須塩原,48,JR東日本
東北本線,黒磯,49,JR東日本
東北本線,高久,50,JR東日本
東北本線,黒田原,51,JR東日本
東北本線,豊原,52,JR東日本
東北本線,白坂,53,JR東日本
東北本線,新白河,54,JR東日本
東北本線,白河,55,JR東日本
東北本線,久田野,56,JR東日本
東北本線,泉崎,57,JR東日本
東北本線,矢吹,58,JR東日本
東北本線,鏡石,59,JR東日本
東北本線,須賀川,60,JR東日本
東北本線,安積永盛,61,JR東日本
東北本線,郡山,62,JR東日本
東北本線,日和田,63,JR東日本
東北本線,五百川,64,JR東日本
東北本線,本宮,65,JR東日本
東北本線,杉田,66,JR東日本
東北本線,二本松,67,JR東日本
東北本線,安達,68,JR東日本
東北本線,松川,69,JR東日本
東北本線,金谷川,70,JR東日本
東北本線,南福島,71,JR東日本
東北本線,福島,72,JR東日本
東北本線,東福島,73,JR東日本
東北本線,伊達,74,JR東日本
東北本線,桑折,75,JR東日本
東北本線,藤田,76,JR東日本
東北本線,貝田,77,JR東日本
東北本線,越河,78,JR東日本
東北本線,白石,79,JR東日本
東北本線,東白石,80,JR東日本
東北本線,北白川,81,JR東日本
東北本線,大河原,82,JR東日本
東北本線,船岡,83,JR東日本
東北本線,槻木,84,JR東日本
東北本線,岩沼,85,JR東日本
東北本線,館腰,86,JR東日本
東北本線,名取,87,JR東日本
東北本線,南仙台,88,JR東日本
東北本線,太子堂,89,JR東日本
東北本線,長町,90,JR東日本
東北本線,仙台,91,JR東日本
東北本線,東仙台,92,JR東日本
東北本線,岩切,93,JR東日本
東北本線,陸前山王,94,JR東日本
東北本線,国府多賀城,95,JR東日本
東北本線,塩釜,96,JR東日本
東北本線,松島,97,JR東日本
東北本線,愛宕,98,JR東日本
東北本線,品井沼,99,JR東日本
東北本線,鹿島台,100,JR東日本
東北本線,松山町,101,JR東日本
東北本線,小牛田,102,JR東日本
東北本線,田尻,103,JR東日本
東北本線,瀬峰,104,JR東日本
東北本線,梅ヶ沢,105,JR東日本
東北本線,新田,106,JR東日本
東北本線,石越,107,JR東日本
東北本線,油島,108,JR東日本
東北本線,花泉,109,JR東日本
東北本線,清水原,110,JR東日本
東北本線,有壁,111,JR東日本
東北本線,一ノ関,112,JR東日本
東北本線,山ノ目,113,JR東日本
東北本線,平泉,114,JR東日本
東北本線,前沢,115,JR東日本
東北本線,陸中折居,116,JR東日本
東北本線,水沢,117,JR東日本
東北本線,金ヶ崎,118,JR東日本
東北本線,六原,119,JR東日本
東北本線,北上,120,JR東日本
東北本線,村崎野,121,JR東日本
東北本線,花巻,122,JR東日本
東北本線,花巻空港,123,JR東日本
東北本線,石鳥谷,124,JR東日本
東北本線,日詰,125,JR東日本
東北本線,紫波中央,126,JR東日本
東北本線,古舘,127,JR東日本
東北本線,矢幅,128,JR東日本
東北本線,岩手飯岡,129,JR東日本
東北本線,仙北町,130,JR東日本
東北本線,盛岡,131,JR東日本
東北本線支線１,日暮里,1,JR東日本
東北本線支線１,尾久,2,JR東日本
東北本線支線１,赤羽,3,JR東日本
東北本線支線２,赤羽,1,JR東日本
東北本線支線２,北赤羽,2,JR東日本
東北本線支線２,浮間舟渡,3,JR東日本
東北本線支線２,戸田公園,4,JR東日本
東北本線支線２,戸田,5,JR東日本
東北本線支線２,北戸田,6,JR東日本
東北本線支線２,武蔵浦和,7,JR東日本
東北本線支線２,中浦和,8,JR東日本
東北本線支線２,南与野,9,JR東日本
東北本線支線２,与野本町,10,JR東日本
東北本線支線２,北与野,11,JR東日本
東北本線支線２,大宮,12,JR東日本
東北本線利府支線,岩切,1,JR東日本
東北本線利府支線,新利府,2,JR東日本
東北本線利府支線,利府,3,JR東日本
東北本線支線３,松島,1,JR東日本
東北本線支線３,高城町,2,JR東日本
奥羽本線,福島,1,JR東日本
奥羽本線,笹木野,2,JR東日本
奥羽本線,庭坂,3,JR東日本
奥羽本線,板谷,4,JR東日本
奥羽本線,峠,5,JR東日本
奥羽本線,大沢,6,JR東日本
奥羽本線,関根,7,JR東日本
奥羽本線,米沢,8,JR東日本
奥羽本線,置賜,9,JR東日本
奥羽本線,高畠,10,JR東日本
奥羽本線,赤湯,11,JR東日本
奥羽本線,中川,12,JR東日本
奥羽本線,羽前中山,13,JR東日本
奥羽本線,かみのやま温泉,14,JR東日本
奥羽本線,茂吉記念館前,15,JR東日本
奥羽本線,蔵王,16,JR東日本
奥羽本線,山形,17,JR東日本
奥羽本線,北山形,18,JR東日本
奥羽本線,羽前千歳,19,JR東日本
奥羽本線,南出羽,20,JR東日本
奥羽本線,漆山,21,JR東日本
奥羽本線,高擶,22,JR東日本
奥羽本線,天童南,23,JR東日本
奥羽本線,天童,24,JR東日本
奥羽本線,乱川,25,JR東日本
奥羽本線,神町,26,JR東日本
奥羽本線,さくらんぼ東根,27,JR東日本
奥羽本線,東根,28,JR東日本
奥羽本線,村山,29,JR東日本
奥羽本線,袖崎,30,JR東日本
奥羽本線,大石田,31,JR東日本
奥羽本線,北大石田,32,JR東日本
奥羽本線,芦沢,33,JR東日本
奥羽本線,舟形,34,JR東日本
奥羽本線,新庄,35,JR東日本
奥羽本線,泉田,36,JR東日本
奥羽本線,羽前豊里,37,JR東日本
奥羽本線,真室川,38,JR東日本
奥羽本線,釜淵,39,JR東日本
奥羽本線,大滝,40,JR東日本
奥羽本線,及位,41,JR東日本
奥羽本線,院内,42,JR東日本
奥羽本線,横堀,43,JR東日本
奥羽本線,三関,44,JR東日本
奥羽本線,上湯沢,45,JR東日本
奥羽本線,湯沢,46,JR東日本
奥羽本線,下湯沢,47,JR東日本
奥羽本線,十文字,48,JR東日本
奥羽本線,醍醐,49,JR東日本
奥羽本線,柳田,50,JR東日本
奥羽本線,横手,51,JR東日本
奥羽本線,後三年,52,JR東日本
奥羽本線,飯詰,53,JR東日本
奥羽本線,大曲,54,JR東日本
奥羽本線,神宮寺,55,JR東日本
奥羽本線,刈和野,56,JR東日本
奥羽本線,峰吉川,57,JR東日本
奥羽本線,羽後境,58,JR東日本
奥羽本線,大張野,59,JR東日本
奥羽本線,和田,60,JR東日本
奥羽本線,四ツ小屋,61,JR東日本
奥羽本線,秋田,62,JR東日本
奥羽本線,泉外旭川,63,JR東日本
奥羽本線,土崎,64,JR東日本
奥羽本線,上飯島,65,JR東日本
奥羽本線,追分,66,JR東日本
奥羽本線,大久保,67,JR東日本
奥羽本線,羽後飯塚,68,JR東日本
奥羽本線,井川さくら,69,JR東日本
奥羽本線,八郎潟,70,JR東日本
奥羽本線,鯉川,71,JR東日本
奥羽本線,鹿渡,72,JR東日本
奥羽本線,森岳,73,JR東日本
奥羽本線,北金岡,74,JR東日本
奥羽本線,東能代,75,JR東日本
奥羽本線,鶴形,76,JR東日本
奥羽本線,富根,77,JR東日本
奥羽本線,二ツ井,78,JR東日本
奥羽本線,前山,79,JR東日本
奥羽本線,鷹ノ巣,80,JR東日本
奥羽本線,糠沢,81,JR東日本
奥羽本線,早口,82,JR東日本
奥羽本線,下川沿,83,JR東日本
奥羽本線,大館,84,JR東日本
奥羽本線,白沢,85,JR東日本
奥羽本線,陣場,86,JR東日本
奥羽本線,津軽湯の沢,87,JR東日本
奥羽本線,碇ヶ関,88,JR東日本
奥羽本線,長峰,89,JR東日本
奥羽本線,大鰐温泉,90,JR東日本
奥羽本線,石川,91,JR東日本
奥羽本線,弘前,92,JR東日本
奥羽本線,撫牛子,93,JR東日本
奥羽本線,川部,94,JR東日本
奥羽本線,北常盤,95,JR東日本
奥羽本線,浪岡,96,JR東日本
奥羽本線,大釈迦,97,JR東日本
奥羽本線,鶴ヶ坂,98,JR東日本
奥羽本線,津軽新城,99,JR東日本
奥羽本線,新青森,100,JR東日本
奥羽本線,青森,101,JR東日本
五能線,東能代,1,JR東日本
五能線,能代,2,JR東日本
五能線,向能代,3,JR東日本
五能線,北能代,4,JR東日本
五能線,鳥形,5,JR東日本
五能線,沢目,6,JR東日本
五能線,東八森,7,JR東日本
五能線,八森,8,JR東日本
五能線,滝ノ間,9,JR東日本
五能線,あきた白神,10,JR東日本
五能線,岩舘,11,JR東日本
五能線,大間越,12,JR東日本
五能線,白神岳登山口,13,JR東日本
五能線,松神,14,JR東日本
五能線,十二湖,15,JR東日本
五能線,陸奥岩崎,16,JR東日本
五能線,陸奥沢辺,17,JR東日本
五能線,ウェスパ椿山,18,JR東日本
五能線,艫作,19,JR東日本
五能線,横磯,20,JR東日本
五能線,深浦,21,JR東日本
五能線,広戸,22,JR東日本
五能線,追良瀬,23,JR東日本
五能線,驫木,24,JR東日本
五能線,風合瀬,25,JR東日本
五能線,大戸瀬,26,JR東日本
五能線,千畳敷,27,JR東日本
五能線,北金ヶ沢,28,JR東日本
五能線,陸奥柳田,29,JR東日本
五能線,陸奥赤石,30,JR東日本
五能線,鯵ヶ沢,31,JR東日本
五能線,鳴沢,32,JR東日本
五能線,越水,33,JR東日本
五能線,陸奥森田,34,JR東日本
五能線,中田,35,JR東日本
五能線,木造,36,JR東日本
五能線,五所川原,37,JR東日本
五能線,陸奥鶴田,38,JR東日本
五能線,鶴泊,39,JR東日本
五能線,板柳,40,JR東日本
五能線,林崎,41,JR東日本
五能線,藤崎,42,JR東日本
五能線,川部,43,JR東日本
大湊線,野辺地,1,JR東日本
大湊線,北野辺地,2,JR東日本
大湊線,有戸,3,JR東日本
大湊線,吹越,4,JR東日本
大湊線,陸奥横浜,5,JR東日本
大湊線,有畑,6,JR東日本
大湊線,近川,7,JR東日本
大湊線,金谷沢,8,JR東日本
大湊線,赤川,9,JR東日本
大湊線,下北,10,JR東日本
大湊線,大湊,11,JR東日本
八戸線,八戸,1,JR東日本
八戸線,長苗代,2,JR東日本
八戸線,本八戸,3,JR東日本
八戸線,小中野,4,JR東日本
八戸線,陸奥湊,5,JR東日本
八戸線,白銀,6,JR東日本
八戸線,鮫,7,JR東日本
八戸線,陸奥白浜,8,JR東日本
八戸線,種差海岸,9,JR東日本
八戸線,大久喜,10,JR東日本
八戸線,金浜,11,JR東日本
八戸線,大蛇,12,JR東日本
八戸線,階上,13,JR東日本
八戸線,角の浜,14,JR東日本
八戸線,平内,15,JR東日本
八戸線,種市,16,JR東日本
八戸線,玉川,17,JR東日本
八戸線,宿戸,18,JR東日本
八戸線,陸中八木,19,JR東日本
八戸線,有家,20,JR東日本
八戸線,陸中中野,21,JR東日本
八戸線,侍浜,22,JR東日本
八戸線,陸中夏井,23,JR東日本
八戸線,久慈,24,JR東日本
花輪線,好摩,1,JR東日本
花輪線,東大更,2,JR東日本
花輪線,大更,3,JR東日本
花輪線,平館,4,JR東日本
花輪線,北森,5,JR東日本
花輪線,松尾八幡平,6,JR東日本
花輪線,安比高原,7,JR東日本
花輪線,赤坂田,8,JR東日本
花輪線,小屋の畑,9,JR東日本
花輪線,荒屋新町,10,JR東日本
花輪線,横間,11,JR東日本
花輪線,田山,12,JR東日本
花輪線,兄畑,13,JR東日本
花輪線,湯瀬温泉,14,JR東日本
花輪線,八幡平,15,JR東日本
花輪線,陸中大里,16,JR東日本
花輪線,鹿角花輪,17,JR東日本
花輪線,柴平,18,JR東日本
花輪線,十和田南,19,JR東日本
花輪線,末広,20,JR東日本
花輪線,土深井,21,JR東日本
花輪線,沢尻,22,JR東日本
花輪線,十二所,23,JR東日本
花輪線,大滝温泉,24,JR東日本
花輪線,扇田,25,JR東日本
花輪線,東大館,26,JR東日本
花輪線,大館,27,JR東日本
男鹿線,追分,1,JR東日本
男鹿線,出戸浜,2,JR東日本
男鹿線,上二田,3,JR東日本
男鹿線,二田,4,JR東日本
男鹿線,天王,5,JR東日本
男鹿線,船越,6,JR東日本
男鹿線,脇本,7,JR東日本
男鹿線,羽立,8,JR東日本
男鹿線,男鹿,9,JR東日本
田沢湖線,盛岡,1,JR東日本
田沢湖線,前潟,2,JR東日本
田沢湖線,大釜,3,JR東日本
田沢湖線,小岩井,4,JR東日本
田沢湖線,雫石,5,JR東日本
田沢湖線,春木場,6,JR東日本
田沢湖線,赤渕,7,JR東日本
田沢湖線,田沢湖,8,JR東日本
田沢湖線,刺巻,9,JR東日本
田沢湖線,神代,10,JR東日本
田沢湖線,生田,11,JR東日本
田沢湖線,角館,12,JR東日本
田沢湖線,鶯野,13,JR東日本
田沢湖線,羽後長野,14,JR東日本
田沢湖線,鑓見内,15,JR東日本
田沢湖線,羽後四ツ屋,16,JR東日本
田沢湖線,北大曲,17,JR東日本
田沢湖線,大曲,18,JR東日本
山田線,盛岡,1,JR東日本
山田線,上盛岡,2,JR東日本
山田線,山岸,3,JR東日本
山田線,上米内,4,JR東日本
山田線,区界,5,JR東日本
山田線,松草,6,JR東日本
山田線,川内,7,JR東日本
山田線,箱石,8,JR東日本
山田線,陸中川井,9,JR東日本
山田線,腹帯,10,JR東日本
山田線,茂市,11,JR東日本
山田線,蟇目,12,JR東日本
山田線,花原市,13,JR東日本
山田線,千徳,14,JR東日本
山田線,宮古,15,JR東日本
羽越本線,新津,1,JR東日本
羽越本線,京ヶ瀬,2,JR東日本
羽越本線,水原,3,JR東日本
羽越本線,神山,4,JR東日本
羽越本線,月岡,5,JR東日本
羽越本線,中浦,6,JR東日本
羽越本線,新発田,7,JR東日本
羽越本線,加治,8,JR東日本
羽越本線,金塚,9,JR東日本
羽越本線,中条,10,JR東日本
羽越本線,平木田,11,JR東日本
羽越本線,坂町,12,JR東日本
羽越本線,平林,13,JR東日本
羽越本線,岩船町,14,JR東日本
羽越本線,村上,15,JR東日本
羽越本線,間島,16,JR東日本
羽越本線,越後早川,17,JR東日本
羽越本線,桑川,18,JR東日本
羽越本線,今川,19,JR東日本
羽越本線,越後寒川,20,JR東日本
羽越本線,勝木,21,JR東日本
羽越本線,府屋,22,JR東日本
羽越本線,鼠ヶ関,23,JR東日本
羽越本線,小岩川,24,JR東日本
羽越本線,あつみ温泉,25,JR東日本
羽越本線,五十川,26,JR東日本
羽越本線,小波渡,27,JR東日本
羽越本線,三瀬,28,JR東日本
羽越本線,羽前水沢,29,JR東日本
羽越本線,羽前大山,30,JR東日本
羽越本線,鶴岡,31,JR東日本
羽越本線,藤島,32,JR東日本
羽越本線,西袋,33,JR東日本
羽越本線,余目,34,JR東日本
羽越本線,北余目,35,JR東日本
羽越本線,砂越,36,JR東日本
羽越本線,東酒田,37,JR東日本
羽越本線,酒田,38,JR東日本
羽越本線,本楯,39,JR東日本
羽越本線,南鳥海,40,JR東日本
羽越本線,遊佐,41,JR東日本
羽越本線,吹浦,42,JR東日本
羽越本線,女鹿,43,JR東日本
羽越本線,小砂川,44,JR東日本
羽越本線,上浜,45,JR東日本
羽越本線,象潟,46,JR東日本
羽越本線,金浦,47,JR東日本
羽越本線,仁賀保,48,JR東日本
羽越本線,西目,49,JR東日本
羽越本線,羽後本荘,50,JR東日本
羽越本線,羽後岩谷,51,JR東日本
羽越本線,折渡,52,JR東日本
羽越本線,羽後亀田,53,JR東日本
羽越本線,岩城みなと,54,JR東日本
羽越本線,道川,55,JR東日本
羽越本線,下浜,56,JR東日本
羽越本線,桂根,57,JR東日本
羽越本線,新屋,58,JR東日本
羽越本線,羽後牛島,59,JR東日本
羽越本線,秋田,60,JR東日本
釜石線,花巻,1,JR東日本
釜石線,似内,2,JR東日本
釜石線,新花巻,3,JR東日本
釜石線,小山田,4,JR東日本
釜石線,土沢,5,JR東日本
釜石線,晴山,6,JR東日本
釜石線,岩根橋,7,JR東日本
釜石線,宮守,8,JR東日本
釜石線,柏木平,9,JR東日本
釜石線,鱒沢,10,JR東日本
釜石線,荒谷前,11,JR東日本
釜石線,岩手二日町,12,JR東日本
釜石線,綾織,13,JR東日本
釜石線,遠野,14,JR東日本
釜石線,青笹,15,JR東日本
釜石線,岩手上郷,16,JR東日本
釜石線,平倉,17,JR東日本
釜石線,足ヶ瀬,18,JR東日本
釜石線,上有住,19,JR東日本
釜石線,陸中大橋,20,JR東日本
釜石線,洞泉,21,JR東日本
釜石線,松倉,22,JR東日本
釜石線,小佐野,23,JR東日本
釜石線,釜石,24,JR東日本
北上線,北上,1,JR東日本
北上線,柳原,2,JR東日本
北上線,江釣子,3,JR東日本
北上線,藤根,4,JR東日本
北上線,立川目,5,JR東日本
北上線,横川目,6,JR東日本
北上線,岩沢,7,JR東日本
北上線,和賀仙人,8,JR東日本
北上線,ゆだ錦秋湖,9,JR東日本
北上線,ほっとゆだ,10,JR東日本
北上線,ゆだ高原,11,JR東日本
北上線,黒沢,12,JR東日本
北上線,小松川,13,JR東日本
北上線,相野々,14,JR東日本
北上線,横手,15,JR東日本
大船渡線,一ノ関,1,JR東日本
大船渡線,真滝,2,JR東日本
大船渡線,陸中門崎,3,JR東日本
大船渡線,岩ノ下,4,JR東日本
大船渡線,陸中松川,5,JR東日本
大船渡線,猊鼻渓,6,JR東日本
大船渡線,芝宿,7,JR東日本
大船渡線,摺沢,8,JR東日本
大船渡線,千厩,9,JR東日本
大船渡線,小梨,10,JR東日本
大船渡線,矢越,11,JR東日本
大船渡線,折壁,12,JR東日本
大船渡線,新月,13,JR東日本
大船渡線,気仙沼,14,JR東日本
大船渡線BRT,気仙沼,1,JR東日本
大船渡線BRT,内湾入口（八日町）,2,JR東日本
大船渡線BRT,鹿折唐桑,3,JR東日本
大船渡線BRT,八幡大橋（東陵高校）,4,JR東日本
大船渡線BRT,上鹿折,5,JR東日本
大船渡線BRT,唐桑大沢,6,JR東日本
大船渡線BRT,長部,7,JR東日本
大船渡線BRT,陸前矢作,8,JR東日本
大船渡線BRT,陸前今泉,9,JR東日本
大船渡線BRT,奇跡の一本松,10,JR東日本
大船渡線BRT,道の駅高田松原,11,JR東日本
大船渡線BRT,竹駒,12,JR東日本
大船渡線BRT,栃ヶ沢公園,13,JR東日本
大船渡線BRT,陸前高田,14,JR東日本
大船渡線BRT,高田高校前,15,JR東日本
大船渡線BRT,高田病院,16,JR東日本
大船渡線BRT,脇ノ沢,17,JR東日本
大船渡線BRT,西下,18,JR東日本
大船渡線BRT,小友,19,JR東日本
大船渡線BRT,碁石海岸口,20,JR東日本
大船渡線BRT,細浦,21,JR東日本
大船渡線BRT,大船渡丸森,22,JR東日本
大船渡線BRT,下船渡,23,JR東日本
大船渡線BRT,大船渡魚市場前,24,JR東日本
大船渡線BRT,大船渡,25,JR東日本
大船渡線BRT,地ノ森,26,JR東日本
大船渡線BRT,田茂山,27,JR東日本
大船渡線BRT,盛,28,JR東日本
気仙沼線,前谷地,1,JR東日本
気仙沼線,和渕,2,JR東日本
気仙沼線,のの岳,3,JR東日本
気仙沼線,陸前豊里,4,JR東日本
気仙沼線,御岳堂,5,JR東日本
気仙沼線,柳津,6,JR東日本
気仙沼線BRT,前谷地,1,JR東日本
気仙沼線BRT,柳津,2,JR東日本
気仙沼線BRT,陸前横山,3,JR東日本
気仙沼線BRT,陸前戸倉,4,JR東日本
気仙沼線BRT,志津川,5,JR東日本
気仙沼線BRT,道の駅さんさん南三陸,6,JR東日本
気仙沼線BRT,南三陸町役場・病院前,7,JR東日本
気仙沼線BRT,志津川中央団地,8,JR東日本
気仙沼線BRT,清水浜,9,JR東日本
気仙沼線BRT,歌津,10,JR東日本
気仙沼線BRT,陸前港,11,JR東日本
気仙沼線BRT,蔵内,12,JR東日本
気仙沼線BRT,陸前小泉,13,JR東日本
気仙沼線BRT,本吉,14,JR東日本
気仙沼線BRT,小金沢,15,JR東日本
気仙沼線BRT,大谷海岸,16,JR東日本
気仙沼線BRT,道の駅大谷海岸,17,JR東日本
気仙沼線BRT,大谷まち,18,JR東日本
気仙沼線BRT,陸前階上,19,JR東日本
気仙沼線BRT,最知,20,JR東日本
気仙沼線BRT,岩月,21,JR東日本
気仙沼線BRT,松岩,22,JR東日本
気仙沼線BRT,赤岩港,23,JR東日本
気仙沼線BRT,気仙沼市立病院,24,JR東日本
気仙沼線BRT,南気仙沼,25,JR東日本
気仙沼線BRT,不動の沢,26,JR東日本
気仙沼線BRT,東新城,27,JR東日本
気仙沼線BRT,気仙沼,28,JR東日本
石巻線,小牛田,1,JR東日本
石巻線,上涌谷,2,JR東日本
石巻線,涌谷,3,JR東日本
石巻線,前谷地,4,JR東日本
石巻線,佳景山,5,JR東日本
石巻線,鹿又,6,JR東日本
石巻線,曽波神,7,JR東日本
石巻線,石巻,8,JR東日本
石巻線,陸前稲井,9,JR東日本
石巻線,渡波,10,JR東日本
石巻線,万石浦,11,JR東日本
石巻線,沢田,12,JR東日本
石巻線,浦宿,13,JR東日本
石巻線,女川,14,JR東日本
陸羽東線,小牛田,1,JR東日本
陸羽東線,北浦,2,JR東日本
陸羽東線,陸前谷地,3,JR東日本
陸羽東線,古川,4,JR東日本
陸羽東線,塚目,5,JR東日本
陸羽東線,西古川,6,JR東日本
陸羽東線,東大崎,7,JR東日本
陸羽東線,西大崎,8,JR東日本
陸羽東線,岩出山,9,JR東日本
陸羽東線,有備館,10,JR東日本
陸羽東線,上野目,11,JR東日本
陸羽東線,池月,12,JR東日本
陸羽東線,川渡温泉,13,JR東日本
陸羽東線,鳴子御殿湯,14,JR東日本
陸羽東線,鳴子温泉,15,JR東日本
陸羽東線,中山平温泉,16,JR東日本
陸羽東線,堺田,17,JR東日本
陸羽東線,赤倉温泉,18,JR東日本
陸羽東線,立小路,19,JR東日本
陸羽東線,最上,20,JR東日本
陸羽東線,大堀,21,JR東日本
陸羽東線,鵜杉,22,JR東日本
陸羽東線,瀬見温泉,23,JR東日本
陸羽東線,東長沢,24,JR東日本
陸羽東線,長沢,25,JR東日本
陸羽東線,南新庄,26,JR東日本
陸羽東線,新庄,27,JR東日本
陸羽西線,新庄,1,JR東日本
陸羽西線,升形,2,JR東日本
陸羽西線,羽前前波,3,JR東日本
陸羽西線,津谷,4,JR東日本
陸羽西線,古口,5,JR東日本
陸羽西線,高屋,6,JR東日本
陸羽西線,清川,7,JR東日本
陸羽西線,狩川,8,JR東日本
陸羽西線,南野,9,JR東日本
陸羽西線,余目,10,JR東日本
仙石線,あおば通,1,JR東日本
仙石線,仙台,2,JR東日本
仙石線,榴ヶ岡,3,JR東日本
仙石線,宮城野原,4,JR東日本
仙石線,陸前原ノ町,5,JR東日本
仙石線,苦竹,6,JR東日本
仙石線,小鶴新田,7,JR東日本
仙石線,福田町,8,JR東日本
仙石線,陸前高砂,9,JR東日本
仙石線,中野栄,10,JR東日本
仙石線,多賀城,11,JR東日本
仙石線,下馬,12,JR東日本
仙石線,西塩釜,13,JR東日本
仙石線,本塩釜,14,JR東日本
仙石線,東塩釜,15,JR東日本
仙石線,陸前浜田,16,JR東日本
仙石線,松島海岸,17,JR東日本
仙石線,高城町,18,JR東日本
仙石線,手樽,19,JR東日本
仙石線,陸前富山,20,JR東日本
仙石線,陸前大塚,21,JR東日本
仙石線,東名,22,JR東日本
仙石線,野蒜,23,JR東日本
仙石線,陸前小野,24,JR東日本
仙石線,鹿妻,25,JR東日本
仙石線,矢本,26,JR東日本
仙石線,東矢本,27,JR東日本
仙石線,陸前赤井,28,JR東日本
仙石線,石巻あゆみ野,29,JR東日本
仙石線,蛇田,30,JR東日本
仙石線,陸前山下,31,JR東日本
仙石線,石巻,32,JR東日本
仙山線,仙台,1,JR東日本
仙山線,東照宮,2,JR東日本
仙山線,北仙台,3,JR東日本
仙山線,北山,4,JR東日本
仙山線,東北福祉大前,5,JR東日本
仙山線,国見,6,JR東日本
仙山線,葛岡,7,JR東日本
仙山線,陸前落合,8,JR東日本
仙山線,愛子,9,JR東日本
仙山線,陸前白沢,10,JR東日本
仙山線,熊ヶ根,11,JR東日本
仙山線,作並,12,JR東日本
仙山線,奥新川,13,JR東日本
仙山線,面白山高原,14,JR東日本
仙山線,山寺,15,JR東日本
仙山線,高瀬,16,JR東日本
仙山線,楯山,17,JR東日本
仙山線,羽前千歳,18,JR東日本
左沢線,北山形,1,JR東日本
左沢線,東金井,2,JR東日本
左沢線,羽前山辺,3,JR東日本
左沢線,羽前金沢,4,JR東日本
左沢線,羽前長崎,5,JR東日本
左沢線,南寒河江,6,JR東日本
左沢線,寒河江,7,JR東日本
左沢線,西寒河江,8,JR東日本
左沢線,羽前高松,9,JR東日本
左沢線,柴橋,10,JR東日本
左沢線,左沢,11,JR東日本
常磐線,日暮里,1,JR東日本
常磐線,三河島,2,JR東日本
常磐線,南千住,3,JR東日本
常磐線,北千住,4,JR東日本
常磐線,綾瀬,5,JR東日本
常磐線,亀有,6,JR東日本
常磐線,金町,7,JR東日本
常磐線,松戸,8,JR東日本
常磐線,北松戸,9,JR東日本
常磐線,馬橋,10,JR東日本
常磐線,新松戸,11,JR東日本
常磐線,北小金,12,JR東日本
常磐線,南柏,13,JR東日本
常磐線,柏,14,JR東日本
常磐線,北柏,15,JR東日本
常磐線,我孫子,16,JR東日本
常磐線,天王台,17,JR東日本
常磐線,取手,18,JR東日本
常磐線,藤代,19,JR東日本
常磐線,龍ヶ崎市,20,JR東日本
常磐線,牛久,21,JR東日本
常磐線,ひたち野うしく,22,JR東日本
常磐線,荒川沖,23,JR東日本
常磐線,土浦,24,JR東日本
常磐線,神立,25,JR東日本
常磐線,高浜,26,JR東日本
常磐線,石岡,27,JR東日本
常磐線,羽鳥,28,JR東日本
常磐線,岩間,29,JR東日本
常磐線,友部,30,JR東日本
常磐線,内原,31,JR東日本
常磐線,赤塚,32,JR東日本
常磐線,偕楽園,33,JR東日本
常磐線,水戸,34,JR東日本
常磐線,勝田,35,JR東日本
常磐線,佐和,36,JR東日本
常磐線,東海,37,JR東日本
常磐線,大甕,38,JR東日本
常磐線,常陸多賀,39,JR東日本
常磐線,日立,40,JR東日本
常磐線,小木津,41,JR東日本
常磐線,十王,42,JR東日本
常磐線,高萩,43,JR東日本
常磐線,南中郷,44,JR東日本
常磐線,磯原,45,JR東日本
常磐線,大津港,46,JR東日本
常磐線,勿来,47,JR東日本
常磐線,植田,48,JR東日本
常磐線,泉,49,JR東日本
常磐線,湯本,50,JR東日本
常磐線,内郷,51,JR東日本
常磐線,いわき,52,JR東日本
常磐線,草野,53,JR東日本
常磐線,四ツ倉,54,JR東日本
常磐線,久ノ浜,55,JR東日本
常磐線,末続,56,JR東日本
常磐線,広野,57,JR東日本
常磐線,Jヴィレッジ,58,JR東日本
常磐線,木戸,59,JR東日本
常磐線,竜田,60,JR東日本
常磐線,富岡,61,JR東日本
常磐線,夜ノ森,62,JR東日本
常磐線,大野,63,JR東日本
常磐線,双葉,64,JR東日本
常磐線,浪江,65,JR東日本
常磐線,桃内,66,JR東日本
常磐線,小高,67,JR東日本
常磐線,磐城太田,68,JR東日本
常磐線,原ノ町,69,JR東日本
常磐線,鹿島,70,JR東日本
常磐線,日立木,71,JR東日本
常磐線,相馬,72,JR東日本
常磐線,駒ヶ嶺,73,JR東日本
常磐線,新地,74,JR東日本
常磐線,坂元,75,JR東日本
常磐線,山下,76,JR東日本
常磐線,浜吉田,77,JR東日本
常磐線,亘理,78,JR東日本
常磐線,逢隈,79,JR東日本
常磐線,岩沼,80,JR東日本
米坂線,米沢,1,JR東日本
米坂線,南米沢,2,JR東日本
米坂線,西米沢,3,JR東日本
米坂線,成島,4,JR東日本
米坂線,中郡,5,JR東日本
米坂線,羽前小松,6,JR東日本
米坂線,犬川,7,JR東日本
米坂線,今泉,8,JR東日本
米坂線,萩生,9,JR東日本
米坂線,羽前椿,10,JR東日本
米坂線,手ノ子,11,JR東日本
米坂線,羽前沼沢,12,JR東日本
米坂線,伊佐領,13,JR東日本
米坂線,羽前松岡,14,JR東日本
米坂線,小国,15,JR東日本
米坂線,越後金丸,16,JR東日本
米坂線,越後片貝,17,JR東日本
米坂線,越後下関,18,JR東日本
米坂線,越後大島,19,JR東日本
米坂線,坂町,20,JR東日本
磐越東線,いわき,1,JR東日本
磐越東線,赤井,2,JR東日本
磐越東線,小川郷,3,JR東日本
磐越東線,江田,4,JR東日本
磐越東線,川前,5,JR東日本
磐越東線,夏井,6,JR東日本
磐越東線,小野新町,7,JR東日本
磐越東線,神俣,8,JR東日本
磐越東線,菅谷,9,JR東日本
磐越東線,大越,10,JR東日本
磐越東線,磐城常葉,11,JR東日本
磐越東線,船引,12,JR東日本
磐越東線,要田,13,JR東日本
磐越東線,三春,14,JR東日本
磐越東線,舞木,15,JR東日本
磐越東線,郡山,16,JR東日本
磐越西線,郡山,1,JR東日本
磐越西線,郡山富田,2,JR東日本
磐越西線,喜久田,3,JR東日本
磐越西線,安子ヶ島,4,JR東日本
磐越西線,磐梯熱海,5,JR東日本
磐越西線,中山宿,6,JR東日本
磐越西線,上戸,7,JR東日本
磐越西線,猪苗代湖畔,8,JR東日本
磐越西線,関都,9,JR東日本
磐越西線,川桁,10,JR東日本
磐越西線,猪苗代,11,JR東日本
磐越西線,翁島,12,JR東日本
磐越西線,磐梯町,13,JR東日本
磐越西線,東長原,14,JR東日本
磐越西線,広田,15,JR東日本
磐越西線,会津若松,16,JR東日本
磐越西線,堂島,17,JR東日本
磐越西線,笈川,18,JR東日本
磐越西線,塩川,19,JR東日本
磐越西線,姥堂,20,JR東日本
磐越西線,会津豊川,21,JR東日本
磐越西線,喜多方,22,JR東日本
磐越西線,山都,23,JR東日本
磐越西線,荻野,24,JR東日本
磐越西線,尾登,25,JR東日本
磐越西線,野沢,26,JR東日本
磐越西線,上野沢,27,JR東日本
磐越西線,徳沢,28,JR東日本
磐越西線,豊実,29,JR東日本
磐越西線,日出谷,30,JR東日本
磐越西線,鹿瀬,31,JR東日本
磐越西線,津川,32,JR東日本
磐越西線,三川,33,JR東日本
磐越西線,五十島,34,JR東日本
磐越西線,東下条,35,JR東日本
磐越西線,咲花,36,JR東日本
磐越西線,馬下,37,JR東日本
磐越西線,猿和田,38,JR東日本
磐越西線,五泉,39,JR東日本
磐越西線,北五泉,40,JR東日本
磐越西線,新関,41,JR東日本
磐越西線,東新津,42,JR東日本
磐越西線,新津,43,JR東日本
只見線,会津若松,1,JR東日本
只見線,七日町,2,JR東日本
只見線,西若松,3,JR東日本
只見線,会津本郷,4,JR東日本
只見線,会津高田,5,JR東日本
只見線,根岸,6,JR東日本
只見線,新鶴,7,JR東日本
只見線,若宮,8,JR東日本
只見線,会津坂下,9,JR東日本
只見線,塔寺,10,JR東日本
只見線,会津坂本,11,JR東日本
只見線,会津柳津,12,JR東日本
只見線,郷戸,13,JR東日本
只見線,滝谷,14,JR東日本
只見線,会津桧原,15,JR東日本
只見線,会津西方,16,JR東日本
只見線,会津宮下,17,JR東日本
只見線,早戸,18,JR東日本
只見線,会津水沼,19,JR東日本
只見線,会津中川,20,JR東日本
只見線,会津川口,21,JR東日本
只見線,本名,22,JR東日本
只見線,会津越川,23,JR東日本
只見線,会津横田,24,JR東日本
只見線,会津大塩,25,JR東日本
只見線,会津蒲生,26,JR東日本
只見線,只見,27,JR東日本
只見線,大白川,28,JR東日本
只見線,入広瀬,29,JR東日本
只見線,上条,30,JR東日本
只見線,越後須原,31,JR東日本
只見線,魚沼田中,32,JR東日本
只見線,越後広瀬,33,JR東日本
只見線,薮神,34,JR東日本
只見線,小出,35,JR東日本
水郡線,水戸,1,JR東日本
水郡線,常陸青柳,2,JR東日本
水郡線,常陸津田,3,JR東日本
水郡線,後台,4,JR東日本
水郡線,下菅谷,5,JR東日本
水郡線,中菅谷,6,JR東日本
水郡線,上菅谷,7,JR東日本
水郡線,常陸鴻巣,8,JR東日本
水郡線,瓜連,9,JR東日本
水郡線,静,10,JR東日本
水郡線,常陸大宮,11,JR東日本
水郡線,玉川村,12,JR東日本
水郡線,野上原,13,JR東日本
水郡線,山方宿,14,JR東日本
水郡線,中舟生,15,JR東日本
水郡線,下小川,16,JR東日本
水郡線,西金,17,JR東日本
水郡線,上小川,18,JR東日本
水郡線,袋田,19,JR東日本
水郡線,常陸大子,20,JR東日本
水郡線,下野宮,21,JR東日本
水郡線,矢祭山,22,JR東日本
水郡線,東舘,23,JR東日本
水郡線,南石井,24,JR東日本
水郡線,磐城石井,25,JR東日本
水郡線,磐城塙,26,JR東日本
水郡線,近津,27,JR東日本
水郡線,中豊,28,JR東日本
水郡線,磐城棚倉,29,JR東日本
水郡線,磐城浅川,30,JR東日本
水郡線,里白石,31,JR東日本
水郡線,磐城石川,32,JR東日本
水郡線,野木沢,33,JR東日本
水郡線,川辺沖,34,JR東日本
水郡線,泉郷,35,JR東日本
水郡線,川東,36,JR東日本
水郡線,小塩江,37,JR東日本
水郡線,谷田川,38,JR東日本
水郡線,磐城守山,39,JR東日本
水郡線,安積永盛,40,JR東日本
水郡線支線,上菅谷,1,JR東日本
水郡線支線,南酒出,2,JR東日本
水郡線支線,額田,3,JR東日本
水郡線支線,河合,4,JR東日本
水郡線支線,谷河原,5,JR東日本
水郡線支線,常陸太田,6,JR東日本
白新線,新潟,1,JR東日本
白新線,東新潟,2,JR東日本
白新線,大形,3,JR東日本
白新線,新崎,4,JR東日本
白新線,早通,5,JR東日本
白新線,豊栄,6,JR東日本
白新線,黒山,7,JR東日本
白新線,佐々木,8,JR東日本
白新線,西新発田,9,JR東日本
白新線,新発田,10,JR東日本
高崎線,大宮,1,JR東日本
高崎線,宮原,2,JR東日本
高崎線,上尾,3,JR東日本
高崎線,北上尾,4,JR東日本
高崎線,桶川,5,JR東日本
高崎線,北本,6,JR東日本
高崎線,鴻巣,7,JR東日本
高崎線,北鴻巣,8,JR東日本
高崎線,吹上,9,JR東日本
高崎線,行田,10,JR東日本
高崎線,熊谷,11,JR東日本
高崎線,籠原,12,JR東日本
高崎線,深谷,13,JR東日本
高崎線,岡部,14,JR東日本
高崎線,本庄,15,JR東日本
高崎線,神保原,16,JR東日本
高崎線,新町,17,JR東日本
高崎線,倉賀野,18,JR東日本
高崎線,高崎,19,JR東日本
信越本線（直江津～新潟）,直江津,1,JR東日本
信越本線（直江津～新潟）,黒井,2,JR東日本
信越本線（直江津～新潟）,犀潟,3,JR東日本
信越本線（直江津～新潟）,土底浜,4,JR東日本
信越本線（直江津～新潟）,潟町,5,JR東日本
信越本線（直江津～新潟）,上下浜,6,JR東日本
信越本線（直江津～新潟）,柿崎,7,JR東日本
信越本線（直江津～新潟）,米山,8,JR東日本
信越本線（直江津～新潟）,笠島,9,JR東日本
信越本線（直江津～新潟）,青海川,10,JR東日本
信越本線（直江津～新潟）,鯨波,11,JR東日本
信越本線（直江津～新潟）,柏崎,12,JR東日本
信越本線（直江津～新潟）,茨目,13,JR東日本
信越本線（直江津～新潟）,安田,14,JR東日本
信越本線（直江津～新潟）,北条,15,JR東日本
信越本線（直江津～新潟）,越後広田,16,JR東日本
信越本線（直江津～新潟）,長鳥,17,JR東日本
信越本線（直江津～新潟）,塚山,18,JR東日本
信越本線（直江津～新潟）,越後岩塚,19,JR東日本
信越本線（直江津～新潟）,来迎寺,20,JR東日本
信越本線（直江津～新潟）,前川,21,JR東日本
信越本線（直江津～新潟）,宮内,22,JR東日本
信越本線（直江津～新潟）,長岡,23,JR東日本
信越本線（直江津～新潟）,北長岡,24,JR東日本
信越本線（直江津～新潟）,押切,25,JR東日本
信越本線（直江津～新潟）,見附,26,JR東日本
信越本線（直江津～新潟）,帯織,27,JR東日本
信越本線（直江津～新潟）,東光寺,28,JR東日本
信越本線（直江津～新潟）,三条,29,JR東日本
信越本線（直江津～新潟）,東三条,30,JR東日本
信越本線（直江津～新潟）,保内,31,JR東日本
信越本線（直江津～新潟）,加茂,32,JR東日本
信越本線（直江津～新潟）,羽生田,33,JR東日本
信越本線（直江津～新潟）,田上,34,JR東日本
信越本線（直江津～新潟）,矢代田,35,JR東日本
信越本線（直江津～新潟）,古津,36,JR東日本
信越本線（直江津～新潟）,新津,37,JR東日本
信越本線（直江津～新潟）,さつき野,38,JR東日本
信越本線（直江津～新潟）,荻川,39,JR東日本
信越本線（直江津～新潟）,亀田,40,JR東日本
信越本線（直江津～新潟）,越後石山,41,JR東日本
信越本線（直江津～新潟）,新潟,42,JR東日本
信越本線（篠ノ井～長野）,篠ノ井,1,JR東日本
信越本線（篠ノ井～長野）,今井,2,JR東日本
信越本線（篠ノ井～長野）,川中島,3,JR東日本
信越本線（篠ノ井～長野）,安茂里,4,JR東日本
信越本線（篠ノ井～長野）,長野,5,JR東日本
信越本線（高崎～横川）,高崎,1,JR東日本
信越本線（高崎～横川）,北高崎,2,JR東日本
信越本線（高崎～横川）,群馬八幡,3,JR東日本
信越本線（高崎～横川）,安中,4,JR東日本
信越本線（高崎～横川）,磯部,5,JR東日本
信越本線（高崎～横川）,松井田,6,JR東日本
信越本線（高崎～横川）,西松井田,7,JR東日本
信越本線（高崎～横川）,横川,8,JR東日本
越後線,柏崎,1,JR東日本
越後線,東柏崎,2,JR東日本
越後線,西中通,3,JR東日本
越後線,荒浜,4,JR東日本
越後線,刈羽,5,JR東日本
越後線,西山,6,JR東日本
越後線,礼拝,7,JR東日本
越後線,石地,8,JR東日本
越後線,小木ノ城,9,JR東日本
越後線,出雲崎,10,JR東日本
越後線,妙法寺,11,JR東日本
越後線,小島谷,12,JR東日本
越後線,桐原,13,JR東日本
越後線,寺泊,14,JR東日本
越後線,分水,15,JR東日本
越後線,粟生津,16,JR東日本
越後線,南吉田,17,JR東日本
越後線,吉田,18,JR東日本
越後線,北吉田,19,JR東日本
越後線,岩室,20,JR東日本
越後線,巻,21,JR東日本
越後線,越後曽根,22,JR東日本
越後線,越後赤塚,23,JR東日本
越後線,内野西が丘,24,JR東日本
越後線,内野,25,JR東日本
越後線,新潟大学前,26,JR東日本
越後線,寺尾,27,JR東日本
越後線,小針,28,JR東日本
越後線,青山,29,JR東日本
越後線,関屋,30,JR東日本
越後線,白山,31,JR東日本
越後線,上所,32,JR東日本
越後線,新潟,33,JR東日本
弥彦線,弥彦,1,JR東日本
弥彦線,矢作,2,JR東日本
弥彦線,吉田,3,JR東日本
弥彦線,西燕,4,JR東日本
弥彦線,燕,5,JR東日本
弥彦線,燕三条,6,JR東日本
弥彦線,北三条,7,JR東日本
弥彦線,東三条,8,JR東日本
烏山線,宝積寺,1,JR東日本
烏山線,下野花岡,2,JR東日本
烏山線,仁井田,3,JR東日本
烏山線,鴻野山,4,JR東日本
烏山線,大金,5,JR東日本
烏山線,小塙,6,JR東日本
烏山線,滝,7,JR東日本
烏山線,烏山,8,JR東日本
日光線,宇都宮,1,JR東日本
日光線,鶴田,2,JR東日本
日光線,鹿沼,3,JR東日本
日光線,文挟,4,JR東日本
日光線,下野大沢,5,JR東日本
日光線,今市,6,JR東日本
日光線,日光,7,JR東日本
水戸線,小山,1,JR東日本
水戸線,小田林,2,JR東日本
水戸線,結城,3,JR東日本
水戸線,東結城,4,JR東日本
水戸線,川島,5,JR東日本
水戸線,玉戸,6,JR東日本
水戸線,下館,7,JR東日本
水戸線,新治,8,JR東日本
水戸線,大和,9,JR東日本
水戸線,岩瀬,10,JR東日本
水戸線,羽黒,11,JR東日本
水戸線,福原,12,JR東日本
水戸線,稲田,13,JR東日本
水戸線,笠間,14,JR東日本
水戸線,宍戸,15,JR東日本
水戸線,友部,16,JR東日本
両毛線,新前橋,1,JR東日本
両毛線,前橋,2,JR東日本
両毛線,前橋大島,3,JR東日本
両毛線,駒形,4,JR東日本
両毛線,伊勢崎,5,JR東日本
両毛線,国定,6,JR東日本
両毛線,岩宿,7,JR東日本
両毛線,桐生,8,JR東日本
両毛線,小俣,9,JR東日本
両毛線,山前,10,JR東日本
両毛線,足利,11,JR東日本
両毛線,あしかがフラワーパーク,12,JR東日本
両毛線,富田,13,JR東日本
両毛線,佐野,14,JR東日本
両毛線,岩舟,15,JR東日本
両毛線,大平下,16,JR東日本
両毛線,栃木,17,JR東日本
両毛線,思川,18,JR東日本
両毛線,小山,19,JR東日本
鹿島線,香取,1,JR東日本
鹿島線,十二橋,2,JR東日本
鹿島線,潮来,3,JR東日本
鹿島線,延方,4,JR東日本
鹿島線,鹿島神宮,5,JR東日本
鹿島線,鹿島サッカースタジアム,6,JR東日本
総武本線,東京,1,JR東日本
総武本線,新日本橋,2,JR東日本
総武本線,馬喰町,3,JR東日本
総武本線,錦糸町,4,JR東日本
総武本線,亀戸,5,JR東日本
総武本線,平井,6,JR東日本
総武本線,新小岩,7,JR東日本
総武本線,小岩,8,JR東日本
総武本線,市川,9,JR東日本
総武本線,本八幡,10,JR東日本
総武本線,下総中山,11,JR東日本
総武本線,西船橋,12,JR東日本
総武本線,船橋,13,JR東日本
総武本線,東船橋,14,JR東日本
総武本線,津田沼,15,JR東日本
総武本線,幕張本郷,16,JR東日本
総武本線,幕張,17,JR東日本
総武本線,新検見川,18,JR東日本
総武本線,稲毛,19,JR東日本
総武本線,西千葉,20,JR東日本
総武本線,千葉,21,JR東日本
総武本線,東千葉,22,JR東日本
総武本線,都賀,23,JR東日本
総武本線,四街道,24,JR東日本
総武本線,物井,25,JR東日本
総武本線,佐倉,26,JR東日本
総武本線,南酒々井,27,JR東日本
総武本線,榎戸,28,JR東日本
総武本線,八街,29,JR東日本
総武本線,日向,30,JR東日本
総武本線,成東,31,JR東日本
総武本線,松尾,32,JR東日本
総武本線,横芝,33,JR東日本
総武本線,飯倉,34,JR東日本
総武本線,八日市場,35,JR東日本
総武本線,干潟,36,JR東日本
総武本線,旭,37,JR東日本
総武本線,飯岡,38,JR東日本
総武本線,倉橋,39,JR東日本
総武本線,猿田,40,JR東日本
総武本線,松岸,41,JR東日本
総武本線,銚子,42,JR東日本
総武本線支線,錦糸町,1,JR東日本
総武本線支線,両国,2,JR東日本
総武本線支線,浅草橋,3,JR東日本
総武本線支線,秋葉原,4,JR東日本
総武本線支線,御茶ノ水,5,JR東日本
成田線,佐倉,1,JR東日本
成田線,酒々井,2,JR東日本
成田線,成田,3,JR東日本
成田線,久住,4,JR東日本
成田線,滑河,5,JR東日本
成田線,下総神崎,6,JR東日本
成田線,大戸,7,JR東日本
成田線,佐原,8,JR東日本
成田線,香取,9,JR東日本
成田線,水郷,10,JR東日本
成田線,小見川,11,JR東日本
成田線,笹川,12,JR東日本
成田線,下総橘,13,JR東日本
成田線,下総豊里,14,JR東日本
成田線,椎柴,15,JR東日本
成田線,松岸,16,JR東日本
成田線我孫子支線,我孫子,1,JR東日本
成田線我孫子支線,東我孫子,2,JR東日本
成田線我孫子支線,湖北,3,JR東日本
成田線我孫子支線,新木,4,JR東日本
成田線我孫子支線,布佐,5,JR東日本
成田線我孫子支線,木下,6,JR東日本
成田線我孫子支線,小林,7,JR東日本
成田線我孫子支線,安食,8,JR東日本
成田線我孫子支線,下総松崎,9,JR東日本
成田線我孫子支線,成田,10,JR東日本
成田線空港支線,成田,1,JR東日本
成田線空港支線,空港第２ビル,2,JR東日本
成田線空港支線,成田空港,3,JR東日本
東金線,大網,1,JR東日本
東金線,福俵,2,JR東日本
東金線,東金,3,JR東日本
東金線,求名,4,JR東日本
東金線,成東,5,JR東日本
外房線,千葉,1,JR東日本
外房線,本千葉,2,JR東日本
外房線,蘇我,3,JR東日本
外房線,鎌取,4,JR東日本
外房線,誉田,5,JR東日本
外房線,土気,6,JR東日本
外房線,大網,7,JR東日本
外房線,永田,8,JR東日本
外房線,本納,9,JR東日本
外房線,新茂原,10,JR東日本
外房線,茂原,11,JR東日本
外房線,八積,12,JR東日本
外房線,上総一ノ宮,13,JR東日本
外房線,東浪見,14,JR東日本
外房線,太東,15,JR東日本
外房線,長者町,16,JR東日本
外房線,三門,17,JR東日本
外房線,大原,18,JR東日本
外房線,浪花,19,JR東日本
外房線,御宿,20,JR東日本
外房線,勝浦,21,JR東日本
外房線,鵜原,22,JR東日本
外房線,上総興津,23,JR東日本
外房線,行川アイランド,24,JR東日本
外房線,安房小湊,25,JR東日本
外房線,安房天津,26,JR東日本
外房線,安房鴨川,27,JR東日本
内房線,蘇我,1,JR東日本
内房線,浜野,2,JR東日本
内房線,八幡宿,3,JR東日本
内房線,五井,4,JR東日本
内房線,姉ヶ崎,5,JR東日本
内房線,長浦,6,JR東日本
内房線,袖ヶ浦,7,JR東日本
内房線,巌根,8,JR東日本
内房線,木更津,9,JR東日本
内房線,君津,10,JR東日本
内房線,青堀,11,JR東日本
内房線,大貫,12,JR東日本
内房線,佐貫町,13,JR東日本
内房線,上総湊,14,JR東日本
内房線,竹岡,15,JR東日本
内房線,浜金谷,16,JR東日本
内房線,保田,17,JR東日本
内房線,安房勝山,18,JR東日本
内房線,岩井,19,JR東日本
内房線,富浦,20,JR東日本
内房線,那古船形,21,JR東日本
内房線,館山,22,JR東日本
内房線,九重,23,JR東日本
内房線,千倉,24,JR東日本
内房線,千歳,25,JR東日本
内房線,南三原,26,JR東日本
内房線,和田浦,27,JR東日本
内房線,江見,28,JR東日本
内房線,太海,29,JR東日本
内房線,安房鴨川,30,JR東日本
久留里線,木更津,1,JR東日本
久留里線,祇園,2,JR東日本
久留里線,上総清川,3,JR東日本
久留里線,東清川,4,JR東日本
久留里線,横田,5,JR東日本
久留里線,東横田,6,JR東日本
久留里線,馬来田,7,JR東日本
久留里線,下郡,8,JR東日本
久留里線,小櫃,9,JR東日本
久留里線,俵田,10,JR東日本
久留里線,久留里,11,JR東日本
久留里線,平山,12,JR東日本
久留里線,上総松丘,13,JR東日本
久留里線,上総亀山,14,JR東日本
京葉線,東京,1,JR東日本
京葉線,八丁堀,2,JR東日本
京葉線,越中島,3,JR東日本
京葉線,潮見,4,JR東日本
京葉線,新木場,5,JR東日本
京葉線,葛西臨海公園,6,JR東日本
京葉線,舞浜,7,JR東日本
京葉線,新浦安,8,JR東日本
京葉線,市川塩浜,9,JR東日本
京葉線,二俣新町,10,JR東日本
京葉線,南船橋,11,JR東日本
京葉線,新習志野,12,JR東日本
京葉線,幕張豊砂,13,JR東日本
京葉線,海浜幕張,14,JR東日本
京葉線,検見川浜,15,JR東日本
京葉線,稲毛海岸,16,JR東日本
京葉線,千葉みなと,17,JR東日本
京葉線,蘇我,18,JR東日本
京葉線支線１,市川塩浜,1,JR東日本
京葉線支線１,西船橋,2,JR東日本
京葉線支線２,西船橋,1,JR東日本
京葉線支線２,南船橋,2,JR東日本
武蔵野線,府中本町,1,JR東日本
武蔵野線,北府中,2,JR東日本
武蔵野線,西国分寺,3,JR東日本
武蔵野線,新小平,4,JR東日本
武蔵野線,新秋津,5,JR東日本
武蔵野線,東所沢,6,JR東日本
武蔵野線,新座,7,JR東日本
武蔵野線,北朝霞,8,JR東日本
武蔵野線,西浦和,9,JR東日本
武蔵野線,武蔵浦和,10,JR東日本
武蔵野線,南浦和,11,JR東日本
武蔵野線,東浦和,12,JR東日本
武蔵野線,東川口,13,JR東日本
武蔵野線,南越谷,14,JR東日本
武蔵野線,越谷レイクタウン,15,JR東日本
武蔵野線,吉川,16,JR東日本
武蔵野線,吉川美南,17,JR東日本
武蔵野線,新三郷,18,JR東日本
武蔵野線,三郷,19,JR東日本
武蔵野線,南流山,20,JR東日本
武蔵野線,新松戸,21,JR東日本
武蔵野線,新八柱,22,JR東日本
武蔵野線,東松戸,23,JR東日本
武蔵野線,市川大野,24,JR東日本
武蔵野線,船橋法典,25,JR東日本
武蔵野線,西船橋,26,JR東日本
上越線,高崎,1,JR東日本
上越線,高崎問屋町,2,JR東日本
上越線,井野,3,JR東日本
上越線,新前橋,4,JR東日本
上越線,群馬総社,5,JR東日本
上越線,八木原,6,JR東日本
上越線,渋川,7,JR東日本
上越線,敷島,8,JR東日本
上越線,津久田,9,JR東日本
上越線,岩本,10,JR東日本
上越線,沼田,11,JR東日本
上越線,後閑,12,JR東日本
上越線,上牧,13,JR東日本
上越線,水上,14,JR東日本
上越線,湯檜曽,15,JR東日本
上越線,土合,16,JR東日本
上越線,土樽,17,JR東日本
上越線,越後中里,18,JR東日本
上越線,岩原スキー場前,19,JR東日本
上越線,越後湯沢,20,JR東日本
上越線,石打,21,JR東日本
上越線,大沢,22,JR東日本
上越線,上越国際スキー場前,23,JR東日本
上越線,塩沢,24,JR東日本
上越線,六日町,25,JR東日本
上越線,五日町,26,JR東日本
上越線,浦佐,27,JR東日本
上越線,八色,28,JR東日本
上越線,小出,29,JR東日本
上越線,越後堀之内,30,JR東日本
上越線,北堀之内,31,JR東日本
上越線,越後川口,32,JR東日本
上越線,小千谷,33,JR東日本
上越線,越後滝谷,34,JR東日本
上越線,宮内,35,JR東日本
上越線支線,越後湯沢,1,JR東日本
上越線支線,ガーラ湯沢,2,JR東日本
飯山線,豊野,1,JR東日本
飯山線,信濃浅野,2,JR東日本
飯山線,立ヶ花,3,JR東日本
飯山線,上今井,4,JR東日本
飯山線,替佐,5,JR東日本
飯山線,蓮,6,JR東日本
飯山線,飯山,7,JR東日本
飯山線,北飯山,8,JR東日本
飯山線,信濃平,9,JR東日本
飯山線,戸狩野沢温泉,10,JR東日本
飯山線,上境,11,JR東日本
飯山線,上桑名川,12,JR東日本
飯山線,桑名川,13,JR東日本
飯山線,西大滝,14,JR東日本
飯山線,信濃白鳥,15,JR東日本
飯山線,平滝,16,JR東日本
飯山線,横倉,17,JR東日本
飯山線,森宮野原,18,JR東日本
飯山線,足滝,19,JR東日本
飯山線,越後田中,20,JR東日本
飯山線,津南,21,JR東日本
飯山線,越後鹿渡,22,JR東日本
飯山線,越後田沢,23,JR東日本
飯山線,越後水沢,24,JR東日本
飯山線,土市,25,JR東日本
飯山線,十日町,26,JR東日本
飯山線,魚沼中条,27,JR東日本
飯山線,下条,28,JR東日本
飯山線,越後岩沢,29,JR東日本
飯山線,内ヶ巻,30,JR東日本
飯山線,越後川口,31,JR東日本
吾妻線,渋川,1,JR東日本
吾妻線,金島,2,JR東日本
吾妻線,祖母島,3,JR東日本
吾妻線,小野上,4,JR東日本
吾妻線,小野上温泉,5,JR東日本
吾妻線,市城,6,JR東日本
吾妻線,中之条,7,JR東日本
吾妻線,群馬原町,8,JR東日本
吾妻線,郷原,9,JR東日本
吾妻線,矢倉,10,JR東日本
吾妻線,岩島,11,JR東日本
吾妻線,川原湯温泉,12,JR東日本
吾妻線,長野原草津口,13,JR東日本
吾妻線,群馬大津,14,JR東日本
吾妻線,羽根尾,15,JR東日本
吾妻線,袋倉,16,JR東日本
吾妻線,万座・鹿沢口,17,JR東日本
吾妻線,大前,18,JR東日本
八高線,八王子,1,JR東日本
八高線,北八王子,2,JR東日本
八高線,小宮,3,JR東日本
八高線,拝島,4,JR東日本
八高線,東福生,5,JR東日本
八高線,箱根ケ崎,6,JR東日本
八高線,金子,7,JR東日本
八高線,東飯能,8,JR東日本
八高線,高麗川,9,JR東日本
八高線,毛呂,10,JR東日本
八高線,越生,11,JR東日本
八高線,明覚,12,JR東日本
八高線,小川町,13,JR東日本
八高線,竹沢,14,JR東日本
八高線,折原,15,JR東日本
八高線,寄居,16,JR東日本
八高線,用土,17,JR東日本
八高線,松久,18,JR東日本
八高線,児玉,19,JR東日本
八高線,丹荘,20,JR東日本
八高線,群馬藤岡,21,JR東日本
八高線,北藤岡,22,JR東日本
八高線,倉賀野,23,JR東日本
赤羽線,池袋,1,JR東日本
赤羽線,板橋,2,JR東日本
赤羽線,十条,3,JR東日本
赤羽線,赤羽,4,JR東日本
川越線,大宮,1,JR東日本
川越線,日進,2,JR東日本
川越線,西大宮,3,JR東日本
川越線,指扇,4,JR東日本
川越線,南古谷,5,JR東日本
川越線,川越,6,JR東日本
川越線,西川越,7,JR東日本
川越線,的場,8,JR東日本
川越線,笠幡,9,JR東日本
川越線,武蔵高萩,10,JR東日本
川越線,高麗川,11,JR東日本
山手線,品川,1,JR東日本
山手線,大崎,2,JR東日本
山手線,五反田,3,JR東日本
山手線,目黒,4,JR東日本
山手線,恵比寿,5,JR東日本
山手線,渋谷,6,JR東日本
山手線,原宿,7,JR東日本
山手線,代々木,8,JR東日本
山手線,新宿,9,JR東日本
山手線,新大久保,10,JR東日本
山手線,高田馬場,11,JR東日本
山手線,目白,12,JR東日本
山手線,池袋,13,JR東日本
山手線,大塚,14,JR東日本
山手線,巣鴨,15,JR東日本
山手線,駒込,16,JR東日本
山手線,田端,17,JR東日本
東海道本線品鶴支線,品川,1,JR東日本
東海道本線品鶴支線,西大井,2,JR東日本
東海道本線品鶴支線,武蔵小杉,3,JR東日本
東海道本線品鶴支線,新川崎,4,JR東日本
東海道本線品鶴支線,鶴見,5,JR東日本
東海道本線東海道貨物線,鶴見,1,JR東日本
東海道本線東海道貨物線,羽沢横浜国大,2,JR東日本
中央本線（新宿～塩尻）,新宿,1,JR東日本
中央本線（新宿～塩尻）,大久保,2,JR東日本
中央本線（新宿～塩尻）,東中野,3,JR東日本
中央本線（新宿～塩尻）,中野,4,JR東日本
中央本線（新宿～塩尻）,高円寺,5,JR東日本
中央本線（新宿～塩尻）,阿佐ヶ谷,6,JR東日本
中央本線（新宿～塩尻）,荻窪,7,JR東日本
中央本線（新宿～塩尻）,西荻窪,8,JR東日本
中央本線（新宿～塩尻）,吉祥寺,9,JR東日本
中央本線（新宿～塩尻）,三鷹,10,JR東日本
中央本線（新宿～塩尻）,武蔵境,11,JR東日本
中央本線（新宿～塩尻）,東小金井,12,JR東日本
中央本線（新宿～塩尻）,武蔵小金井,13,JR東日本
中央本線（新宿～塩尻）,国分寺,14,JR東日本
中央本線（新宿～塩尻）,西国分寺,15,JR東日本
中央本線（新宿～塩尻）,国立,16,JR東日本
中央本線（新宿～塩尻）,立川,17,JR東日本
中央本線（新宿～塩尻）,日野,18,JR東日本
中央本線（新宿～塩尻）,豊田,19,JR東日本
中央本線（新宿～塩尻）,八王子,20,JR東日本
中央本線（新宿～塩尻）,西八王子,21,JR東日本
中央本線（新宿～塩尻）,高尾,22,JR東日本
中央本線（新宿～塩尻）,相模湖,23,JR東日本
中央本線（新宿～塩尻）,藤野,24,JR東日本
中央本線（新宿～塩尻）,上野原,25,JR東日本
中央本線（新宿～塩尻）,四方津,26,JR東日本
中央本線（新宿～塩尻）,梁川,27,JR東日本
中央本線（新宿～塩尻）,鳥沢,28,JR東日本
中央本線（新宿～塩尻）,猿橋,29,JR東日本
中央本線（新宿～塩尻）,大月,30,JR東日本
中央本線（新宿～塩尻）,初狩,31,JR東日本
中央本線（新宿～塩尻）,笹子,32,JR東日本
中央本線（新宿～塩尻）,甲斐大和,33,JR東日本
中央本線（新宿～塩尻）,勝沼ぶどう郷,34,JR東日本
中央本線（新宿～塩尻）,塩山,35,JR東日本
中央本線（新宿～塩尻）,東山梨,36,JR東日本
中央本線（新宿～塩尻）,山梨市,37,JR東日本
中央本線（新宿～塩尻）,春日居町,38,JR東日本
中央本線（新宿～塩尻）,石和温泉,39,JR東日本
中央本線（新宿～塩尻）,酒折,40,JR東日本
中央本線（新宿～塩尻）,甲府,41,JR東日本
中央本線（新宿～塩尻）,竜王,42,JR東日本
中央本線（新宿～塩尻）,塩崎,43,JR東日本
中央本線（新宿～塩尻）,韮崎,44,JR東日本
中央本線（新宿～塩尻）,新府,45,JR東日本
中央本線（新宿～塩尻）,穴山,46,JR東日本
中央本線（新宿～塩尻）,日野春,47,JR東日本
中央本線（新宿～塩尻）,長坂,48,JR東日本
中央本線（新宿～塩尻）,小淵沢,49,JR東日本
中央本線（新宿～塩尻）,信濃境,50,JR東日本
中央本線（新宿～塩尻）,富士見,51,JR東日本
中央本線（新宿～塩尻）,すずらんの里,52,JR東日本
中央本線（新宿～塩尻）,青柳,53,JR東日本
中央本線（新宿～塩尻）,茅野,54,JR東日本
中央本線（新宿～塩尻）,上諏訪,55,JR東日本
中央本線（新宿～塩尻）,下諏訪,56,JR東日本
中央本線（新宿～塩尻）,岡谷,57,JR東日本
中央本線（新宿～塩尻）,みどり湖,58,JR東日本
中央本線（新宿～塩尻）,塩尻,59,JR東日本
中央本線（岡谷～塩尻）,岡谷,1,JR東日本
中央本線（岡谷～塩尻）,川岸,2,JR東日本
中央本線（岡谷～塩尻）,辰野,3,JR東日本
中央本線（岡谷～塩尻）,信濃川島,4,JR東日本
中央本線（岡谷～塩尻）,小野,5,JR東日本
中央本線（岡谷～塩尻）,塩尻,6,JR東日本
中央本線（神田～代々木）,神田,1,JR東日本
中央本線（神田～代々木）,御茶ノ水,2,JR東日本
中央本線（神田～代々木）,水道橋,3,JR東日本
中央本線（神田～代々木）,飯田橋,4,JR東日本
中央本線（神田～代々木）,市ヶ谷,5,JR東日本
中央本線（神田～代々木）,四ツ谷,6,JR東日本
中央本線（神田～代々木）,信濃町,7,JR東日本
中央本線（神田～代々木）,千駄ケ谷,8,JR東日本
中央本線（神田～代々木）,代々木,9,JR東日本
南武線,川崎,1,JR東日本
南武線,尻手,2,JR東日本
南武線,矢向,3,JR東日本
南武線,鹿島田,4,JR東日本
南武線,平間,5,JR東日本
南武線,向河原,6,JR東日本
南武線,武蔵小杉,7,JR東日本
南武線,武蔵中原,8,JR東日本
南武線,武蔵新城,9,JR東日本
南武線,武蔵溝ノ口,10,JR東日本
南武線,津田山,11,JR東日本
南武線,久地,12,JR東日本
南武線,宿河原,13,JR東日本
南武線,登戸,14,JR東日本
南武線,中野島,15,JR東日本
南武線,稲田堤,16,JR東日本
南武線,矢野口,17,JR東日本
南武線,稲城長沼,18,JR東日本
南武線,南多摩,19,JR東日本
南武線,府中本町,20,JR東日本
南武線,分倍河原,21,JR東日本
南武線,西府,22,JR東日本
南武線,谷保,23,JR東日本
南武線,矢川,24,JR東日本
南武線,西国立,25,JR東日本
南武線,立川,26,JR東日本
南武線支線,浜川崎,1,JR東日本
南武線支線,小田栄,2,JR東日本
南武線支線,川崎新町,3,JR東日本
南武線支線,八丁畷,4,JR東日本
南武線支線,尻手,5,JR東日本
鶴見線,鶴見,1,JR東日本
鶴見線,国道,2,JR東日本
鶴見線,鶴見小野,3,JR東日本
鶴見線,弁天橋,4,JR東日本
鶴見線,浅野,5,JR東日本
鶴見線,安善,6,JR東日本
鶴見線,武蔵白石,7,JR東日本
鶴見線,浜川崎,8,JR東日本
鶴見線,昭和,9,JR東日本
鶴見線,扇町,10,JR東日本
鶴見線海芝浦支線,浅野,1,JR東日本
鶴見線海芝浦支線,新芝浦,2,JR東日本
鶴見線海芝浦支線,海芝浦,3,JR東日本
鶴見線大川支線,武蔵白石,1,JR東日本
鶴見線大川支線,大川,2,JR東日本
横浜線,東神奈川,1,JR東日本
横浜線,大口,2,JR東日本
横浜線,菊名,3,JR東日本
横浜線,新横浜,4,JR東日本
横浜線,小机,5,JR東日本
横浜線,鴨居,6,JR東日本
横浜線,中山,7,JR東日本
横浜線,十日市場,8,JR東日本
横浜線,長津田,9,JR東日本
横浜線,成瀬,10,JR東日本
横浜線,町田,11,JR東日本
横浜線,古淵,12,JR東日本
横浜線,淵野辺,13,JR東日本
横浜線,矢部,14,JR東日本
横浜線,相模原,15,JR東日本
横浜線,橋本,16,JR東日本
横浜線,相原,17,JR東日本
横浜線,八王子みなみ野,18,JR東日本
横浜線,片倉,19,JR東日本
横浜線,八王子,20,JR東日本
根岸線,横浜,1,JR東日本
根岸線,桜木町,2,JR東日本
根岸線,関内,3,JR東日本
根岸線,石川町,4,JR東日本
根岸線,山手,5,JR東日本
根岸線,根岸,6,JR東日本
根岸線,磯子,7,JR東日本
根岸線,新杉田,8,JR東日本
根岸線,洋光台,9,JR東日本
根岸線,港南台,10,JR東日本
根岸線,本郷台,11,JR東日本
根岸線,大船,12,JR東日本
青梅線,立川,1,JR東日本
青梅線,西立川,2,JR東日本
青梅線,東中神,3,JR東日本
青梅線,中神,4,JR東日本
青梅線,昭島,5,JR東日本
青梅線,拝島,6,JR東日本
青梅線,牛浜,7,JR東日本
青梅線,福生,8,JR東日本
青梅線,羽村,9,JR東日本
青梅線,小作,10,JR東日本
青梅線,河辺,11,JR東日本
青梅線,東青梅,12,JR東日本
青梅線,青梅,13,JR東日本
青梅線,宮ノ平,14,JR東日本
青梅線,日向和田,15,JR東日本
青梅線,石神前,16,JR東日本
青梅線,二俣尾,17,JR東日本
青梅線,軍畑,18,JR東日本
青梅線,沢井,19,JR東日本
青梅線,御嶽,20,JR東日本
青梅線,川井,21,JR東日本
青梅線,古里,22,JR東日本
青梅線,鳩ノ巣,23,JR東日本
青梅線,白丸,24,JR東日本
青梅線,奥多摩,25,JR東日本
五日市線,拝島,1,JR東日本
五日市線,熊川,2,JR東日本
五日市線,東秋留,3,JR東日本
五日市線,秋川,4,JR東日本
五日市線,武蔵引田,5,JR東日本
五日市線,武蔵増戸,6,JR東日本
五日市線,武蔵五日市,7,JR東日本
相模線,茅ヶ崎,1,JR東日本
相模線,北茅ヶ崎,2,JR東日本
相模線,香川,3,JR東日本
相模線,寒川,4,JR東日本
相模線,宮山,5,JR東日本
相模線,倉見,6,JR東日本
相模線,門沢橋,7,JR東日本
相模線,社家,8,JR東日本
相模線,厚木,9,JR東日本
相模線,海老名,10,JR東日本
相模線,入谷,11,JR東日本
相模線,相武台下,12,JR東日本
相模線,下溝,13,JR東日本
相模線,原当麻,14,JR東日本
相模線,番田,15,JR東日本
相模線,上溝,16,JR東日本
相模線,南橋本,17,JR東日本
相模線,橋本,18,JR東日本
横須賀線,大船,1,JR東日本
横須賀線,北鎌倉,2,JR東日本
横須賀線,鎌倉,3,JR東日本
横須賀線,逗子,4,JR東日本
横須賀線,東逗子,5,JR東日本
横須賀線,田浦,6,JR東日本
横須賀線,横須賀,7,JR東日本
横須賀線,衣笠,8,JR東日本
横須賀線,久里浜,9,JR東日本
伊東線,熱海,1,JR東日本
伊東線,来宮,2,JR東日本
伊東線,伊豆多賀,3,JR東日本
伊東線,網代,4,JR東日本
伊東線,宇佐美,5,JR東日本
伊東線,伊東,6,JR東日本
小海線,小淵沢,1,JR東日本
小海線,甲斐小泉,2,JR東日本
小海線,甲斐大泉,3,JR東日本
小海線,清里,4,JR東日本
小海線,野辺山,5,JR東日本
小海線,信濃川上,6,JR東日本
小海線,佐久広瀬,7,JR東日本
小海線,佐久海ノ口,8,JR東日本
小海線,海尻,9,JR東日本
小海線,松原湖,10,JR東日本
小海線,小海,11,JR東日本
小海線,馬流,12,JR東日本
小海線,高岩,13,JR東日本
小海線,八千穂,14,JR東日本
小海線,海瀬,15,JR東日本
小海線,羽黒下,16,JR東日本
小海線,青沼,17,JR東日本
小海線,臼田,18,JR東日本
小海線,龍岡城,19,JR東日本
小海線,太田部,20,JR東日本
小海線,中込,21,JR東日本
小海線,滑津,22,JR東日本
小海線,北中込,23,JR東日本
小海線,岩村田,24,JR東日本
小海線,佐久平,25,JR東日本
小海線,中佐都,26,JR東日本
小海線,美里,27,JR東日本
小海線,三岡,28,JR東日本
小海線,乙女,29,JR東日本
小海線,東小諸,30,JR東日本
小海線,小諸,31,JR東日本
篠ノ井線,塩尻,1,JR東日本
篠ノ井線,広丘,2,JR東日本
篠ノ井線,村井,3,JR東日本
篠ノ井線,平田,4,JR東日本
篠ノ井線,南松本,5,JR東日本
篠ノ井線,松本,6,JR東日本
篠ノ井線,田沢,7,JR東日本
篠ノ井線,明科,8,JR東日本
篠ノ井線,西条,9,JR東日本
篠ノ井線,坂北,10,JR東日本
篠ノ井線,聖高原,11,JR東日本
篠ノ井線,冠着,12,JR東日本
篠ノ井線,姨捨,13,JR東日本
篠ノ井線,稲荷山,14,JR東日本
篠ノ井線,篠ノ井,15,JR東日本
大糸線,松本,1,JR東日本
大糸線,北松本,2,JR東日本
大糸線,島内,3,JR東日本
大糸線,島高松,4,JR東日本
大糸線,梓橋,5,JR東日本
大糸線,一日市場,6,JR東日本
大糸線,中萱,7,JR東日本
大糸線,南豊科,8,JR東日本
大糸線,豊科,9,JR東日本
大糸線,柏矢町,10,JR東日本
大糸線,穂高,11,JR東日本
大糸線,有明,12,JR東日本
大糸線,安曇追分,13,JR東日本
大糸線,細野,14,JR東日本
大糸線,北細野,15,JR東日本
大糸線,信濃松川,16,JR東日本
大糸線,安曇沓掛,17,JR東日本
大糸線,信濃常盤,18,JR東日本
大糸線,南大町,19,JR東日本
大糸線,信濃大町,20,JR東日本
大糸線,北大町,21,JR東日本
大糸線,信濃木崎,22,JR東日本
大糸線,稲尾,23,JR東日本
大糸線,海ノ口,24,JR東日本
大糸線,簗場,25,JR東日本
大糸線,南神城,26,JR東日本
大糸線,神城,27,JR東日本
大糸線,飯森,28,JR東日本
大糸線,白馬,29,JR東日本
大糸線,信濃森上,30,JR東日本
大糸線,白馬大池,31,JR東日本
大糸線,千国,32,JR東日本
大糸線,南小谷,33,JR東日本
大糸線,南小谷,1,JR西日本
大糸線,中土,2,JR西日本
大糸線,北小谷,3,JR西日本
大糸線,平岩,4,JR西日本
大糸線,小滝,5,JR西日本
大糸線,根知,6,JR西日本
大糸線,頸城大野,7,JR西日本
大糸線,姫川,8,JR西日本
大糸線,糸魚川,9,JR西日本
北陸本線,米原,1,JR西日本
北陸本線,坂田,2,JR西日本
北陸本線,田村,3,JR西日本
北陸本線,長浜,4,JR西日本
北陸本線,虎姫,5,JR西日本
北陸本線,河毛,6,JR西日本
北陸本線,高月,7,JR西日本
北陸本線,木ノ本,8,JR西日本
北陸本線,余呉,9,JR西日本
北陸本線,近江塩津,10,JR西日本
北陸本線,新疋田,11,JR西日本
北陸本線,敦賀,12,JR西日本
氷見線,高岡,1,JR西日本
氷見線,越中中川,2,JR西日本
氷見線,能町,3,JR西日本
氷見線,伏木,4,JR西日本
氷見線,越中国分,5,JR西日本
氷見線,雨晴,6,JR西日本
氷見線,島尾,7,JR西日本
氷見線,氷見,8,JR西日本
城端線,高岡,1,JR西日本
城端線,新高岡,2,JR西日本
城端線,二塚,3,JR西日本
城端線,林,4,JR西日本
城端線,戸出,5,JR西日本
城端線,油田,6,JR西日本
城端線,砺波,7,JR西日本
城端線,東野尻,8,JR西日本
城端線,高儀,9,JR西日本
城端線,福野,10,JR西日本
城端線,東石黒,11,JR西日本
城端線,福光,12,JR西日本
城端線,越中山田,13,JR西日本
城端線,城端,14,JR西日本
七尾線,津幡,1,JR西日本
七尾線,中津幡,2,JR西日本
七尾線,本津幡,3,JR西日本
七尾線,能瀬,4,JR西日本
七尾線,宇野気,5,JR西日本
七尾線,横山,6,JR西日本
七尾線,高松,7,JR西日本
七尾線,免田,8,JR西日本
七尾線,宝達,9,JR西日本
七尾線,敷浪,10,JR西日本
七尾線,南羽咋,11,JR西日本
七尾線,羽咋,12,JR西日本
七尾線,千路,13,JR西日本
七尾線,金丸,14,JR西日本
七尾線,能登部,15,JR西日本
七尾線,良川,16,JR西日本
七尾線,能登二宮,17,JR西日本
七尾線,徳田,18,JR西日本
七尾線,七尾,19,JR西日本
七尾線,和倉温泉,20,JR西日本
越美北線,越前花堂,1,JR西日本
越美北線,六条,2,JR西日本
越美北線,足羽,3,JR西日本
越美北線,越前東郷,4,JR西日本
越美北線,一乗谷,5,JR西日本
越美北線,越前高田,6,JR西日本
越美北線,市波,7,JR西日本
越美北線,小和清水,8,JR西日本
越美北線,美山,9,JR西日本
越美北線,越前薬師,10,JR西日本
越美北線,越前大宮,11,JR西日本
越美北線,計石,12,JR西日本
越美北線,牛ケ原,13,JR西日本
越美北線,北大野,14,JR西日本
越美北線,越前大野,15,JR西日本
越美北線,越前田野,16,JR西日本
越美北線,越前富田,17,JR西日本
越美北線,下唯野,18,JR西日本
越美北線,柿ヶ島,19,JR西日本
越美北線,勝原,20,JR西日本
越美北線,越前下山,21,JR西日本
越美北線,九頭竜湖,22,JR西日本
湖西線,山科,1,JR西日本
湖西線,大津京,2,JR西日本
湖西線,唐崎,3,JR西日本
湖西線,比叡山坂本,4,JR西日本
湖西線,おごと温泉,5,JR西日本
湖西線,堅田,6,JR西日本
湖西線,小野,7,JR西日本
湖西線,和邇,8,JR西日本
湖西線,蓬莱,9,JR西日本
湖西線,志賀,10,JR西日本
湖西線,比良,11,JR西日本
湖西線,近江舞子,12,JR西日本
湖西線,北小松,13,JR西日本
湖西線,近江高島,14,JR西日本
湖西線,安曇川,15,JR西日本
湖西線,新旭,16,JR西日本
湖西線,近江今津,17,JR西日本
湖西線,近江中庄,18,JR西日本
湖西線,マキノ,19,JR西日本
湖西線,永原,20,JR西日本
湖西線,近江塩津,21,JR西日本
小浜線,東舞鶴,1,JR西日本
小浜線,松尾寺,2,JR西日本
小浜線,青郷,3,JR西日本
小浜線,三松,4,JR西日本
小浜線,若狭高浜,5,JR西日本
小浜線,若狭和田,6,JR西日本
小浜線,若狭本郷,7,JR西日本
小浜線,加斗,8,JR西日本
小浜線,勢浜,9,JR西日本
小浜線,小浜,10,JR西日本
小浜線,東小浜,11,JR西日本
小浜線,新平野,12,JR西日本
小浜線,上中,13,JR西日本
小浜線,若狭有田,14,JR西日本
小浜線,大鳥羽,15,JR西日本
小浜線,十村,16,JR西日本
小浜線,三方,17,JR西日本
小浜線,気山,18,JR西日本
小浜線,美浜,19,JR西日本
小浜線,東美浜,20,JR西日本
小浜線,粟野,21,JR西日本
小浜線,西敦賀,22,JR西日本
小浜線,敦賀,23,JR西日本
舞鶴線,綾部,1,JR西日本
舞鶴線,淵垣,2,JR西日本
舞鶴線,梅迫,3,JR西日本
舞鶴線,真倉,4,JR西日本
舞鶴線,西舞鶴,5,JR西日本
舞鶴線,東舞鶴,6,JR西日本
草津線,柘植,1,JR西日本
草津線,油日,2,JR西日本
草津線,甲賀,3,JR西日本
草津線,寺庄,4,JR西日本
草津線,甲南,5,JR西日本
草津線,貴生川,6,JR西日本
草津線,三雲,7,JR西日本
草津線,甲西,8,JR西日本
草津線,石部,9,JR西日本
草津線,手原,10,JR西日本
草津線,草津,11,JR西日本
奈良線,京都,1,JR西日本
奈良線,東福寺,2,JR西日本
奈良線,稲荷,3,JR西日本
奈良線,JR藤森,4,JR西日本
奈良線,桃山,5,JR西日本
奈良線,六地蔵,6,JR西日本
奈良線,木幡,7,JR西日本
奈良線,黄檗,8,JR西日本
奈良線,宇治,9,JR西日本
奈良線,JR小倉,10,JR西日本
奈良線,新田,11,JR西日本
奈良線,城陽,12,JR西日本
奈良線,長池,13,JR西日本
奈良線,山城青谷,14,JR西日本
奈良線,山城多賀,15,JR西日本
奈良線,玉水,16,JR西日本
奈良線,棚倉,17,JR西日本
奈良線,上狛,18,JR西日本
奈良線,木津,19,JR西日本
片町線,木津,1,JR西日本
片町線,西木津,2,JR西日本
片町線,祝園,3,JR西日本
片町線,下狛,4,JR西日本
片町線,JR三山木,5,JR西日本
片町線,同志社前,6,JR西日本
片町線,京田辺,7,JR西日本
片町線,大住,8,JR西日本
片町線,松井山手,9,JR西日本
片町線,長尾,10,JR西日本
片町線,藤阪,11,JR西日本
片町線,津田,12,JR西日本
片町線,河内磐船,13,JR西日本
片町線,星田,14,JR西日本
片町線,寝屋川公園,15,JR西日本
片町線,忍ヶ丘,16,JR西日本
片町線,四条畷,17,JR西日本
片町線,野崎,18,JR西日本
片町線,住道,19,JR西日本
片町線,鴻池新田,20,JR西日本
片町線,徳庵,21,JR西日本
片町線,放出,22,JR西日本
片町線,鴫野,23,JR西日本
片町線,京橋,24,JR西日本
桜井線,奈良,1,JR西日本
桜井線,京終,2,JR西日本
桜井線,帯解,3,JR西日本
桜井線,櫟本,4,JR西日本
桜井線,天理,5,JR西日本
桜井線,長柄,6,JR西日本
桜井線,柳本,7,JR西日本
桜井線,巻向,8,JR西日本
桜井線,三輪,9,JR西日本
桜井線,桜井,10,JR西日本
桜井線,香久山,11,JR西日本
桜井線,畝傍,12,JR西日本
桜井線,金橋,13,JR西日本
桜井線,高田,14,JR西日本
おおさか東線（新大阪～鴫野）,新大阪,1,JR西日本
おおさか東線（新大阪～鴫野）,南吹田,2,JR西日本
おおさか東線（新大阪～鴫野）,JR淡路,3,JR西日本
おおさか東線（新大阪～鴫野）,城北公園通,4,JR西日本
おおさか東線（新大阪～鴫野）,JR野江,5,JR西日本
おおさか東線（新大阪～鴫野）,鴫野,6,JR西日本
おおさか東線（放出～久宝寺）,放出,1,JR西日本
おおさか東線（放出～久宝寺）,高井田中央,2,JR西日本
おおさか東線（放出～久宝寺）,JR河内永和,3,JR西日本
おおさか東線（放出～久宝寺）,JR俊徳道,4,JR西日本
おおさか東線（放出～久宝寺）,JR長瀬,5,JR西日本
おおさか東線（放出～久宝寺）,衣摺加美北,6,JR西日本
おおさか東線（放出～久宝寺）,新加美,7,JR西日本
おおさか東線（放出～久宝寺）,久宝寺,8,JR西日本
和歌山線,王寺,1,JR西日本
和歌山線,畠田,2,JR西日本
和歌山線,志都美,3,JR西日本
和歌山線,香芝,4,JR西日本
和歌山線,JR五位堂,5,JR西日本
和歌山線,高田,6,JR西日本
和歌山線,大和新庄,7,JR西日本
和歌山線,御所,8,JR西日本
和歌山線,玉手,9,JR西日本
和歌山線,掖上,10,JR西日本
和歌山線,吉野口,11,JR西日本
和歌山線,北宇智,12,JR西日本
和歌山線,五条,13,JR西日本
和歌山線,大和二見,14,JR西日本
和歌山線,隅田,15,JR西日本
和歌山線,下兵庫,16,JR西日本
和歌山線,橋本,17,JR西日本
和歌山線,紀伊山田,18,JR西日本
和歌山線,高野口,19,JR西日本
和歌山線,中飯降,20,JR西日本
和歌山線,妙寺,21,JR西日本
和歌山線,大谷,22,JR西日本
和歌山線,笠田,23,JR西日本
和歌山線,西笠田,24,JR西日本
和歌山線,名手,25,JR西日本
和歌山線,粉河,26,JR西日本
和歌山線,紀伊長田,27,JR西日本
和歌山線,打田,28,JR西日本
和歌山線,下井阪,29,JR西日本
和歌山線,岩出,30,JR西日本
和歌山線,船戸,31,JR西日本
和歌山線,紀伊小倉,32,JR西日本
和歌山線,布施屋,33,JR西日本
和歌山線,千旦,34,JR西日本
和歌山線,田井ノ瀬,35,JR西日本
和歌山線,和歌山,36,JR西日本
阪和線,天王寺,1,JR西日本
阪和線,美章園,2,JR西日本
阪和線,南田辺,3,JR西日本
阪和線,鶴ヶ丘,4,JR西日本
阪和線,長居,5,JR西日本
阪和線,我孫子町,6,JR西日本
阪和線,杉本町,7,JR西日本
阪和線,浅香,8,JR西日本
阪和線,堺市,9,JR西日本
阪和線,三国ヶ丘,10,JR西日本
阪和線,百舌鳥,11,JR西日本
阪和線,上野芝,12,JR西日本
阪和線,津久野,13,JR西日本
阪和線,鳳,14,JR西日本
阪和線,富木,15,JR西日本
阪和線,北信太,16,JR西日本
阪和線,信太山,17,JR西日本
阪和線,和泉府中,18,JR西日本
阪和線,久米田,19,JR西日本
阪和線,下松,20,JR西日本
阪和線,東岸和田,21,JR西日本
阪和線,東貝塚,22,JR西日本
阪和線,和泉橋本,23,JR西日本
阪和線,東佐野,24,JR西日本
阪和線,熊取,25,JR西日本
阪和線,日根野,26,JR西日本
阪和線,長滝,27,JR西日本
阪和線,新家,28,JR西日本
阪和線,和泉砂川,29,JR西日本
阪和線,和泉鳥取,30,JR西日本
阪和線,山中渓,31,JR西日本
阪和線,紀伊,32,JR西日本
阪和線,六十谷,33,JR西日本
阪和線,紀伊中ノ島,34,JR西日本
阪和線,和歌山,35,JR西日本
阪和線羽衣支線,鳳,1,JR西日本
阪和線羽衣支線,東羽衣,2,JR西日本
関西空港線,日根野,1,JR西日本
関西空港線,りんくうタウン,2,JR西日本
関西空港線,関西空港,3,JR西日本
大阪環状線,天王寺,1,JR西日本
大阪環状線,寺田町,2,JR西日本
大阪環状線,桃谷,3,JR西日本
大阪環状線,鶴橋,4,JR西日本
大阪環状線,玉造,5,JR西日本
大阪環状線,森ノ宮,6,JR西日本
大阪環状線,大阪城公園,7,JR西日本
大阪環状線,京橋,8,JR西日本
大阪環状線,桜ノ宮,9,JR西日本
大阪環状線,天満,10,JR西日本
大阪環状線,大阪,11,JR西日本
大阪環状線,福島,12,JR西日本
大阪環状線,野田,13,JR西日本
大阪環状線,西九条,14,JR西日本
大阪環状線,弁天町,15,JR西日本
大阪環状線,大正,16,JR西日本
大阪環状線,芦原橋,17,JR西日本
大阪環状線,今宮,18,JR西日本
JR東西線,京橋,1,JR西日本
JR東西線,大阪城北詰,2,JR西日本
JR東西線,大阪天満宮,3,JR西日本
JR東西線,北新地,4,JR西日本
JR東西線,新福島,5,JR西日本
JR東西線,海老江,6,JR西日本
JR東西線,御幣島,7,JR西日本
JR東西線,加島,8,JR西日本
JR東西線,尼崎,9,JR西日本
桜島線,西九条,1,JR西日本
桜島線,安治川口,2,JR西日本
桜島線,ユニバーサルシティ,3,JR西日本
桜島線,桜島,4,JR西日本
山陰本線,京都,1,JR西日本
山陰本線,梅小路京都西,2,JR西日本
山陰本線,丹波口,3,JR西日本
山陰本線,二条,4,JR西日本
山陰本線,円町,5,JR西日本
山陰本線,花園,6,JR西日本
山陰本線,太秦,7,JR西日本
山陰本線,嵯峨嵐山,8,JR西日本
山陰本線,保津峡,9,JR西日本
山陰本線,馬堀,10,JR西日本
山陰本線,亀岡,11,JR西日本
山陰本線,並河,12,JR西日本
山陰本線,千代川,13,JR西日本
山陰本線,八木,14,JR西日本
山陰本線,吉富,15,JR西日本
山陰本線,園部,16,JR西日本
山陰本線,船岡,17,JR西日本
山陰本線,日吉,18,JR西日本
山陰本線,鍼灸大学前,19,JR西日本
山陰本線,胡麻,20,JR西日本
山陰本線,下山,21,JR西日本
山陰本線,和知,22,JR西日本
山陰本線,安栖里,23,JR西日本
山陰本線,立木,24,JR西日本
山陰本線,山家,25,JR西日本
山陰本線,綾部,26,JR西日本
山陰本線,高津,27,JR西日本
山陰本線,石原,28,JR西日本
山陰本線,福知山,29,JR西日本
山陰本線,上川口,30,JR西日本
山陰本線,下夜久野,31,JR西日本
山陰本線,上夜久野,32,JR西日本
山陰本線,梁瀬,33,JR西日本
山陰本線,和田山,34,JR西日本
山陰本線,養父,35,JR西日本
山陰本線,八鹿,36,JR西日本
山陰本線,江原,37,JR西日本
山陰本線,国府,38,JR西日本
山陰本線,豊岡,39,JR西日本
山陰本線,玄武洞,40,JR西日本
山陰本線,城崎温泉,41,JR西日本
山陰本線,竹野,42,JR西日本
山陰本線,佐津,43,JR西日本
山陰本線,柴山,44,JR西日本
山陰本線,香住,45,JR西日本
山陰本線,鎧,46,JR西日本
山陰本線,餘部,47,JR西日本
山陰本線,久谷,48,JR西日本
山陰本線,浜坂,49,JR西日本
山陰本線,諸寄,50,JR西日本
山陰本線,居組,51,JR西日本
山陰本線,東浜,52,JR西日本
山陰本線,岩美,53,JR西日本
山陰本線,大岩,54,JR西日本
山陰本線,福部,55,JR西日本
山陰本線,鳥取,56,JR西日本
山陰本線,湖山,57,JR西日本
山陰本線,鳥取大学前,58,JR西日本
山陰本線,末恒,59,JR西日本
山陰本線,宝木,60,JR西日本
山陰本線,浜村,61,JR西日本
山陰本線,青谷,62,JR西日本
山陰本線,泊,63,JR西日本
山陰本線,松崎,64,JR西日本
山陰本線,倉吉,65,JR西日本
山陰本線,下北条,66,JR西日本
山陰本線,由良,67,JR西日本
山陰本線,浦安,68,JR西日本
山陰本線,八橋,69,JR西日本
山陰本線,赤碕,70,JR西日本
山陰本線,中山口,71,JR西日本
山陰本線,下市,72,JR西日本
山陰本線,御来屋,73,JR西日本
山陰本線,名和,74,JR西日本
山陰本線,大山口,75,JR西日本
山陰本線,淀江,76,JR西日本
山陰本線,伯耆大山,77,JR西日本
山陰本線,東山公園,78,JR西日本
山陰本線,米子,79,JR西日本
山陰本線,安来,80,JR西日本
山陰本線,荒島,81,JR西日本
山陰本線,揖屋,82,JR西日本
山陰本線,東松江,83,JR西日本
山陰本線,松江,84,JR西日本
山陰本線,乃木,85,JR西日本
山陰本線,玉造温泉,86,JR西日本
山陰本線,来待,87,JR西日本
山陰本線,宍道,88,JR西日本
山陰本線,荘原,89,JR西日本
山陰本線,直江,90,JR西日本
山陰本線,出雲市,91,JR西日本
山陰本線,西出雲,92,JR西日本
山陰本線,出雲神西,93,JR西日本
山陰本線,江南,94,JR西日本
山陰本線,小田,95,JR西日本
山陰本線,田儀,96,JR西日本
山陰本線,波根,97,JR西日本
山陰本線,久手,98,JR西日本
山陰本線,大田市,99,JR西日本
山陰本線,静間,100,JR西日本
山陰本線,五十猛,101,JR西日本
山陰本線,仁万,102,JR西日本
山陰本線,馬路,103,JR西日本
山陰本線,湯里,104,JR西日本
山陰本線,温泉津,105,JR西日本
山陰本線,石見福光,106,JR西日本
山陰本線,黒松,107,JR西日本
山陰本線,浅利,108,JR西日本
山陰本線,江津,109,JR西日本
山陰本線,都野津,110,JR西日本
山陰本線,敬川,111,JR西日本
山陰本線,波子,112,JR西日本
山陰本線,久代,113,JR西日本
山陰本線,下府,114,JR西日本
山陰本線,浜田,115,JR西日本
山陰本線,西浜田,116,JR西日本
山陰本線,周布,117,JR西日本
山陰本線,折居,118,JR西日本
山陰本線,三保三隅,119,JR西日本
山陰本線,岡見,120,JR西日本
山陰本線,鎌手,121,JR西日本
山陰本線,石見津田,122,JR西日本
山陰本線,益田,123,JR西日本
山陰本線,戸田小浜,124,JR西日本
山陰本線,飯浦,125,JR西日本
山陰本線,江崎,126,JR西日本
山陰本線,須佐,127,JR西日本
山陰本線,宇田郷,128,JR西日本
山陰本線,木与,129,JR西日本
山陰本線,奈古,130,JR西日本
山陰本線,長門大井,131,JR西日本
山陰本線,越ヶ浜,132,JR西日本
山陰本線,東萩,133,JR西日本
山陰本線,萩,134,JR西日本
山陰本線,玉江,135,JR西日本
山陰本線,三見,136,JR西日本
山陰本線,飯井,137,JR西日本
山陰本線,長門三隅,138,JR西日本
山陰本線,長門市,139,JR西日本
山陰本線,黄波戸,140,JR西日本
山陰本線,長門古市,141,JR西日本
山陰本線,人丸,142,JR西日本
山陰本線,伊上,143,JR西日本
山陰本線,長門粟野,144,JR西日本
山陰本線,阿川,145,JR西日本
山陰本線,特牛,146,JR西日本
山陰本線,滝部,147,JR西日本
山陰本線,長門二見,148,JR西日本
山陰本線,宇賀本郷,149,JR西日本
山陰本線,湯玉,150,JR西日本
山陰本線,小串,151,JR西日本
山陰本線,川棚温泉,152,JR西日本
山陰本線,黒井村,153,JR西日本
山陰本線,梅ヶ峠,154,JR西日本
山陰本線,吉見,155,JR西日本
山陰本線,福江,156,JR西日本
山陰本線,安岡,157,JR西日本
山陰本線,梶栗郷台地,158,JR西日本
山陰本線,綾羅木,159,JR西日本
山陰本線,幡生,160,JR西日本
山陰本線長門支線,長門市,1,JR西日本
山陰本線長門支線,仙崎,2,JR西日本
福知山線,尼崎,1,JR西日本
福知山線,塚口,2,JR西日本
福知山線,猪名寺,3,JR西日本
福知山線,伊丹,4,JR西日本
福知山線,北伊丹,5,JR西日本
福知山線,川西池田,6,JR西日本
福知山線,中山寺,7,JR西日本
福知山線,宝塚,8,JR西日本
福知山線,生瀬,9,JR西日本
福知山線,西宮名塩,10,JR西日本
福知山線,武田尾,11,JR西日本
福知山線,道場,12,JR西日本
福知山線,三田,13,JR西日本
福知山線,新三田,14,JR西日本
福知山線,広野,15,JR西日本
福知山線,相野,16,JR西日本
福知山線,藍本,17,JR西日本
福知山線,草野,18,JR西日本
福知山線,古市,19,JR西日本
福知山線,南矢代,20,JR西日本
福知山線,篠山口,21,JR西日本
福知山線,丹波大山,22,JR西日本
福知山線,下滝,23,JR西日本
福知山線,谷川,24,JR西日本
福知山線,柏原,25,JR西日本
福知山線,石生,26,JR西日本
福知山線,黒井,27,JR西日本
福知山線,市島,28,JR西日本
福知山線,丹波竹田,29,JR西日本
福知山線,福知山,30,JR西日本
加古川線,加古川,1,JR西日本
加古川線,日岡,2,JR西日本
加古川線,神野,3,JR西日本
加古川線,厄神,4,JR西日本
加古川線,市場,5,JR西日本
加古川線,小野町,6,JR西日本
加古川線,粟生,7,JR西日本
加古川線,河合西,8,JR西日本
加古川線,青野ヶ原,9,JR西日本
加古川線,社町,10,JR西日本
加古川線,滝野,11,JR西日本
加古川線,滝,12,JR西日本
加古川線,西脇市,13,JR西日本
加古川線,新西脇,14,JR西日本
加古川線,比延,15,JR西日本
加古川線,日本へそ公園,16,JR西日本
加古川線,黒田庄,17,JR西日本
加古川線,本黒田,18,JR西日本
加古川線,船町口,19,JR西日本
加古川線,久下村,20,JR西日本
加古川線,谷川,21,JR西日本
山陽本線,神戸,1,JR西日本
山陽本線,兵庫,2,JR西日本
山陽本線,新長田,3,JR西日本
山陽本線,鷹取,4,JR西日本
山陽本線,須磨海浜公園,5,JR西日本
山陽本線,須磨,6,JR西日本
山陽本線,塩屋,7,JR西日本
山陽本線,垂水,8,JR西日本
山陽本線,舞子,9,JR西日本
山陽本線,朝霧,10,JR西日本
山陽本線,明石,11,JR西日本
山陽本線,西明石,12,JR西日本
山陽本線,大久保,13,JR西日本
山陽本線,魚住,14,JR西日本
山陽本線,土山,15,JR西日本
山陽本線,東加古川,16,JR西日本
山陽本線,加古川,17,JR西日本
山陽本線,宝殿,18,JR西日本
山陽本線,曽根,19,JR西日本
山陽本線,ひめじ別所,20,JR西日本
山陽本線,御着,21,JR西日本
山陽本線,東姫路,22,JR西日本
山陽本線,姫路,23,JR西日本
山陽本線,手柄山平和公園,24,JR西日本
山陽本線,英賀保,25,JR西日本
山陽本線,はりま勝原,26,JR西日本
山陽本線,網干,27,JR西日本
山陽本線,竜野,28,JR西日本
山陽本線,相生,29,JR西日本
山陽本線,有年,30,JR西日本
山陽本線,上郡,31,JR西日本
山陽本線,三石,32,JR西日本
山陽本線,吉永,33,JR西日本
山陽本線,和気,34,JR西日本
山陽本線,熊山,35,JR西日本
山陽本線,万富,36,JR西日本
山陽本線,瀬戸,37,JR西日本
山陽本線,上道,38,JR西日本
山陽本線,東岡山,39,JR西日本
山陽本線,高島,40,JR西日本
山陽本線,西川原,41,JR西日本
山陽本線,岡山,42,JR西日本
山陽本線,北長瀬,43,JR西日本
山陽本線,庭瀬,44,JR西日本
山陽本線,中庄,45,JR西日本
山陽本線,倉敷,46,JR西日本
山陽本線,西阿知,47,JR西日本
山陽本線,新倉敷,48,JR西日本
山陽本線,金光,49,JR西日本
山陽本線,里庄,50,JR西日本
山陽本線,鴨方,51,JR西日本
山陽本線,笠岡,52,JR西日本
山陽本線,大門,53,JR西日本
山陽本線,東福山,54,JR西日本
山陽本線,福山,55,JR西日本
山陽本線,備後赤坂,56,JR西日本
山陽本線,松永,57,JR西日本
山陽本線,東尾道,58,JR西日本
山陽本線,尾道,59,JR西日本
山陽本線,糸崎,60,JR西日本
山陽本線,三原,61,JR西日本
山陽本線,河内,62,JR西日本
山陽本線,本郷,63,JR西日本
山陽本線,入野,64,JR西日本
山陽本線,白市,65,JR西日本
山陽本線,西高屋,66,JR西日本
山陽本線,西条,67,JR西日本
山陽本線,寺家,68,JR西日本
山陽本線,八本松,69,JR西日本
山陽本線,瀬野,70,JR西日本
山陽本線,中野東,71,JR西日本
山陽本線,安芸中野,72,JR西日本
山陽本線,海田市,73,JR西日本
山陽本線,向洋,74,JR西日本
山陽本線,天神川,75,JR西日本
山陽本線,広島,76,JR西日本
山陽本線,新白島,77,JR西日本
山陽本線,横川,78,JR西日本
山陽本線,西広島,79,JR西日本
山陽本線,新井口,80,JR西日本
山陽本線,五日市,81,JR西日本
山陽本線,廿日市,82,JR西日本
山陽本線,宮内串戸,83,JR西日本
山陽本線,阿品,84,JR西日本
山陽本線,宮島口,85,JR西日本
山陽本線,前空,86,JR西日本
山陽本線,大野浦,87,JR西日本
山陽本線,玖波,88,JR西日本
山陽本線,大竹,89,JR西日本
山陽本線,和木,90,JR西日本
山陽本線,岩国,91,JR西日本
山陽本線,南岩国,92,JR西日本
山陽本線,藤生,93,JR西日本
山陽本線,通津,94,JR西日本
山陽本線,由宇,95,JR西日本
山陽本線,神代,96,JR西日本
山陽本線,大畠,97,JR西日本
山陽本線,柳井港,98,JR西日本
山陽本線,柳井,99,JR西日本
山陽本線,田布施,100,JR西日本
山陽本線,岩田,101,JR西日本
山陽本線,島田,102,JR西日本
山陽本線,光,103,JR西日本
山陽本線,下松,104,JR西日本
山陽本線,櫛ヶ浜,105,JR西日本
山陽本線,徳山,106,JR西日本
山陽本線,新南陽,107,JR西日本
山陽本線,福川,108,JR西日本
山陽本線,戸田,109,JR西日本
山陽本線,富海,110,JR西日本
山陽本線,防府,111,JR西日本
山陽本線,大道,112,JR西日本
山陽本線,四辻,113,JR西日本
山陽本線,新山口,114,JR西日本
山陽本線,嘉川,115,JR西日本
山陽本線,本由良,116,JR西日本
山陽本線,厚東,117,JR西日本
山陽本線,宇部,118,JR西日本
山陽本線,小野田,119,JR西日本
山陽本線,厚狭,120,JR西日本
山陽本線,埴生,121,JR西日本
山陽本線,小月,122,JR西日本
山陽本線,長府,123,JR西日本
山陽本線,新下関,124,JR西日本
山陽本線,幡生,125,JR西日本
山陽本線,下関,126,JR西日本
山陽本線,門司,127,JR西日本
山陽本線和田岬支線,兵庫,1,JR西日本
山陽本線和田岬支線,和田岬,2,JR西日本
播但線,姫路,1,JR西日本
播但線,京口,2,JR西日本
播但線,野里,3,JR西日本
播但線,砥堀,4,JR西日本
播但線,仁豊野,5,JR西日本
播但線,香呂,6,JR西日本
播但線,溝口,7,JR西日本
播但線,福崎,8,JR西日本
播但線,甘地,9,JR西日本
播但線,鶴居,10,JR西日本
播但線,新野,11,JR西日本
播但線,寺前,12,JR西日本
播但線,長谷,13,JR西日本
播但線,生野,14,JR西日本
播但線,新井口,15,JR西日本
播但線,青倉,16,JR西日本
播但線,竹田,17,JR西日本
播但線,和田山,18,JR西日本
姫新線,姫路,1,JR西日本
姫新線,播磨高岡,2,JR西日本
姫新線,余部,3,JR西日本
姫新線,太市,4,JR西日本
姫新線,本竜野,5,JR西日本
姫新線,東觜崎,6,JR西日本
姫新線,播磨新宮,7,JR西日本
姫新線,千本,8,JR西日本
姫新線,西栗栖,9,JR西日本
姫新線,三日月,10,JR西日本
姫新線,播磨徳久,11,JR西日本
姫新線,佐用,12,JR西日本
姫新線,上月,13,JR西日本
姫新線,美作土居,14,JR西日本
姫新線,美作江見,15,JR西日本
姫新線,楢原,16,JR西日本
姫新線,林野,17,JR西日本
姫新線,勝間田,18,JR西日本
姫新線,西勝間田,19,JR西日本
姫新線,美作大崎,20,JR西日本
姫新線,東津山,21,JR西日本
姫新線,津山,22,JR西日本
姫新線,院庄,23,JR西日本
姫新線,美作千代,24,JR西日本
姫新線,坪井,25,JR西日本
姫新線,美作追分,26,JR西日本
姫新線,美作落合,27,JR西日本
姫新線,古見,28,JR西日本
姫新線,久世,29,JR西日本
姫新線,中国勝山,30,JR西日本
姫新線,月田,31,JR西日本
姫新線,富原,32,JR西日本
姫新線,刑部,33,JR西日本
姫新線,丹治部,34,JR西日本
姫新線,岩山,35,JR西日本
姫新線,新見,36,JR西日本
因美線,鳥取,1,JR西日本
因美線,津ノ井,2,JR西日本
因美線,東郡家,3,JR西日本
因美線,郡家,4,JR西日本
因美線,河原,5,JR西日本
因美線,国英,6,JR西日本
因美線,鷹狩,7,JR西日本
因美線,用瀬,8,JR西日本
因美線,因幡社,9,JR西日本
因美線,智頭,10,JR西日本
因美線,土師,11,JR西日本
因美線,那岐,12,JR西日本
因美線,美作河井,13,JR西日本
因美線,知和,14,JR西日本
因美線,美作加茂,15,JR西日本
因美線,三浦,16,JR西日本
因美線,美作滝尾,17,JR西日本
因美線,高野,18,JR西日本
因美線,東津山,19,JR西日本
赤穂線,相生,1,JR西日本
赤穂線,西相生,2,JR西日本
赤穂線,坂越,3,JR西日本
赤穂線,播州赤穂,4,JR西日本
赤穂線,天和,5,JR西日本
赤穂線,備前福河,6,JR西日本
赤穂線,寒河,7,JR西日本
赤穂線,日生,8,JR西日本
赤穂線,伊里,9,JR西日本
赤穂線,備前片上,10,JR西日本
赤穂線,西片上,11,JR西日本
赤穂線,伊部,12,JR西日本
赤穂線,香登,13,JR西日本
赤穂線,長船,14,JR西日本
赤穂線,邑久,15,JR西日本
赤穂線,大富,16,JR西日本
赤穂線,西大寺,17,JR西日本
赤穂線,大多羅,18,JR西日本
赤穂線,東岡山,19,JR西日本
津山線,岡山,1,JR西日本
津山線,法界院,2,JR西日本
津山線,備前原,3,JR西日本
津山線,玉柏,4,JR西日本
津山線,牧山,5,JR西日本
津山線,野々口,6,JR西日本
津山線,金川,7,JR西日本
津山線,建部,8,JR西日本
津山線,福渡,9,JR西日本
津山線,神目,10,JR西日本
津山線,弓削,11,JR西日本
津山線,誕生寺,12,JR西日本
津山線,小原,13,JR西日本
津山線,亀甲,14,JR西日本
津山線,佐良山,15,JR西日本
津山線,津山口,16,JR西日本
津山線,津山,17,JR西日本
宇野線,岡山,1,JR西日本
宇野線,大元,2,JR西日本
宇野線,備前西市,3,JR西日本
宇野線,妹尾,4,JR西日本
宇野線,備中箕島,5,JR西日本
宇野線,早島,6,JR西日本
宇野線,久々原,7,JR西日本
宇野線,茶屋町,8,JR西日本
宇野線,彦崎,9,JR西日本
宇野線,備前片岡,10,JR西日本
宇野線,迫川,11,JR西日本
宇野線,常山,12,JR西日本
宇野線,八浜,13,JR西日本
宇野線,備前田井,14,JR西日本
宇野線,宇野,15,JR西日本
本四備讃線,茶屋町,1,JR西日本
本四備讃線,植松,2,JR西日本
本四備讃線,木見,3,JR西日本
本四備讃線,上の町,4,JR西日本
本四備讃線,児島,5,JR西日本
本四備讃線,児島,1,JR四国
本四備讃線,宇多津,2,JR四国
吉備線,岡山,1,JR西日本
吉備線,備前三門,2,JR西日本
吉備線,大安寺,3,JR西日本
吉備線,備前一宮,4,JR西日本
吉備線,吉備津,5,JR西日本
吉備線,備中高松,6,JR西日本
吉備線,足守,7,JR西日本
吉備線,服部,8,JR西日本
吉備線,東総社,9,JR西日本
吉備線,総社,10,JR西日本
伯備線,倉敷,1,JR西日本
伯備線,清音,2,JR西日本
伯備線,総社,3,JR西日本
伯備線,豪渓,4,JR西日本
伯備線,日羽,5,JR西日本
伯備線,美袋,6,JR西日本
伯備線,備中広瀬,7,JR西日本
伯備線,備中高梁,8,JR西日本
伯備線,木野山,9,JR西日本
伯備線,備中川面,10,JR西日本
伯備線,方谷,11,JR西日本
伯備線,井倉,12,JR西日本
伯備線,石蟹,13,JR西日本
伯備線,新見,14,JR西日本
伯備線,布原,15,JR西日本
伯備線,備中神代,16,JR西日本
伯備線,足立,17,JR西日本
伯備線,新郷,18,JR西日本
伯備線,上石見,19,JR西日本
伯備線,生山,20,JR西日本
伯備線,上菅,21,JR西日本
伯備線,黒坂,22,JR西日本
伯備線,根雨,23,JR西日本
伯備線,武庫,24,JR西日本
伯備線,江尾,25,JR西日本
伯備線,伯耆溝口,26,JR西日本
伯備線,岸本,27,JR西日本
伯備線,伯耆大山,28,JR西日本
芸備線,備中神代,1,JR西日本
芸備線,坂根,2,JR西日本
芸備線,市岡,3,JR西日本
芸備線,矢神,4,JR西日本
芸備線,野馳,5,JR西日本
芸備線,東城,6,JR西日本
芸備線,備後八幡,7,JR西日本
芸備線,内名,8,JR西日本
芸備線,小奴可,9,JR西日本
芸備線,道後山,10,JR西日本
芸備線,備後落合,11,JR西日本
芸備線,比婆山,12,JR西日本
芸備線,備後西城,13,JR西日本
芸備線,平子,14,JR西日本
芸備線,高,15,JR西日本
芸備線,備後庄原,16,JR西日本
芸備線,備後三日市,17,JR西日本
芸備線,七塚,18,JR西日本
芸備線,山ノ内,19,JR西日本
芸備線,下和知,20,JR西日本
芸備線,塩町,21,JR西日本
芸備線,神杉,22,JR西日本
芸備線,八次,23,JR西日本
芸備線,三次,24,JR西日本
芸備線,西三次,25,JR西日本
芸備線,志和地,26,JR西日本
芸備線,上川立,27,JR西日本
芸備線,甲立,28,JR西日本
芸備線,吉田口,29,JR西日本
芸備線,向原,30,JR西日本
芸備線,井原市,31,JR西日本
芸備線,志和口,32,JR西日本
芸備線,上三田,33,JR西日本
芸備線,中三田,34,JR西日本
芸備線,白木山,35,JR西日本
芸備線,狩留家,36,JR西日本
芸備線,上深川,37,JR西日本
芸備線,中深川,38,JR西日本
芸備線,下深川,39,JR西日本
芸備線,玖村,40,JR西日本
芸備線,安芸矢口,41,JR西日本
芸備線,戸坂,42,JR西日本
芸備線,矢賀,43,JR西日本
芸備線,広島,44,JR西日本
境線,米子,1,JR西日本
境線,博労町,2,JR西日本
境線,富士見町,3,JR西日本
境線,後藤,4,JR西日本
境線,三本松口,5,JR西日本
境線,河崎口,6,JR西日本
境線,弓ヶ浜,7,JR西日本
境線,和田浜,8,JR西日本
境線,大篠津町,9,JR西日本
境線,米子空港,10,JR西日本
境線,中浜,11,JR西日本
境線,高松町,12,JR西日本
境線,余子,13,JR西日本
境線,上道,14,JR西日本
境線,馬場崎町,15,JR西日本
境線,境港,16,JR西日本
木次線,宍道,1,JR西日本
木次線,南宍道,2,JR西日本
木次線,加茂中,3,JR西日本
木次線,幡屋,4,JR西日本
木次線,出雲大東,5,JR西日本
木次線,南大東,6,JR西日本
木次線,木次,7,JR西日本
木次線,日登,8,JR西日本
木次線,下久野,9,JR西日本
木次線,出雲八代,10,JR西日本
木次線,出雲三成,11,JR西日本
木次線,亀嵩,12,JR西日本
木次線,出雲横田,13,JR西日本
木次線,八川,14,JR西日本
木次線,出雲坂根,15,JR西日本
木次線,三井野原,16,JR西日本
木次線,油木,17,JR西日本
木次線,備後落合,18,JR西日本
福塩線,福山,1,JR西日本
福塩線,備後本庄,2,JR西日本
福塩線,横尾,3,JR西日本
福塩線,神辺,4,JR西日本
福塩線,湯田村,5,JR西日本
福塩線,道上,6,JR西日本
福塩線,万能倉,7,JR西日本
福塩線,駅家,8,JR西日本
福塩線,近田,9,JR西日本
福塩線,戸手,10,JR西日本
福塩線,上戸手,11,JR西日本
福塩線,新市,12,JR西日本
福塩線,高木,13,JR西日本
福塩線,鵜飼,14,JR西日本
福塩線,府中,15,JR西日本
福塩線,下川辺,16,JR西日本
福塩線,中畑,17,JR西日本
福塩線,河佐,18,JR西日本
福塩線,備後三川,19,JR西日本
福塩線,備後矢野,20,JR西日本
福塩線,上下,21,JR西日本
福塩線,甲奴,22,JR西日本
福塩線,梶田,23,JR西日本
福塩線,備後安田,24,JR西日本
福塩線,吉舎,25,JR西日本
福塩線,三良坂,26,JR西日本
福塩線,塩町,27,JR西日本
呉線,三原,1,JR西日本
呉線,須波,2,JR西日本
呉線,安芸幸崎,3,JR西日本
呉線,忠海,4,JR西日本
呉線,安芸長浜,5,JR西日本
呉線,大乗,6,JR西日本
呉線,竹原,7,JR西日本
呉線,吉名,8,JR西日本
呉線,安芸津,9,JR西日本
呉線,風早,10,JR西日本
呉線,安浦,11,JR西日本
呉線,安登,12,JR西日本
呉線,安芸川尻,13,JR西日本
呉線,仁方,14,JR西日本
呉線,広,15,JR西日本
呉線,新広,16,JR西日本
呉線,安芸阿賀,17,JR西日本
呉線,呉,18,JR西日本
呉線,川原石,19,JR西日本
呉線,吉浦,20,JR西日本
呉線,かるが浜,21,JR西日本
呉線,天応,22,JR西日本
呉線,呉ポートピア,23,JR西日本
呉線,小屋浦,24,JR西日本
呉線,水尻,25,JR西日本
呉線,坂,26,JR西日本
呉線,矢野,27,JR西日本
呉線,海田市,28,JR西日本
可部線,横川,1,JR西日本
可部線,三滝,2,JR西日本
可部線,安芸長束,3,JR西日本
可部線,下祇園,4,JR西日本
可部線,古市橋,5,JR西日本
可部線,大町,6,JR西日本
可部線,緑井,7,JR西日本
可部線,七軒茶屋,8,JR西日本
可部線,梅林,9,JR西日本
可部線,上八木,10,JR西日本
可部線,中島,11,JR西日本
可部線,可部,12,JR西日本
可部線,河戸帆待川,13,JR西日本
可部線,あき亀山,14,JR西日本
岩徳線,岩国,1,JR西日本
岩徳線,西岩国,2,JR西日本
岩徳線,川西,3,JR西日本
岩徳線,柱野,4,JR西日本
岩徳線,欽明路,5,JR西日本
岩徳線,玖珂,6,JR西日本
岩徳線,周防高森,7,JR西日本
岩徳線,米川,8,JR西日本
岩徳線,高水,9,JR西日本
岩徳線,勝間,10,JR西日本
岩徳線,大河内,11,JR西日本
岩徳線,周防久保,12,JR西日本
岩徳線,生野屋,13,JR西日本
岩徳線,周防花岡,14,JR西日本
岩徳線,櫛ヶ浜,15,JR西日本
山口線,新山口,1,JR西日本
山口線,周防下郷,2,JR西日本
山口線,上郷,3,JR西日本
山口線,仁保津,4,JR西日本
山口線,大歳,5,JR西日本
山口線,矢原,6,JR西日本
山口線,湯田温泉,7,JR西日本
山口線,山口,8,JR西日本
山口線,上山口,9,JR西日本
山口線,宮野,10,JR西日本
山口線,仁保,11,JR西日本
山口線,篠目,12,JR西日本
山口線,長門峡,13,JR西日本
山口線,渡川,14,JR西日本
山口線,三谷,15,JR西日本
山口線,名草,16,JR西日本
山口線,地福,17,JR西日本
山口線,鍋倉,18,JR西日本
山口線,徳佐,19,JR西日本
山口線,船平山,20,JR西日本
山口線,津和野,21,JR西日本
山口線,青野山,22,JR西日本
山口線,日原,23,JR西日本
山口線,青原,24,JR西日本
山口線,東青原,25,JR西日本
山口線,石見横田,26,JR西日本
山口線,本俣賀,27,JR西日本
山口線,益田,28,JR西日本
宇部線,新山口,1,JR西日本
宇部線,上嘉川,2,JR西日本
宇部線,深溝,3,JR西日本
宇部線,周防佐山,4,JR西日本
宇部線,岩倉,5,JR西日本
宇部線,阿知須,6,JR西日本
宇部線,岐波,7,JR西日本
宇部線,丸尾,8,JR西日本
宇部線,床波,9,JR西日本
宇部線,常盤,10,JR西日本
宇部線,草江,11,JR西日本
宇部線,宇部岬,12,JR西日本
宇部線,東新川,13,JR西日本
宇部線,琴芝,14,JR西日本
宇部線,宇部新川,15,JR西日本
宇部線,居能,16,JR西日本
宇部線,岩鼻,17,JR西日本
宇部線,宇部,18,JR西日本
小野田線,居能,1,JR西日本
小野田線,妻崎,2,JR西日本
小野田線,長門長沢,3,JR西日本
小野田線,雀田,4,JR西日本
小野田線,小野田港,5,JR西日本
小野田線,南小野田,6,JR西日本
小野田線,南中川,7,JR西日本
小野田線,目出,8,JR西日本
小野田線,小野田,9,JR西日本
小野田線長門本山支線,雀田,1,JR西日本
小野田線長門本山支線,浜河内,2,JR西日本
小野田線長門本山支線,長門本山,3,JR西日本
美祢線,厚狭,1,JR西日本
美祢線,湯ノ峠,2,JR西日本
美祢線,厚保,3,JR西日本
美祢線,四郎ヶ原,4,JR西日本
美祢線,南大嶺,5,JR西日本
美祢線,美祢,6,JR西日本
美祢線,重安,7,JR西日本
美祢線,於福,8,JR西日本
美祢線,渋木,9,JR西日本
美祢線,長門湯本,10,JR西日本
美祢線,板持,11,JR西日本
美祢線,長門市,12,JR西日本
博多南線,博多,1,JR西日本
博多南線,博多南,2,JR西日本
予讃線,高松,1,JR四国
予讃線,香西,2,JR四国
予讃線,鬼無,3,JR四国
予讃線,端岡,4,JR四国
予讃線,国分,5,JR四国
予讃線,讃岐府中,6,JR四国
予讃線,鴨川,7,JR四国
予讃線,八十場,8,JR四国
予讃線,坂出,9,JR四国
予讃線,宇多津,10,JR四国
予讃線,丸亀,11,JR四国
予讃線,讃岐塩屋,12,JR四国
予讃線,多度津,13,JR四国
予讃線,海岸寺,14,JR四国
予讃線,津島ノ宮,15,JR四国
予讃線,詫間,16,JR四国
予讃線,みの,17,JR四国
予讃線,高瀬,18,JR四国
予讃線,比地大,19,JR四国
予讃線,本山,20,JR四国
予讃線,観音寺,21,JR四国
予讃線,豊浜,22,JR四国
予讃線,箕浦,23,JR四国
予讃線,川之江,24,JR四国
予讃線,伊予三島,25,JR四国
予讃線,伊予寒川,26,JR四国
予讃線,赤星,27,JR四国
予讃線,伊予土居,28,JR四国
予讃線,関川,29,JR四国
予讃線,多喜浜,30,JR四国
予讃線,新居浜,31,JR四国
予讃線,中萩,32,JR四国
予讃線,伊予西条,33,JR四国
予讃線,石鎚山,34,JR四国
予讃線,伊予氷見,35,JR四国
予讃線,伊予小松,36,JR四国
予讃線,玉之江,37,JR四国
予讃線,壬生川,38,JR四国
予讃線,伊予三芳,39,JR四国
予讃線,伊予桜井,40,JR四国
予讃線,伊予富田,41,JR四国
予讃線,今治,42,JR四国
予讃線,波止浜,43,JR四国
予讃線,波方,44,JR四国
予讃線,大西,45,JR四国
予讃線,伊予亀岡,46,JR四国
予讃線,菊間,47,JR四国
予讃線,浅海,48,JR四国
予讃線,大浦,49,JR四国
予讃線,伊予北条,50,JR四国
予讃線,柳原,51,JR四国
予讃線,粟井,52,JR四国
予讃線,光洋台,53,JR四国
予讃線,堀江,54,JR四国
予讃線,伊予和気,55,JR四国
予讃線,三津浜,56,JR四国
予讃線,松山,57,JR四国
予讃線,市坪,58,JR四国
予讃線,北伊予,59,JR四国
予讃線,南伊予,60,JR四国
予讃線,伊予横田,61,JR四国
予讃線,鳥ノ木,62,JR四国
予讃線,伊予市,63,JR四国
予讃線,向井原,64,JR四国
予讃線,高野川,65,JR四国
予讃線,伊予上灘,66,JR四国
予讃線,下灘,67,JR四国
予讃線,串,68,JR四国
予讃線,喜多灘,69,JR四国
予讃線,伊予長浜,70,JR四国
予讃線,伊予出石,71,JR四国
予讃線,伊予白滝,72,JR四国
予讃線,八多喜,73,JR四国
予讃線,春賀,74,JR四国
予讃線,五郎,75,JR四国
予讃線,伊予大洲,76,JR四国
予讃線,西大洲,77,JR四国
予讃線,伊予平野,78,JR四国
予讃線,千丈,79,JR四国
予讃線,八幡浜,80,JR四国
予讃線,双岩,81,JR四国
予讃線,伊予石城,82,JR四国
予讃線,上宇和,83,JR四国
予讃線,卯之町,84,JR四国
予讃線,下宇和,85,JR四国
予讃線,立間,86,JR四国
予讃線,伊予吉田,87,JR四国
予讃線,高光,88,JR四国
予讃線,北宇和島,89,JR四国
予讃線,宇和島,90,JR四国
予讃線（向井原～内子）,向井原,1,JR四国
予讃線（向井原～内子）,伊予大平,2,JR四国
予讃線（向井原～内子）,伊予中山,3,JR四国
予讃線（向井原～内子）,伊予立川,4,JR四国
予讃線（向井原～内子）,内子,5,JR四国
予讃線（新谷～伊予大洲）,新谷,1,JR四国
予讃線（新谷～伊予大洲）,伊予大洲,2,JR四国
内子線,新谷,1,JR四国
内子線,喜多山,2,JR四国
内子線,五十崎,3,JR四国
内子線,内子,4,JR四国
土讃線,多度津,1,JR四国
土讃線,金蔵寺,2,JR四国
土讃線,善通寺,3,JR四国
土讃線,琴平,4,JR四国
土讃線,塩入,5,JR四国
土讃線,黒川,6,JR四国
土讃線,讃岐財田,7,JR四国
土讃線,坪尻,8,JR四国
土讃線,箸蔵,9,JR四国
土讃線,佃,10,JR四国
土讃線,阿波池田,11,JR四国
土讃線,三縄,12,JR四国
土讃線,祖谷口,13,JR四国
土讃線,阿波川口,14,JR四国
土讃線,小歩危,15,JR四国
土讃線,大歩危,16,JR四国
土讃線,土佐岩原,17,JR四国
土讃線,豊永,18,JR四国
土讃線,大田口,19,JR四国
土讃線,土佐穴内,20,JR四国
土讃線,大杉,21,JR四国
土讃線,土佐北川,22,JR四国
土讃線,角茂谷,23,JR四国
土讃線,繁藤,24,JR四国
土讃線,新改,25,JR四国
土讃線,土佐山田,26,JR四国
土讃線,山田西町,27,JR四国
土讃線,土佐長岡,28,JR四国
土讃線,後免,29,JR四国
土讃線,土佐大津,30,JR四国
土讃線,布師田,31,JR四国
土讃線,土佐一宮,32,JR四国
土讃線,薊野,33,JR四国
土讃線,高知,34,JR四国
土讃線,入明,35,JR四国
土讃線,円行寺口,36,JR四国
土讃線,旭,37,JR四国
土讃線,高知商業前,38,JR四国
土讃線,朝倉,39,JR四国
土讃線,枝川,40,JR四国
土讃線,伊野,41,JR四国
土讃線,波川,42,JR四国
土讃線,小村神社前,43,JR四国
土讃線,日下,44,JR四国
土讃線,岡花,45,JR四国
土讃線,土佐加茂,46,JR四国
土讃線,西佐川,47,JR四国
土讃線,佐川,48,JR四国
土讃線,襟野々,49,JR四国
土讃線,斗賀野,50,JR四国
土讃線,吾桑,51,JR四国
土讃線,多ノ郷,52,JR四国
土讃線,大間,53,JR四国
土讃線,須崎,54,JR四国
土讃線,土佐新荘,55,JR四国
土讃線,安和,56,JR四国
土讃線,土佐久礼,57,JR四国
土讃線,影野,58,JR四国
土讃線,六反地,59,JR四国
土讃線,仁井田,60,JR四国
土讃線,窪川,61,JR四国
高徳線,高松,1,JR四国
高徳線,昭和町,2,JR四国
高徳線,栗林公園北口,3,JR四国
高徳線,栗林,4,JR四国
高徳線,木太町,5,JR四国
高徳線,屋島,6,JR四国
高徳線,古高松南,7,JR四国
高徳線,八栗口,8,JR四国
高徳線,讃岐牟礼,9,JR四国
高徳線,志度,10,JR四国
高徳線,オレンジタウン,11,JR四国
高徳線,造田,12,JR四国
高徳線,神前,13,JR四国
高徳線,讃岐津田,14,JR四国
高徳線,鶴羽,15,JR四国
高徳線,丹生,16,JR四国
高徳線,三本松,17,JR四国
高徳線,讃岐白鳥,18,JR四国
高徳線,引田,19,JR四国
高徳線,讃岐相生,20,JR四国
高徳線,阿波大宮,21,JR四国
高徳線,板野,22,JR四国
高徳線,阿波川端,23,JR四国
高徳線,板東,24,JR四国
高徳線,池谷,25,JR四国
高徳線,勝瑞,26,JR四国
高徳線,吉成,27,JR四国
高徳線,佐古,28,JR四国
高徳線,徳島,29,JR四国
鳴門線,池谷,1,JR四国
鳴門線,阿波大谷,2,JR四国
鳴門線,立道,3,JR四国
鳴門線,教会前,4,JR四国
鳴門線,金比羅前,5,JR四国
鳴門線,撫養,6,JR四国
鳴門線,鳴門,7,JR四国
徳島線,佃,1,JR四国
徳島線,辻,2,JR四国
徳島線,阿波加茂,3,JR四国
徳島線,三加茂,4,JR四国
徳島線,江口,5,JR四国
徳島線,阿波半田,6,JR四国
徳島線,貞光,7,JR四国
徳島線,小島,8,JR四国
徳島線,穴吹,9,JR四国
徳島線,川田,10,JR四国
徳島線,阿波山川,11,JR四国
徳島線,山瀬,12,JR四国
徳島線,学,13,JR四国
徳島線,阿波川島,14,JR四国
徳島線,西麻植,15,JR四国
徳島線,鴨島,16,JR四国
徳島線,麻植塚,17,JR四国
徳島線,牛島,18,JR四国
徳島線,下浦,19,JR四国
徳島線,石井,20,JR四国
徳島線,府中,21,JR四国
徳島線,鮎喰,22,JR四国
徳島線,蔵本,23,JR四国
徳島線,佐古,24,JR四国
牟岐線,徳島,1,JR四国
牟岐線,阿波富田,2,JR四国
牟岐線,二軒屋,3,JR四国
牟岐線,文化の森,4,JR四国
牟岐線,地蔵橋,5,JR四国
牟岐線,中田,6,JR四国
牟岐線,南小松島,7,JR四国
牟岐線,阿波赤石,8,JR四国
牟岐線,立江,9,JR四国
牟岐線,羽ノ浦,10,JR四国
牟岐線,西原,11,JR四国
牟岐線,阿波中島,12,JR四国
牟岐線,阿南,13,JR四国
牟岐線,見能林,14,JR四国
牟岐線,阿波橘,15,JR四国
牟岐線,桑野,16,JR四国
牟岐線,新野,17,JR四国
牟岐線,阿波福井,18,JR四国
牟岐線,由岐,19,JR四国
牟岐線,田井ノ浜,20,JR四国
牟岐線,木岐,21,JR四国
牟岐線,北河内,22,JR四国
牟岐線,日和佐,23,JR四国
牟岐線,山河内,24,JR四国
牟岐線,辺川,25,JR四国
牟岐線,牟岐,26,JR四国
牟岐線,鯖瀬,27,JR四国
牟岐線,浅川,28,JR四国
牟岐線,阿波海南,29,JR四国
予土線,若井,1,JR四国
予土線,家地川,2,JR四国
予土線,打井川,3,JR四国
予土線,土佐大正,4,JR四国
予土線,土佐昭和,5,JR四国
予土線,十川,6,JR四国
予土線,半家,7,JR四国
予土線,江川崎,8,JR四国
予土線,西ヶ方,9,JR四国
予土線,真土,10,JR四国
予土線,吉野生,11,JR四国
予土線,松丸,12,JR四国
予土線,出目,13,JR四国
予土線,近永,14,JR四国
予土線,深田,15,JR四国
予土線,大内,16,JR四国
予土線,二名,17,JR四国
予土線,伊予宮野下,18,JR四国
予土線,務田,19,JR四国
予土線,北宇和島,20,JR四国
鹿児島本線（門司港～八代）,門司港,1,JR九州
鹿児島本線（門司港～八代）,小森江,2,JR九州
鹿児島本線（門司港～八代）,門司,3,JR九州
鹿児島本線（門司港～八代）,小倉,4,JR九州
鹿児島本線（門司港～八代）,西小倉,5,JR九州
鹿児島本線（門司港～八代）,九州工大前,6,JR九州
鹿児島本線（門司港～八代）,戸畑,7,JR九州
鹿児島本線（門司港～八代）,枝光,8,JR九州
鹿児島本線（門司港～八代）,スペースワールド,9,JR九州
鹿児島本線（門司港～八代）,八幡,10,JR九州
鹿児島本線（門司港～八代）,黒崎,11,JR九州
鹿児島本線（門司港～八代）,陣原,12,JR九州
鹿児島本線（門司港～八代）,折尾,13,JR九州
鹿児島本線（門司港～八代）,水巻,14,JR九州
鹿児島本線（門司港～八代）,遠賀川,15,JR九州
鹿児島本線（門司港～八代）,海老津,16,JR九州
鹿児島本線（門司港～八代）,教育大前,17,JR九州
鹿児島本線（門司港～八代）,赤間,18,JR九州
鹿児島本線（門司港～八代）,東郷,19,JR九州
鹿児島本線（門司港～八代）,東福間,20,JR九州
鹿児島本線（門司港～八代）,福間,21,JR九州
鹿児島本線（門司港～八代）,千鳥,22,JR九州
鹿児島本線（門司港～八代）,古賀,23,JR九州
鹿児島本線（門司港～八代）,ししぶ,24,JR九州
鹿児島本線（門司港～八代）,新宮中央,25,JR九州
鹿児島本線（門司港～八代）,福工大前,26,JR九州
鹿児島本線（門司港～八代）,九産大前,27,JR九州
鹿児島本線（門司港～八代）,香椎,28,JR九州
鹿児島本線（門司港～八代）,千早,29,JR九州
鹿児島本線（門司港～八代）,箱崎,30,JR九州
鹿児島本線（門司港～八代）,吉塚,31,JR九州
鹿児島本線（門司港～八代）,博多,32,JR九州
鹿児島本線（門司港～八代）,竹下,33,JR九州
鹿児島本線（門司港～八代）,笹原,34,JR九州
鹿児島本線（門司港～八代）,南福岡,35,JR九州
鹿児島本線（門司港～八代）,春日,36,JR九州
鹿児島本線（門司港～八代）,大野城,37,JR九州
鹿児島本線（門司港～八代）,水城,38,JR九州
鹿児島本線（門司港～八代）,都府楼南,39,JR九州
鹿児島本線（門司港～八代）,二日市,40,JR九州
鹿児島本線（門司港～八代）,天拝山,41,JR九州
鹿児島本線（門司港～八代）,原田,42,JR九州
鹿児島本線（門司港～八代）,けやき台,43,JR九州
鹿児島本線（門司港～八代）,基山,44,JR九州
鹿児島本線（門司港～八代）,弥生が丘,45,JR九州
鹿児島本線（門司港～八代）,田代,46,JR九州
鹿児島本線（門司港～八代）,鳥栖,47,JR九州
鹿児島本線（門司港～八代）,肥前旭,48,JR九州
鹿児島本線（門司港～八代）,久留米,49,JR九州
鹿児島本線（門司港～八代）,荒木,50,JR九州
鹿児島本線（門司港～八代）,西牟田,51,JR九州
鹿児島本線（門司港～八代）,羽犬塚,52,JR九州
鹿児島本線（門司港～八代）,筑後船小屋,53,JR九州
鹿児島本線（門司港～八代）,瀬高,54,JR九州
鹿児島本線（門司港～八代）,南瀬高,55,JR九州
鹿児島本線（門司港～八代）,渡瀬,56,JR九州
鹿児島本線（門司港～八代）,吉野,57,JR九州
鹿児島本線（門司港～八代）,銀水,58,JR九州
鹿児島本線（門司港～八代）,大牟田,59,JR九州
鹿児島本線（門司港～八代）,荒尾,60,JR九州
鹿児島本線（門司港～八代）,南荒尾,61,JR九州
鹿児島本線（門司港～八代）,長洲,62,JR九州
鹿児島本線（門司港～八代）,大野下,63,JR九州
鹿児島本線（門司港～八代）,玉名,64,JR九州
鹿児島本線（門司港～八代）,肥後伊倉,65,JR九州
鹿児島本線（門司港～八代）,木葉,66,JR九州
鹿児島本線（門司港～八代）,田原坂,67,JR九州
鹿児島本線（門司港～八代）,植木,68,JR九州
鹿児島本線（門司港～八代）,西里,69,JR九州
鹿児島本線（門司港～八代）,崇城大学前,70,JR九州
鹿児島本線（門司港～八代）,上熊本,71,JR九州
鹿児島本線（門司港～八代）,熊本,72,JR九州
鹿児島本線（門司港～八代）,西熊本,73,JR九州
鹿児島本線（門司港～八代）,川尻,74,JR九州
鹿児島本線（門司港～八代）,富合,75,JR九州
鹿児島本線（門司港～八代）,宇土,76,JR九州
鹿児島本線（門司港～八代）,松橋,77,JR九州
鹿児島本線（門司港～八代）,小川,78,JR九州
鹿児島本線（門司港～八代）,有佐,79,JR九州
鹿児島本線（門司港～八代）,千丁,80,JR九州
鹿児島本線（門司港～八代）,新八代,81,JR九州
鹿児島本線（門司港～八代）,八代,82,JR九州
鹿児島本線（川内～鹿児島）,川内,1,JR九州
鹿児島本線（川内～鹿児島）,隈之城,2,JR九州
鹿児島本線（川内～鹿児島）,木場茶屋,3,JR九州
鹿児島本線（川内～鹿児島）,串木野,4,JR九州
鹿児島本線（川内～鹿児島）,神村学園前,5,JR九州
鹿児島本線（川内～鹿児島）,市来,6,JR九州
鹿児島本線（川内～鹿児島）,湯之元,7,JR九州
鹿児島本線（川内～鹿児島）,東市来,8,JR九州
鹿児島本線（川内～鹿児島）,伊集院,9,JR九州
鹿児島本線（川内～鹿児島）,薩摩松元,10,JR九州
鹿児島本線（川内～鹿児島）,上伊集院,11,JR九州
鹿児島本線（川内～鹿児島）,広木,12,JR九州
鹿児島本線（川内～鹿児島）,鹿児島中央,13,JR九州
鹿児島本線（川内～鹿児島）,鹿児島,14,JR九州
日豊本線,西小倉,1,JR九州
日豊本線,南小倉,2,JR九州
日豊本線,城野,3,JR九州
日豊本線,安部山公園,4,JR九州
日豊本線,下曽根,5,JR九州
日豊本線,朽網,6,JR九州
日豊本線,苅田,7,JR九州
日豊本線,小波瀬西工大前,8,JR九州
日豊本線,行橋,9,JR九州
日豊本線,南行橋,10,JR九州
日豊本線,新田原,11,JR九州
日豊本線,築城,12,JR九州
日豊本線,椎田,13,JR九州
日豊本線,豊前松江,14,JR九州
日豊本線,宇島,15,JR九州
日豊本線,三毛門,16,JR九州
日豊本線,吉富,17,JR九州
日豊本線,中津,18,JR九州
日豊本線,東中津,19,JR九州
日豊本線,今津,20,JR九州
日豊本線,天津,21,JR九州
日豊本線,豊前善光寺,22,JR九州
日豊本線,柳ヶ浦,23,JR九州
日豊本線,豊前長洲,24,JR九州
日豊本線,宇佐,25,JR九州
日豊本線,西屋敷,26,JR九州
日豊本線,立石,27,JR九州
日豊本線,中山香,28,JR九州
日豊本線,杵築,29,JR九州
日豊本線,大神,30,JR九州
日豊本線,日出,31,JR九州
日豊本線,暘谷,32,JR九州
日豊本線,豊後豊岡,33,JR九州
日豊本線,亀川,34,JR九州
日豊本線,別府大学,35,JR九州
日豊本線,別府,36,JR九州
日豊本線,東別府,37,JR九州
日豊本線,西大分,38,JR九州
日豊本線,大分,39,JR九州
日豊本線,牧,40,JR九州
日豊本線,高城,41,JR九州
日豊本線,鶴崎,42,JR九州
日豊本線,大在,43,JR九州
日豊本線,坂ノ市,44,JR九州
日豊本線,幸崎,45,JR九州
日豊本線,佐志生,46,JR九州
日豊本線,下ノ江,47,JR九州
日豊本線,熊崎,48,JR九州
日豊本線,上臼杵,49,JR九州
日豊本線,臼杵,50,JR九州
日豊本線,津久見,51,JR九州
日豊本線,日代,52,JR九州
日豊本線,浅海井,53,JR九州
日豊本線,狩生,54,JR九州
日豊本線,海崎,55,JR九州
日豊本線,佐伯,56,JR九州
日豊本線,上岡,57,JR九州
日豊本線,直見,58,JR九州
日豊本線,直川,59,JR九州
日豊本線,重岡,60,JR九州
日豊本線,宗太郎,61,JR九州
日豊本線,市棚,62,JR九州
日豊本線,北川,63,JR九州
日豊本線,日向長井,64,JR九州
日豊本線,北延岡,65,JR九州
日豊本線,延岡,66,JR九州
日豊本線,南延岡,67,JR九州
日豊本線,旭ヶ丘,68,JR九州
日豊本線,土々呂,69,JR九州
日豊本線,門川,70,JR九州
日豊本線,日向市,71,JR九州
日豊本線,財光寺,72,JR九州
日豊本線,南日向,73,JR九州
日豊本線,美々津,74,JR九州
日豊本線,東都農,75,JR九州
日豊本線,都農,76,JR九州
日豊本線,川南,77,JR九州
日豊本線,高鍋,78,JR九州
日豊本線,日向新富,79,JR九州
日豊本線,佐土原,80,JR九州
日豊本線,日向住吉,81,JR九州
日豊本線,蓮ヶ池,82,JR九州
日豊本線,宮崎神宮,83,JR九州
日豊本線,宮崎,84,JR九州
日豊本線,南宮崎,85,JR九州
日豊本線,加納,86,JR九州
日豊本線,清武,87,JR九州
日豊本線,日向沓掛,88,JR九州
日豊本線,田野,89,JR九州
日豊本線,青井岳,90,JR九州
日豊本線,山之口,91,JR九州
日豊本線,餅原,92,JR九州
日豊本線,三股,93,JR九州
日豊本線,都城,94,JR九州
日豊本線,西都城,95,JR九州
日豊本線,五十市,96,JR九州
日豊本線,財部,97,JR九州
日豊本線,北俣,98,JR九州
日豊本線,大隅大川原,99,JR九州
日豊本線,北永野田,100,JR九州
日豊本線,霧島神宮,101,JR九州
日豊本線,国分,102,JR九州
日豊本線,隼人,103,JR九州
日豊本線,加治木,104,JR九州
日豊本線,錦江,105,JR九州
日豊本線,帖佐,106,JR九州
日豊本線,姶良,107,JR九州
日豊本線,重富,108,JR九州
日豊本線,竜ヶ水,109,JR九州
日豊本線,仙厳園,110,JR九州
日豊本線,鹿児島,111,JR九州
日田彦山線,城野,1,JR九州
日田彦山線,石田,2,JR九州
日田彦山線,志井公園,3,JR九州
日田彦山線,志井,4,JR九州
日田彦山線,石原町,5,JR九州
日田彦山線,呼野,6,JR九州
日田彦山線,採銅所,7,JR九州
日田彦山線,香春,8,JR九州
日田彦山線,一本松,9,JR九州
日田彦山線,田川伊田,10,JR九州
日田彦山線,田川後藤寺,11,JR九州
日田彦山線,池尻,12,JR九州
日田彦山線,豊前川崎,13,JR九州
日田彦山線,西添田,14,JR九州
日田彦山線,添田,15,JR九州
日田彦山線BRT,添田,1,JR九州
日田彦山線BRT,畑川（病院前）,2,JR九州
日田彦山線BRT,塚原,3,JR九州
日田彦山線BRT,野田,4,JR九州
日田彦山線BRT,歓遊舎ひこさん,5,JR九州
日田彦山線BRT,貴船橋,6,JR九州
日田彦山線BRT,豊前桝田,7,JR九州
日田彦山線BRT,柳原,8,JR九州
日田彦山線BRT,下落合,9,JR九州
日田彦山線BRT,屋形原,10,JR九州
日田彦山線BRT,旧英彦中学校前,11,JR九州
日田彦山線BRT,彦山,12,JR九州
日田彦山線BRT,深倉,13,JR九州
日田彦山線BRT,筑前岩屋,14,JR九州
日田彦山線BRT,大行司,15,JR九州
日田彦山線BRT,宝珠山,16,JR九州
日田彦山線BRT,吉竹,17,JR九州
日田彦山線BRT,竹本,18,JR九州
日田彦山線BRT,名本,19,JR九州
日田彦山線BRT,大鶴,20,JR九州
日田彦山線BRT,大明小中学校前,21,JR九州
日田彦山線BRT,方司口,22,JR九州
日田彦山線BRT,伏尾,23,JR九州
日田彦山線BRT,今山,24,JR九州
日田彦山線BRT,釘原,25,JR九州
日田彦山線BRT,小鶴,26,JR九州
日田彦山線BRT,上村,27,JR九州
日田彦山線BRT,祝原,28,JR九州
日田彦山線BRT,夜明,29,JR九州
日田彦山線BRT,北友田,30,JR九州
日田彦山線BRT,南友田,31,JR九州
日田彦山線BRT,光岡,32,JR九州
日田彦山線BRT,林工西口,33,JR九州
日田彦山線BRT,昭和学園前,34,JR九州
日田彦山線BRT,日田市役所前,35,JR九州
日田彦山線BRT,日田,36,JR九州
後藤寺線,新飯塚,1,JR九州
後藤寺線,上三緒,2,JR九州
後藤寺線,下鴨生,3,JR九州
後藤寺線,筑前庄内,4,JR九州
後藤寺線,船尾,5,JR九州
後藤寺線,田川後藤寺,6,JR九州
久大本線,久留米,1,JR九州
久大本線,久留米高校前,2,JR九州
久大本線,南久留米,3,JR九州
久大本線,久留米大学前,4,JR九州
久大本線,御井,5,JR九州
久大本線,善導寺,6,JR九州
久大本線,筑後草野,7,JR九州
久大本線,田主丸,8,JR九州
久大本線,筑後吉井,9,JR九州
久大本線,うきは,10,JR九州
久大本線,筑後大石,11,JR九州
久大本線,夜明,12,JR九州
久大本線,光岡,13,JR九州
久大本線,日田,14,JR九州
久大本線,豊後三芳,15,JR九州
久大本線,豊後中川,16,JR九州
久大本線,天ヶ瀬,17,JR九州
久大本線,杉河内,18,JR九州
久大本線,北山田,19,JR九州
久大本線,豊後森,20,JR九州
久大本線,恵良,21,JR九州
久大本線,引治,22,JR九州
久大本線,豊後中村,23,JR九州
久大本線,野矢,24,JR九州
久大本線,由布院,25,JR九州
久大本線,南由布,26,JR九州
久大本線,湯平,27,JR九州
久大本線,庄内,28,JR九州
久大本線,天神山,29,JR九州
久大本線,小野屋,30,JR九州
久大本線,鬼瀬,31,JR九州
久大本線,向之原,32,JR九州
久大本線,豊後国分,33,JR九州
久大本線,賀来,34,JR九州
久大本線,南大分,35,JR九州
久大本線,古国府,36,JR九州
久大本線,大分,37,JR九州
豊肥本線,熊本,1,JR九州
豊肥本線,平成,2,JR九州
豊肥本線,南熊本,3,JR九州
豊肥本線,新水前寺,4,JR九州
豊肥本線,水前寺,5,JR九州
豊肥本線,東海学園前,6,JR九州
豊肥本線,竜田口,7,JR九州
豊肥本線,武蔵塚,8,JR九州
豊肥本線,光の森,9,JR九州
豊肥本線,三里木,10,JR九州
豊肥本線,原水,11,JR九州
豊肥本線,肥後大津,12,JR九州
豊肥本線,瀬田,13,JR九州
豊肥本線,立野,14,JR九州
豊肥本線,赤水,15,JR九州
豊肥本線,市ノ川,16,JR九州
豊肥本線,内牧,17,JR九州
豊肥本線,阿蘇,18,JR九州
豊肥本線,いこいの村,19,JR九州
豊肥本線,宮地,20,JR九州
豊肥本線,波野,21,JR九州
豊肥本線,滝水,22,JR九州
豊肥本線,豊後荻,23,JR九州
豊肥本線,玉来,24,JR九州
豊肥本線,豊後竹田,25,JR九州
豊肥本線,朝地,26,JR九州
豊肥本線,緒方,27,JR九州
豊肥本線,豊後清川,28,JR九州
豊肥本線,三重町,29,JR九州
豊肥本線,菅尾,30,JR九州
豊肥本線,犬飼,31,JR九州
豊肥本線,竹中,32,JR九州
豊肥本線,中判田,33,JR九州
豊肥本線,大分大学前,34,JR九州
豊肥本線,敷戸,35,JR九州
豊肥本線,滝尾,36,JR九州
豊肥本線,大分,37,JR九州
筑豊本線,若松,1,JR九州
筑豊本線,藤ノ木,2,JR九州
筑豊本線,奥洞海,3,JR九州
筑豊本線,二島,4,JR九州
筑豊本線,本城,5,JR九州
筑豊本線,折尾,6,JR九州
筑豊本線,東水巻,7,JR九州
筑豊本線,中間,8,JR九州
筑豊本線,筑前垣生,9,JR九州
筑豊本線,鞍手,10,JR九州
筑豊本線,筑前植木,11,JR九州
筑豊本線,新入,12,JR九州
筑豊本線,直方,13,JR九州
筑豊本線,勝野,14,JR九州
筑豊本線,小竹,15,JR九州
筑豊本線,鯰田,16,JR九州
筑豊本線,浦田,17,JR九州
筑豊本線,新飯塚,18,JR九州
筑豊本線,飯塚,19,JR九州
筑豊本線,天道,20,JR九州
筑豊本線,桂川,21,JR九州
筑豊本線,上穂波,22,JR九州
筑豊本線,筑前内野,23,JR九州
筑豊本線,筑前山家,24,JR九州
筑豊本線,原田,25,JR九州
香椎線,西戸崎,1,JR九州
香椎線,海ノ中道,2,JR九州
香椎線,雁ノ巣,3,JR九州
香椎線,奈多,4,JR九州
香椎線,和白,5,JR九州
香椎線,香椎,6,JR九州
香椎線,香椎神宮,7,JR九州
香椎線,舞松原,8,JR九州
香椎線,土井,9,JR九州
香椎線,伊賀,10,JR九州
香椎線,長者原,11,JR九州
香椎線,酒殿,12,JR九州
香椎線,須恵,13,JR九州
香椎線,須恵中央,14,JR九州
香椎線,新原,15,JR九州
香椎線,宇美,16,JR九州
篠栗線,桂川,1,JR九州
篠栗線,筑前大分,2,JR九州
篠栗線,九郎原,3,JR九州
篠栗線,城戸南蔵院前,4,JR九州
篠栗線,筑前山手,5,JR九州
篠栗線,篠栗,6,JR九州
篠栗線,門松,7,JR九州
篠栗線,長者原,8,JR九州
篠栗線,原町,9,JR九州
篠栗線,柚須,10,JR九州
篠栗線,吉塚,11,JR九州
筑肥線（姪浜～唐津）,姪浜,1,JR九州
筑肥線（姪浜～唐津）,下山門,2,JR九州
筑肥線（姪浜～唐津）,今宿,3,JR九州
筑肥線（姪浜～唐津）,九大学研都市,4,JR九州
筑肥線（姪浜～唐津）,周船寺,5,JR九州
筑肥線（姪浜～唐津）,波多江,6,JR九州
筑肥線（姪浜～唐津）,糸島高校前,7,JR九州
筑肥線（姪浜～唐津）,筑前前原,8,JR九州
筑肥線（姪浜～唐津）,美咲が丘,9,JR九州
筑肥線（姪浜～唐津）,加布里,10,JR九州
筑肥線（姪浜～唐津）,一貴山,11,JR九州
筑肥線（姪浜～唐津）,筑前深江,12,JR九州
筑肥線（姪浜～唐津）,大入,13,JR九州
筑肥線（姪浜～唐津）,福吉,14,JR九州
筑肥線（姪浜～唐津）,鹿家,15,JR九州
筑肥線（姪浜～唐津）,浜崎,16,JR九州
筑肥線（姪浜～唐津）,虹ノ松原,17,JR九州
筑肥線（姪浜～唐津）,東唐津,18,JR九州
筑肥線（姪浜～唐津）,和多田,19,JR九州
筑肥線（姪浜～唐津）,唐津,20,JR九州
筑肥線（山本～伊万里）,山本,1,JR九州
筑肥線（山本～伊万里）,肥前久保,2,JR九州
筑肥線（山本～伊万里）,西相知,3,JR九州
筑肥線（山本～伊万里）,佐里,4,JR九州
筑肥線（山本～伊万里）,駒鳴,5,JR九州
筑肥線（山本～伊万里）,大川野,6,JR九州
筑肥線（山本～伊万里）,肥前長野,7,JR九州
筑肥線（山本～伊万里）,桃川,8,JR九州
筑肥線（山本～伊万里）,金石原,9,JR九州
筑肥線（山本～伊万里）,上伊万里,10,JR九州
筑肥線（山本～伊万里）,伊万里,11,JR九州
唐津線,久保田,1,JR九州
唐津線,小城,2,JR九州
唐津線,東多久,3,JR九州
唐津線,中多久,4,JR九州
唐津線,多久,5,JR九州
唐津線,厳木,6,JR九州
唐津線,岩屋,7,JR九州
唐津線,相知,8,JR九州
唐津線,本牟田部,9,JR九州
唐津線,山本,10,JR九州
唐津線,鬼塚,11,JR九州
唐津線,唐津,12,JR九州
唐津線,西唐津,13,JR九州
長崎本線,鳥栖,1,JR九州
長崎本線,新鳥栖,2,JR九州
長崎本線,肥前麓,3,JR九州
長崎本線,中原,4,JR九州
長崎本線,吉野ヶ里公園,5,JR九州
長崎本線,神埼,6,JR九州
長崎本線,伊賀屋,7,JR九州
長崎本線,佐賀,8,JR九州
長崎本線,鍋島,9,JR九州
長崎本線,久保田,10,JR九州
長崎本線,牛津,11,JR九州
長崎本線,江北,12,JR九州
長崎本線,肥前白石,13,JR九州
長崎本線,肥前竜王,14,JR九州
長崎本線,肥前鹿島,15,JR九州
長崎本線,肥前浜,16,JR九州
長崎本線,肥前七浦,17,JR九州
長崎本線,肥前飯田,18,JR九州
長崎本線,多良,19,JR九州
長崎本線,肥前大浦,20,JR九州
長崎本線,小長井,21,JR九州
長崎本線,長里,22,JR九州
長崎本線,湯江,23,JR九州
長崎本線,小江,24,JR九州
長崎本線,肥前長田,25,JR九州
長崎本線,東諫早,26,JR九州
長崎本線,諫早,27,JR九州
長崎本線,西諫早,28,JR九州
長崎本線,喜々津,29,JR九州
長崎本線,市布,30,JR九州
長崎本線,肥前古賀,31,JR九州
長崎本線,現川,32,JR九州
長崎本線,浦上,33,JR九州
長崎本線,長崎,34,JR九州
長崎本線長与旧線,喜々津,1,JR九州
長崎本線長与旧線,東園,2,JR九州
長崎本線長与旧線,大草,3,JR九州
長崎本線長与旧線,本川内,4,JR九州
長崎本線長与旧線,長与,5,JR九州
長崎本線長与旧線,高田,6,JR九州
長崎本線長与旧線,道ノ尾,7,JR九州
長崎本線長与旧線,西浦上,8,JR九州
長崎本線長与旧線,浦上,9,JR九州
佐世保線,江北,1,JR九州
佐世保線,大町,2,JR九州
佐世保線,北方,3,JR九州
佐世保線,高橋,4,JR九州
佐世保線,武雄温泉,5,JR九州
佐世保線,永尾,6,JR九州
佐世保線,三間坂,7,JR九州
佐世保線,上有田,8,JR九州
佐世保線,有田,9,JR九州
佐世保線,三河内,10,JR九州
佐世保線,早岐,11,JR九州
佐世保線,大塔,12,JR九州
佐世保線,日宇,13,JR九州
佐世保線,佐世保,14,JR九州
大村線,早岐,1,JR九州
大村線,ハウステンボス,2,JR九州
大村線,南風崎,3,JR九州
大村線,小串郷,4,JR九州
大村線,川棚,5,JR九州
大村線,彼杵,6,JR九州
大村線,千綿,7,JR九州
大村線,松原,8,JR九州
大村線,大村車両基地,9,JR九州
大村線,竹松,10,JR九州
大村線,新大村,11,JR九州
大村線,諏訪,12,JR九州
大村線,大村,13,JR九州
大村線,岩松,14,JR九州
大村線,諫早,15,JR九州
日南線,南宮崎,1,JR九州
日南線,田吉,2,JR九州
日南線,南方,3,JR九州
日南線,木花,4,JR九州
日南線,運動公園,5,JR九州
日南線,曽山寺,6,JR九州
日南線,子供の国,7,JR九州
日南線,青島,8,JR九州
日南線,折生迫,9,JR九州
日南線,内海,10,JR九州
日南線,小内海,11,JR九州
日南線,伊比井,12,JR九州
日南線,北郷,13,JR九州
日南線,内之田,14,JR九州
日南線,飫肥,15,JR九州
日南線,日南,16,JR九州
日南線,油津,17,JR九州
日南線,大堂津,18,JR九州
日南線,南郷,19,JR九州
日南線,谷之口,20,JR九州
日南線,榎原,21,JR九州
日南線,日向大束,22,JR九州
日南線,日向北方,23,JR九州
日南線,串間,24,JR九州
日南線,福島今町,25,JR九州
日南線,福島高松,26,JR九州
日南線,大隅夏井,27,JR九州
日南線,志布志,28,JR九州
宮崎空港線,田吉,1,JR九州
宮崎空港線,宮崎空港,2,JR九州
三角線,宇土,1,JR九州
三角線,緑川,2,JR九州
三角線,住吉,3,JR九州
三角線,肥後長浜,4,JR九州
三角線,網田,5,JR九州
三角線,赤瀬,6,JR九州
三角線,石打ダム,7,JR九州
三角線,波多浦,8,JR九州
三角線,三角,9,JR九州
肥薩線,八代,1,JR九州
肥薩線,段,2,JR九州
肥薩線,坂本,3,JR九州
肥薩線,葉木,4,JR九州
肥薩線,鎌瀬,5,JR九州
肥薩線,瀬戸石,6,JR九州
肥薩線,海路,7,JR九州
肥薩線,吉尾,8,JR九州
肥薩線,白石,9,JR九州
肥薩線,球泉洞,10,JR九州
肥薩線,一勝地,11,JR九州
肥薩線,那良口,12,JR九州
肥薩線,渡,13,JR九州
肥薩線,西人吉,14,JR九州
肥薩線,人吉,15,JR九州
肥薩線,大畑,16,JR九州
肥薩線,矢岳,17,JR九州
肥薩線,真幸,18,JR九州
肥薩線,吉松,19,JR九州
肥薩線,栗野,20,JR九州
肥薩線,大隅横川,21,JR九州
肥薩線,植村,22,JR九州
肥薩線,霧島温泉,23,JR九州
肥薩線,嘉例川,24,JR九州
肥薩線,中福良,25,JR九州
肥薩線,表木山,26,JR九州
肥薩線,日当山,27,JR九州
肥薩線,隼人,28,JR九州
吉都線,都城,1,JR九州
吉都線,日向庄内,2,JR九州
吉都線,谷頭,3,JR九州
吉都線,万ヶ塚,4,JR九州
吉都線,東高崎,5,JR九州
吉都線,高崎新田,6,JR九州
吉都線,日向前田,7,JR九州
吉都線,高原,8,JR九州
吉都線,広原,9,JR九州
吉都線,小林,10,JR九州
吉都線,西小林,11,JR九州
吉都線,えびの飯野,12,JR九州
吉都線,えびの上江,13,JR九州
吉都線,えびの,14,JR九州
吉都線,京町温泉,15,JR九州
吉都線,鶴丸,16,JR九州
吉都線,吉松,17,JR九州
指宿枕崎線,鹿児島中央,1,JR九州
指宿枕崎線,郡元,2,JR九州
指宿枕崎線,南鹿児島,3,JR九州
指宿枕崎線,宇宿,4,JR九州
指宿枕崎線,谷山,5,JR九州
指宿枕崎線,慈眼寺,6,JR九州
指宿枕崎線,坂之上,7,JR九州
指宿枕崎線,五位野,8,JR九州
指宿枕崎線,平川,9,JR九州
指宿枕崎線,瀬々串,10,JR九州
指宿枕崎線,中名,11,JR九州
指宿枕崎線,喜入,12,JR九州
指宿枕崎線,前之浜,13,JR九州
指宿枕崎線,生見,14,JR九州
指宿枕崎線,薩摩今和泉,15,JR九州
指宿枕崎線,宮ヶ浜,16,JR九州
指宿枕崎線,二月田,17,JR九州
指宿枕崎線,指宿,18,JR九州
指宿枕崎線,山川,19,JR九州
指宿枕崎線,大山,20,JR九州
指宿枕崎線,西大山,21,JR九州
指宿枕崎線,薩摩川尻,22,JR九州
指宿枕崎線,東開聞,23,JR九州
指宿枕崎線,開聞,24,JR九州
指宿枕崎線,入野,25,JR九州
指宿枕崎線,頴娃,26,JR九州
指宿枕崎線,西頴娃,27,JR九州
指宿枕崎線,御領,28,JR九州
指宿枕崎線,石垣,29,JR九州
指宿枕崎線,水成川,30,JR九州
指宿枕崎線,頴娃大川,31,JR九州
指宿枕崎線,松ヶ浦,32,JR九州
指宿枕崎線,薩摩塩屋,33,JR九州
指宿枕崎線,白沢,34,JR九州
指宿枕崎線,薩摩板敷,35,JR九州
指宿枕崎線,枕崎,36,JR九州
東海道新幹線,東京,1,JR東海
東海道新幹線,品川,2,JR東海
東海道新幹線,新横浜,3,JR東海
東海道新幹線,小田原,4,JR東海
東海道新幹線,熱海,5,JR東海
東海道新幹線,三島,6,JR東海
東海道新幹線,新富士,7,JR東海
東海道新幹線,静岡,8,JR東海
東海道新幹線,掛川,9,JR東海
東海道新幹線,浜松,10,JR東海
東海道新幹線,豊橋,11,JR東海
東海道新幹線,三河安城,12,JR東海
東海道新幹線,名古屋,13,JR東海
東海道新幹線,岐阜羽島,14,JR東海
東海道新幹線,米原,15,JR東海
東海道新幹線,京都,16,JR東海
東海道新幹線,新大阪,17,JR東海
山陽新幹線,新大阪,1,JR西日本
山陽新幹線,新神戸,2,JR西日本
山陽新幹線,西明石,3,JR西日本
山陽新幹線,姫路,4,JR西日本
山陽新幹線,相生,5,JR西日本
山陽新幹線,岡山,6,JR西日本
山陽新幹線,新倉敷,7,JR西日本
山陽新幹線,福山,8,JR西日本
山陽新幹線,新尾道,9,JR西日本
山陽新幹線,三原,10,JR西日本
山陽新幹線,東広島,11,JR西日本
山陽新幹線,広島,12,JR西日本
山陽新幹線,新岩国,13,JR西日本
山陽新幹線,徳山,14,JR西日本
山陽新幹線,新山口,15,JR西日本
山陽新幹線,厚狭,16,JR西日本
山陽新幹線,新下関,17,JR西日本
山陽新幹線,小倉,18,JR西日本
山陽新幹線,博多,19,JR西日本
九州新幹線,博多,1,JR九州
九州新幹線,新鳥栖,2,JR九州
九州新幹線,久留米,3,JR九州
九州新幹線,筑後船小屋,4,JR九州
九州新幹線,新大牟田,5,JR九州
九州新幹線,新玉名,6,JR九州
九州新幹線,熊本,7,JR九州
九州新幹線,新八代,8,JR九州
九州新幹線,新水俣,9,JR九州
九州新幹線,出水,10,JR九州
九州新幹線,川内,11,JR九州
九州新幹線,鹿児島中央,12,JR九州
西九州新幹線,武雄温泉,1,JR九州
西九州新幹線,嬉野温泉,2,JR九州
西九州新幹線,新大村,3,JR九州
西九州新幹線,諫早,4,JR九州
西九州新幹線,長崎,5,JR九州
東北新幹線,東京,1,JR東日本
東北新幹線,上野,2,JR東日本
東北新幹線,大宮,3,JR東日本
東北新幹線,小山,4,JR東日本
東北新幹線,宇都宮,5,JR東日本
東北新幹線,那須塩原,6,JR東日本
東北新幹線,新白河,7,JR東日本
東北新幹線,郡山,8,JR東日本
東北新幹線,福島,9,JR東日本
東北新幹線,白石蔵王,10,JR東日本
東北新幹線,仙台,11,JR東日本
東北新幹線,古川,12,JR東日本
東北新幹線,くりこま高原,13,JR東日本
東北新幹線,一ノ関,14,JR東日本
東北新幹線,水沢江刺,15,JR東日本
東北新幹線,北上,16,JR東日本
東北新幹線,新花巻,17,JR東日本
東北新幹線,盛岡,18,JR東日本
東北新幹線,いわて沼宮内,19,JR東日本
東北新幹線,二戸,20,JR東日本
東北新幹線,八戸,21,JR東日本
東北新幹線,七戸十和田,22,JR東日本
東北新幹線,新青森,23,JR東日本
北海道新幹線,新青森,1,JR東日本
北海道新幹線,奥津軽いまべつ,2,JR東日本
北海道新幹線,木古内,3,JR東日本
北海道新幹線,新函館北斗,4,JR東日本
上越新幹線,大宮,1,JR東日本
上越新幹線,熊谷,2,JR東日本
上越新幹線,本庄早稲田,3,JR東日本
上越新幹線,高崎,4,JR東日本
上越新幹線,上毛高原,5,JR東日本
上越新幹線,越後湯沢,6,JR東日本
上越新幹線,浦佐,7,JR東日本
上越新幹線,長岡,8,JR東日本
上越新幹線,燕三条,9,JR東日本
上越新幹線,新潟,10,JR東日本
北陸新幹線,高崎,1,JR東日本
北陸新幹線,安中榛名,2,JR東日本
北陸新幹線,軽井沢,3,JR東日本
北陸新幹線,佐久平,4,JR東日本
北陸新幹線,上田,5,JR東日本
北陸新幹線,長野,6,JR東日本
北陸新幹線,飯山,7,JR東日本
北陸新幹線,上越妙高,8,JR東日本
北陸新幹線,上越妙高,1,JR西日本
北陸新幹線,糸魚川,2,JR西日本
北陸新幹線,黒部宇奈月温泉,3,JR西日本
北陸新幹線,富山,4,JR西日本
北陸新幹線,新高岡,5,JR西日本
北陸新幹線,金沢,6,JR西日本
北陸新幹線,小松,7,JR西日本
北陸新幹線,加賀温泉,8,JR西日本
北陸新幹線,芦原温泉,9,JR西日本
北陸新幹線,福井,10,JR西日本
北陸新幹線,越前たけふ,11,JR西日本
北陸新幹線,敦賀,12,JR西日本
道南いさりび鉄道,木古内,1,並行在来線
道南いさりび鉄道,札苅,2,並行在来線
道南いさりび鉄道,泉沢,3,並行在来線
道南いさりび鉄道,釜谷,4,並行在来線
道南いさりび鉄道,渡島当別,5,並行在来線
道南いさりび鉄道,茂辺地,6,並行在来線
道南いさりび鉄道,上磯,7,並行在来線
道南いさりび鉄道,清川口,8,並行在来線
道南いさりび鉄道,久根別,9,並行在来線
道南いさりび鉄道,東久根別,10,並行在来線
道南いさりび鉄道,七重浜,11,並行在来線
道南いさりび鉄道,五稜郭,12,並行在来線
青い森鉄道線,目時,1,並行在来線
青い森鉄道線,三戸,2,並行在来線
青い森鉄道線,諏訪ノ平,3,並行在来線
青い森鉄道線,剣吉,4,並行在来線
青い森鉄道線,苫米地,5,並行在来線
青い森鉄道線,北高岩,6,並行在来線
青い森鉄道線,八戸,7,並行在来線
青い森鉄道線,陸奥市川,8,並行在来線
青い森鉄道線,下田,9,並行在来線
青い森鉄道線,向山,10,並行在来線
青い森鉄道線,三沢,11,並行在来線
青い森鉄道線,小川原,12,並行在来線
青い森鉄道線,上北町,13,並行在来線
青い森鉄道線,乙供,14,並行在来線
青い森鉄道線,千曳,15,並行在来線
青い森鉄道線,野辺地,16,並行在来線
青い森鉄道線,狩場沢,17,並行在来線
青い森鉄道線,清水川,18,並行在来線
青い森鉄道線,小湊,19,並行在来線
青い森鉄道線,西平内,20,並行在来線
青い森鉄道線,浅虫温泉,21,並行在来線
青い森鉄道線,野内,22,並行在来線
青い森鉄道線,矢田前,23,並行在来線
青い森鉄道線,小柳,24,並行在来線
青い森鉄道線,東青森,25,並行在来線
青い森鉄道線,筒井,26,並行在来線
青い森鉄道線,青森,27,並行在来線
IGRいわて銀河鉄道線,盛岡,1,並行在来線
IGRいわて銀河鉄道線,青山,2,並行在来線
IGRいわて銀河鉄道線,厨川,3,並行在来線
IGRいわて銀河鉄道線,巣子,4,並行在来線
IGRいわて銀河鉄道線,滝沢,5,並行在来線
IGRいわて銀河鉄道線,渋民,6,並行在来線
IGRいわて銀河鉄道線,好摩,7,並行在来線
IGRいわて銀河鉄道線,岩手川口,8,並行在来線
IGRいわて銀河鉄道線,いわて沼宮内,9,並行在来線
IGRいわて銀河鉄道線,御堂,10,並行在来線
IGRいわて銀河鉄道線,奥中山高原,11,並行在来線
IGRいわて銀河鉄道線,小繫,12,並行在来線
IGRいわて銀河鉄道線,小鳥谷,13,並行在来線
IGRいわて銀河鉄道線,一戸,14,並行在来線
IGRいわて銀河鉄道線,二戸,15,並行在来線
IGRいわて銀河鉄道線,斗米,16,並行在来線
IGRいわて銀河鉄道線,金田一温泉,17,並行在来線
IGRいわて銀河鉄道線,目時,18,並行在来線
しなの鉄道線,軽井沢,1,並行在来線
しなの鉄道線,中軽井沢,2,並行在来線
しなの鉄道線,信濃追分,3,並行在来線
しなの鉄道線,御代田,4,並行在来線
しなの鉄道線,平原,5,並行在来線
しなの鉄道線,小諸,6,並行在来線
しなの鉄道線,滋野,7,並行在来線
しなの鉄道線,田中,8,並行在来線
しなの鉄道線,大屋,9,並行在来線
しなの鉄道線,信濃国分寺,10,並行在来線
しなの鉄道線,上田,11,並行在来線
しなの鉄道線,西上田,12,並行在来線
しなの鉄道線,テクノさかき,13,並行在来線
しなの鉄道線,坂城,14,並行在来線
しなの鉄道線,戸倉,15,並行在来線
しなの鉄道線,千曲,16,並行在来線
しなの鉄道線,屋代,17,並行在来線
しなの鉄道線,屋代高校前,18,並行在来線
しなの鉄道線,篠ノ井,19,並行在来線
しなの鉄道北しなの線,長野,1,並行在来線
しなの鉄道北しなの線,北長野,2,並行在来線
しなの鉄道北しなの線,三才,3,並行在来線
しなの鉄道北しなの線,豊野,4,並行在来線
しなの鉄道北しなの線,牟礼,5,並行在来線
しなの鉄道北しなの線,古間,6,並行在来線
しなの鉄道北しなの線,黒姫,7,並行在来線
しなの鉄道北しなの線,妙高高原,8,並行在来線
えちごトキメキ鉄道妙高はねうまライン,妙高高原,1,並行在来線
えちごトキメキ鉄道妙高はねうまライン,関山,2,並行在来線
えちごトキメキ鉄道妙高はねうまライン,二本木,3,並行在来線
えちごトキメキ鉄道妙高はねうまライン,新井,4,並行在来線
えちごトキメキ鉄道妙高はねうまライン,北新井,5,並行在来線
えちごトキメキ鉄道妙高はねうまライン,上越妙高,6,並行在来線
えちごトキメキ鉄道妙高はねうまライン,南高田,7,並行在来線
えちごトキメキ鉄道妙高はねうまライン,高田,8,並行在来線
えちごトキメキ鉄道妙高はねうまライン,春日山,9,並行在来線
えちごトキメキ鉄道妙高はねうまライン,直江津,10,並行在来線
えちごトキメキ鉄道日本海ひすいライン,市振,1,並行在来線
えちごトキメキ鉄道日本海ひすいライン,親不知,2,並行在来線
えちごトキメキ鉄道日本海ひすいライン,青海,3,並行在来線
えちごトキメキ鉄道日本海ひすいライン,糸魚川,4,並行在来線
えちごトキメキ鉄道日本海ひすいライン,えちご押上ひすい海岸,5,並行在来線
えちごトキメキ鉄道日本海ひすいライン,梶屋敷,6,並行在来線
えちごトキメキ鉄道日本海ひすいライン,浦本,7,並行在来線
えちごトキメキ鉄道日本海ひすいライン,能生,8,並行在来線
えちごトキメキ鉄道日本海ひすいライン,筒石,9,並行在来線
えちごトキメキ鉄道日本海ひすいライン,名立,10,並行在来線
えちごトキメキ鉄道日本海ひすいライン,有間川,11,並行在来線
えちごトキメキ鉄道日本海ひすいライン,谷浜,12,並行在来線
えちごトキメキ鉄道日本海ひすいライン,直江津,13,並行在来線
あいの風とやま鉄道線,倶利伽羅,1,並行在来線
あいの風とやま鉄道線,石動,2,並行在来線
あいの風とやま鉄道線,福岡,3,並行在来線
あいの風とやま鉄道線,西高岡,4,並行在来線
あいの風とやま鉄道線,高岡やぶなみ,5,並行在来線
あいの風とやま鉄道線,高岡,6,並行在来線
あいの風とやま鉄道線,越中大門,7,並行在来線
あいの風とやま鉄道線,小杉,8,並行在来線
あいの風とやま鉄道線,呉羽,9,並行在来線
あいの風とやま鉄道線,富山,10,並行在来線
あいの風とやま鉄道線,新富山口,11,並行在来線
あいの風とやま鉄道線,東富山,12,並行在来線
あいの風とやま鉄道線,水橋,13,並行在来線
あいの風とやま鉄道線,滑川,14,並行在来線
あいの風とやま鉄道線,東滑川,15,並行在来線
あいの風とやま鉄道線,魚津,16,並行在来線
あいの風とやま鉄道線,黒部,17,並行在来線
あいの風とやま鉄道線,生地,18,並行在来線
あいの風とやま鉄道線,西入善,19,並行在来線
あいの風とやま鉄道線,入善,20,並行在来線
あいの風とやま鉄道線,泊,21,並行在来線
あいの風とやま鉄道線,越中宮崎,22,並行在来線
あいの風とやま鉄道線,市振,23,並行在来線
IRいしかわ鉄道線,大聖寺,1,並行在来線
IRいしかわ鉄道線,加賀温泉,2,並行在来線
IRいしかわ鉄道線,動橋,3,並行在来線
IRいしかわ鉄道線,粟津,4,並行在来線
IRいしかわ鉄道線,小松,5,並行在来線
IRいしかわ鉄道線,明峰,6,並行在来線
IRいしかわ鉄道線,能美根上,7,並行在来線
IRいしかわ鉄道線,小舞子,8,並行在来線
IRいしかわ鉄道線,美川,9,並行在来線
IRいしかわ鉄道線,加賀笠間,10,並行在来線
IRいしかわ鉄道線,西松任,11,並行在来線
IRいしかわ鉄道線,松任,12,並行在来線
IRいしかわ鉄道線,野々市,13,並行在来線
IRいしかわ鉄道線,西金沢,14,並行在来線
IRいしかわ鉄道線,金沢,15,並行在来線
IRいしかわ鉄道線,東金沢,16,並行在来線
IRいしかわ鉄道線,森本,17,並行在来線
IRいしかわ鉄道線,津幡,18,並行在来線
IRいしかわ鉄道線,倶利伽羅,19,並行在来線
ハピラインふくい線,敦賀,1,並行在来線
ハピラインふくい線,南今庄,2,並行在来線
ハピラインふくい線,今庄,3,並行在来線
ハピラインふくい線,湯尾,4,並行在来線
ハピラインふくい線,南条,5,並行在来線
ハピラインふくい線,王子保,6,並行在来線
ハピラインふくい線,しきぶ,7,並行在来線
ハピラインふくい線,武生,8,並行在来線
ハピラインふくい線,鯖江,9,並行在来線
ハピラインふくい線,北鯖江,10,並行在来線
ハピラインふくい線,大土呂,11,並行在来線
ハピラインふくい線,越前花堂,12,並行在来線
ハピラインふくい線,福井,13,並行在来線
ハピラインふくい線,森田,14,並行在来線
ハピラインふくい線,春江,15,並行在来線
ハピラインふくい線,丸岡,16,並行在来線
ハピラインふくい線,芦原温泉,17,並行在来線
ハピラインふくい線,細呂木,18,並行在来線
ハピラインふくい線,牛ノ谷,19,並行在来線
ハピラインふくい線,大聖寺,20,並行在来線
肥薩おれんじ鉄道線,八代,1,並行在来線
肥薩おれんじ鉄道線,肥後高田,2,並行在来線
肥薩おれんじ鉄道線,日奈久温泉,3,並行在来線
肥薩おれんじ鉄道線,肥後二見,4,並行在来線
肥薩おれんじ鉄道線,上田浦,5,並行在来線
肥薩おれんじ鉄道線,たのうら御立岬公園,6,並行在来線
肥薩おれんじ鉄道線,肥後田浦,7,並行在来線
肥薩おれんじ鉄道線,海浦,8,並行在来線
肥薩おれんじ鉄道線,佐敷,9,並行在来線
肥薩おれんじ鉄道線,湯浦,10,並行在来線
肥薩おれんじ鉄道線,津奈木,11,並行在来線
肥薩おれんじ鉄道線,新水俣,12,並行在来線
肥薩おれんじ鉄道線,水俣,13,並行在来線
肥薩おれんじ鉄道線,袋,14,並行在来線
肥薩おれんじ鉄道線,米ノ津,15,並行在来線
肥薩おれんじ鉄道線,出水,16,並行在来線
肥薩おれんじ鉄道線,西出水,17,並行在来線
肥薩おれんじ鉄道線,高尾野,18,並行在来線
肥薩おれんじ鉄道線,野田郷,19,並行在来線
肥薩おれんじ鉄道線,折口,20,並行在来線
肥薩おれんじ鉄道線,阿久根,21,並行在来線
肥薩おれんじ鉄道線,牛ノ浜,22,並行在来線
肥薩おれんじ鉄道線,薩摩大川,23,並行在来線
肥薩おれんじ鉄道線,西方,24,並行在来線
肥薩おれんじ鉄道線,薩摩高城,25,並行在来線
肥薩おれんじ鉄道線,草道,26,並行在来線
肥薩おれんじ鉄道線,上川内,27,並行在来線
肥薩おれんじ鉄道線,川内,28,並行在来線
東武伊勢崎線,浅草,1,大手私鉄
東武伊勢崎線,とうきょうスカイツリー,2,大手私鉄
東武伊勢崎線,押上,3,大手私鉄
東武伊勢崎線,曳舟,4,大手私鉄
東武伊勢崎線,東向島,5,大手私鉄
東武伊勢崎線,鐘ヶ淵,6,大手私鉄
東武伊勢崎線,堀切,7,大手私鉄
東武伊勢崎線,牛田,8,大手私鉄
東武伊勢崎線,北千住,9,大手私鉄
東武伊勢崎線,小菅,10,大手私鉄
東武伊勢崎線,五反野,11,大手私鉄
東武伊勢崎線,梅島,12,大手私鉄
東武伊勢崎線,西新井,13,大手私鉄
東武伊勢崎線,竹ノ塚,14,大手私鉄
東武伊勢崎線,谷塚,15,大手私鉄
東武伊勢崎線,草加,16,大手私鉄
東武伊勢崎線,獨協大学前,17,大手私鉄
東武伊勢崎線,新田,18,大手私鉄
東武伊勢崎線,蒲生,19,大手私鉄
東武伊勢崎線,新越谷,20,大手私鉄
東武伊勢崎線,越谷,21,大手私鉄
東武伊勢崎線,北越谷,22,大手私鉄
東武伊勢崎線,大袋,23,大手私鉄
東武伊勢崎線,せんげん台,24,大手私鉄
東武伊勢崎線,武里,25,大手私鉄
東武伊勢崎線,一ノ割,26,大手私鉄
東武伊勢崎線,春日部,27,大手私鉄
東武伊勢崎線,北春日部,28,大手私鉄
東武伊勢崎線,姫宮,29,大手私鉄
東武伊勢崎線,東武動物公園,30,大手私鉄
東武伊勢崎線,和戸,31,大手私鉄
東武伊勢崎線,久喜,32,大手私鉄
東武伊勢崎線,鷲宮,33,大手私鉄
東武伊勢崎線,花崎,34,大手私鉄
東武伊勢崎線,加須,35,大手私鉄
東武伊勢崎線,南羽生,36,大手私鉄
東武伊勢崎線,羽生,37,大手私鉄
東武伊勢崎線,川俣,38,大手私鉄
東武伊勢崎線,茂林寺前,39,大手私鉄
東武伊勢崎線,館林,40,大手私鉄
東武伊勢崎線,多々良,41,大手私鉄
東武伊勢崎線,県,42,大手私鉄
東武伊勢崎線,福居,43,大手私鉄
東武伊勢崎線,東武和泉,44,大手私鉄
東武伊勢崎線,足利市,45,大手私鉄
東武伊勢崎線,野州山辺,46,大手私鉄
東武伊勢崎線,韮川,47,大手私鉄
東武伊勢崎線,太田,48,大手私鉄
東武伊勢崎線,細谷,49,大手私鉄
東武伊勢崎線,木崎,50,大手私鉄
東武伊勢崎線,世良田,51,大手私鉄
東武伊勢崎線,境町,52,大手私鉄
東武伊勢崎線,剛志,53,大手私鉄
東武伊勢崎線,新伊勢崎,54,大手私鉄
東武伊勢崎線,伊勢崎,55,大手私鉄
東武亀戸線,曳舟,1,大手私鉄
東武亀戸線,小村井,2,大手私鉄
東武亀戸線,東あずま,3,大手私鉄
東武亀戸線,亀戸水神,4,大手私鉄
東武亀戸線,亀戸,5,大手私鉄
東武大師線,西新井,1,大手私鉄
東武大師線,大師前,2,大手私鉄
東武佐野線,館林,1,大手私鉄
東武佐野線,渡瀬,2,大手私鉄
東武佐野線,田島,3,大手私鉄
東武佐野線,佐野市,4,大手私鉄
東武佐野線,佐野市,5,大手私鉄
東武佐野線,堀米,6,大手私鉄
東武佐野線,吉水,7,大手私鉄
東武佐野線,田沼,8,大手私鉄
東武佐野線,多田,9,大手私鉄
東武佐野線,葛生,10,大手私鉄
東武桐生線,太田,1,大手私鉄
東武桐生線,三枚橋,2,大手私鉄
東武桐生線,治良門橋,3,大手私鉄
東武桐生線,藪塚,4,大手私鉄
東武桐生線,阿左美,5,大手私鉄
東武桐生線,新桐生,6,大手私鉄
東武桐生線,相老,7,大手私鉄
東武桐生線,赤城,8,大手私鉄
東武小泉線（館林～西小泉）,館林,1,大手私鉄
東武小泉線（館林～西小泉）,成島,2,大手私鉄
東武小泉線（館林～西小泉）,本中野,3,大手私鉄
東武小泉線（館林～西小泉）,篠塚,4,大手私鉄
東武小泉線（館林～西小泉）,東小泉,5,大手私鉄
東武小泉線（館林～西小泉）,小泉町,6,大手私鉄
東武小泉線（館林～西小泉）,西小泉,7,大手私鉄
東武小泉線（東小泉～太田）,東小泉,1,大手私鉄
東武小泉線（東小泉～太田）,竜舞,2,大手私鉄
東武小泉線（東小泉～太田）,太田,3,大手私鉄
東武日光線,東武動物公園,1,大手私鉄
東武日光線,杉戸高野台,2,大手私鉄
東武日光線,幸手,3,大手私鉄
東武日光線,南栗橋,4,大手私鉄
東武日光線,栗橋,5,大手私鉄
東武日光線,新古河,6,大手私鉄
東武日光線,柳生,7,大手私鉄
東武日光線,板倉東洋大前,8,大手私鉄
東武日光線,藤岡,9,大手私鉄
東武日光線,静和,10,大手私鉄
東武日光線,新大平下,11,大手私鉄
東武日光線,栃木,12,大手私鉄
東武日光線,新栃木,13,大手私鉄
東武日光線,合戦場,14,大手私鉄
東武日光線,家中,15,大手私鉄
東武日光線,東武金崎,16,大手私鉄
東武日光線,楡木,17,大手私鉄
東武日光線,樅山,18,大手私鉄
東武日光線,新鹿沼,19,大手私鉄
東武日光線,北鹿沼,20,大手私鉄
東武日光線,板荷,21,大手私鉄
東武日光線,新小代,22,大手私鉄
東武日光線,明神,23,大手私鉄
東武日光線,下今市,24,大手私鉄
東武日光線,上今市,25,大手私鉄
東武日光線,東武日光,26,大手私鉄
東武宇都宮線,新栃木,1,大手私鉄
東武宇都宮線,野州平川,2,大手私鉄
東武宇都宮線,野州大塚,3,大手私鉄
東武宇都宮線,壬生,4,大手私鉄
東武宇都宮線,国谷,5,大手私鉄
東武宇都宮線,おもちゃのまち,6,大手私鉄
東武宇都宮線,安塚,7,大手私鉄
東武宇都宮線,西川田,8,大手私鉄
東武宇都宮線,江曽島,9,大手私鉄
東武宇都宮線,南宇都宮,10,大手私鉄
東武宇都宮線,東武宇都宮,11,大手私鉄
東武鬼怒川線,下今市,1,大手私鉄
東武鬼怒川線,大谷向,2,大手私鉄
東武鬼怒川線,大桑,3,大手私鉄
東武鬼怒川線,新高徳,4,大手私鉄
東武鬼怒川線,小佐越,5,大手私鉄
東武鬼怒川線,東武ワールドスクウェア,6,大手私鉄
東武鬼怒川線,鬼怒川温泉,7,大手私鉄
東武鬼怒川線,鬼怒川公園,8,大手私鉄
東武鬼怒川線,新藤原,9,大手私鉄
東武野田線,大宮,1,大手私鉄
東武野田線,北大宮,2,大手私鉄
東武野田線,大宮公園,3,大手私鉄
東武野田線,大和田,4,大手私鉄
東武野田線,七里,5,大手私鉄
東武野田線,岩槻,6,大手私鉄
東武野田線,東岩槻,7,大手私鉄
東武野田線,豊春,8,大手私鉄
東武野田線,八木崎,9,大手私鉄
東武野田線,春日部,10,大手私鉄
東武野田線,藤の牛島,11,大手私鉄
東武野田線,南桜井,12,大手私鉄
東武野田線,川間,13,大手私鉄
東武野田線,七光台,14,大手私鉄
東武野田線,清水公園,15,大手私鉄
東武野田線,愛宕,16,大手私鉄
東武野田線,野田市,17,大手私鉄
東武野田線,梅郷,18,大手私鉄
東武野田線,運河,19,大手私鉄
東武野田線,江戸川台,20,大手私鉄
東武野田線,初石,21,大手私鉄
東武野田線,流山おおたかの森,22,大手私鉄
東武野田線,豊四季,23,大手私鉄
東武野田線,柏,24,大手私鉄
東武野田線,新柏,25,大手私鉄
東武野田線,増尾,26,大手私鉄
東武野田線,逆井,27,大手私鉄
東武野田線,高柳,28,大手私鉄
東武野田線,六実,29,大手私鉄
東武野田線,新鎌ヶ谷,30,大手私鉄
東武野田線,鎌ヶ谷,31,大手私鉄
東武野田線,馬込沢,32,大手私鉄
東武野田線,塚田,33,大手私鉄
東武野田線,新船橋,34,大手私鉄
東武野田線,船橋,35,大手私鉄
東武東上本線,池袋,1,大手私鉄
東武東上本線,北池袋,2,大手私鉄
東武東上本線,下板橋,3,大手私鉄
東武東上本線,大山,4,大手私鉄
東武東上本線,中板橋,5,大手私鉄
東武東上本線,ときわ台,6,大手私鉄
東武東上本線,上板橋,7,大手私鉄
東武東上本線,東武練馬,8,大手私鉄
東武東上本線,下赤塚,9,大手私鉄
東武東上本線,成増,10,大手私鉄
東武東上本線,和光市,11,大手私鉄
東武東上本線,朝霞,12,大手私鉄
東武東上本線,朝霞台,13,大手私鉄
東武東上本線,志木,14,大手私鉄
東武東上本線,柳瀬川,15,大手私鉄
東武東上本線,みずほ台,16,大手私鉄
東武東上本線,鶴瀬,17,大手私鉄
東武東上本線,ふじみ野,18,大手私鉄
東武東上本線,上福岡,19,大手私鉄
東武東上本線,新河岸,20,大手私鉄
東武東上本線,川越,21,大手私鉄
東武東上本線,川越市,22,大手私鉄
東武東上本線,霞ヶ関,23,大手私鉄
東武東上本線,鶴ヶ島,24,大手私鉄
東武東上本線,若葉,25,大手私鉄
東武東上本線,坂戸,26,大手私鉄
東武東上本線,北坂戸,27,大手私鉄
東武東上本線,高坂,28,大手私鉄
東武東上本線,東松山,29,大手私鉄
東武東上本線,森林公園,30,大手私鉄
東武東上本線,つきのわ,31,大手私鉄
東武東上本線,武蔵嵐山,32,大手私鉄
東武東上本線,小川町,33,大手私鉄
東武東上本線,東武竹沢,34,大手私鉄
東武東上本線,みなみ寄居,35,大手私鉄
東武東上本線,男衾,36,大手私鉄
東武東上本線,鉢形,37,大手私鉄
東武東上本線,玉淀,38,大手私鉄
東武東上本線,寄居,39,大手私鉄
東武越生線,坂戸,1,大手私鉄
東武越生線,一本松,2,大手私鉄
東武越生線,西大家,3,大手私鉄
東武越生線,川角,4,大手私鉄
東武越生線,武州長瀬,5,大手私鉄
東武越生線,東毛呂,6,大手私鉄
東武越生線,武州唐沢,7,大手私鉄
東武越生線,越生,8,大手私鉄
西武池袋線,池袋,1,大手私鉄
西武池袋線,椎名町,2,大手私鉄
西武池袋線,東長崎,3,大手私鉄
西武池袋線,江古田,4,大手私鉄
西武池袋線,桜台,5,大手私鉄
西武池袋線,練馬,6,大手私鉄
西武池袋線,中村橋,7,大手私鉄
西武池袋線,富士見台,8,大手私鉄
西武池袋線,練馬高野台,9,大手私鉄
西武池袋線,石神井公園,10,大手私鉄
西武池袋線,大泉学園,11,大手私鉄
西武池袋線,保谷,12,大手私鉄
西武池袋線,ひばりヶ丘,13,大手私鉄
西武池袋線,東久留米,14,大手私鉄
西武池袋線,清瀬,15,大手私鉄
西武池袋線,秋津,16,大手私鉄
西武池袋線,所沢,17,大手私鉄
西武池袋線,西所沢,18,大手私鉄
西武池袋線,小手指,19,大手私鉄
西武池袋線,狭山ヶ丘,20,大手私鉄
西武池袋線,武蔵藤沢,21,大手私鉄
西武池袋線,稲荷山公園,22,大手私鉄
西武池袋線,入間市,23,大手私鉄
西武池袋線,仏子,24,大手私鉄
西武池袋線,元加治,25,大手私鉄
西武池袋線,飯能,26,大手私鉄
西武池袋線,東飯能,27,大手私鉄
西武池袋線,高麗,28,大手私鉄
西武池袋線,武蔵横手,29,大手私鉄
西武池袋線,東吾野,30,大手私鉄
西武池袋線,吾野,31,大手私鉄
西武秩父線,吾野,1,大手私鉄
西武秩父線,西吾野,2,大手私鉄
西武秩父線,正丸,3,大手私鉄
西武秩父線,芦ヶ久保,4,大手私鉄
西武秩父線,横瀬,5,大手私鉄
西武秩父線,西武秩父,6,大手私鉄
西武有楽町線,小竹向原,1,大手私鉄
西武有楽町線,新桜台,2,大手私鉄
西武有楽町線,練馬,3,大手私鉄
西武豊島線,練馬,1,大手私鉄
西武豊島線,豊島園,2,大手私鉄
西武狭山線,西所沢,1,大手私鉄
西武狭山線,下山口,2,大手私鉄
西武狭山線,西武球場前,3,大手私鉄
西武新宿線,西武新宿,1,大手私鉄
西武新宿線,高田馬場,2,大手私鉄
西武新宿線,下落合,3,大手私鉄
西武新宿線,中井,4,大手私鉄
西武新宿線,新井薬師前,5,大手私鉄
西武新宿線,沼袋,6,大手私鉄
西武新宿線,野方,7,大手私鉄
西武新宿線,都立家政,8,大手私鉄
西武新宿線,鷺ノ宮,9,大手私鉄
西武新宿線,下井草,10,大手私鉄
西武新宿線,井荻,11,大手私鉄
西武新宿線,上井草,12,大手私鉄
西武新宿線,上石神井,13,大手私鉄
西武新宿線,武蔵関,14,大手私鉄
西武新宿線,東伏見,15,大手私鉄
西武新宿線,西武柳沢,16,大手私鉄
西武新宿線,田無,17,大手私鉄
西武新宿線,花小金井,18,大手私鉄
西武新宿線,小平,19,大手私鉄
西武新宿線,久米川,20,大手私鉄
西武新宿線,東村山,21,大手私鉄
西武新宿線,所沢,22,大手私鉄
西武新宿線,航空公園,23,大手私鉄
西武新宿線,新所沢,24,大手私鉄
西武新宿線,入曽,25,大手私鉄
西武新宿線,狭山市,26,大手私鉄
西武新宿線,新狭山,27,大手私鉄
西武新宿線,南大塚,28,大手私鉄
西武新宿線,本川越,29,大手私鉄
西武拝島線,小平,1,大手私鉄
西武拝島線,萩山,2,大手私鉄
西武拝島線,小川町,3,大手私鉄
西武拝島線,東大和市,4,大手私鉄
西武拝島線,玉川上水,5,大手私鉄
西武拝島線,武蔵砂川,6,大手私鉄
西武拝島線,西武立川,7,大手私鉄
西武拝島線,拝島,8,大手私鉄
西武多摩湖線,国分寺,1,大手私鉄
西武多摩湖線,一橋学園,2,大手私鉄
西武多摩湖線,青梅街道,3,大手私鉄
西武多摩湖線,萩山,4,大手私鉄
西武多摩湖線,八坂,5,大手私鉄
西武多摩湖線,武蔵大和,6,大手私鉄
西武多摩湖線,多摩湖,7,大手私鉄
西武国分寺線,国分寺,1,大手私鉄
西武国分寺線,恋ヶ窪,2,大手私鉄
西武国分寺線,鷹の台,3,大手私鉄
西武国分寺線,小川,4,大手私鉄
西武国分寺線,東村山,5,大手私鉄
西武西武園線,東村山,1,大手私鉄
西武西武園線,西武線,2,大手私鉄
西武多摩川線,武蔵境,1,大手私鉄
西武多摩川線,新小金井,2,大手私鉄
西武多摩川線,多磨,3,大手私鉄
西武多摩川線,白糸台,4,大手私鉄
西武多摩川線,競艇場前,5,大手私鉄
西武多摩川線,是政,6,大手私鉄
西武山口線,多摩湖,1,大手私鉄
西武山口線,西武園ゆうえんち,2,大手私鉄
西武山口線,西武球場前,3,大手私鉄
京成本線,京成上野,1,大手私鉄
京成本線,日暮里,2,大手私鉄
京成本線,新三河島,3,大手私鉄
京成本線,町屋,4,大手私鉄
京成本線,千住大橋,5,大手私鉄
京成本線,京成関屋,6,大手私鉄
京成本線,堀切菖蒲園,7,大手私鉄
京成本線,お花茶屋,8,大手私鉄
京成本線,青砥,9,大手私鉄
京成本線,京成高砂,10,大手私鉄
京成本線,京成小岩,11,大手私鉄
京成本線,江戸川,12,大手私鉄
京成本線,国府台,13,大手私鉄
京成本線,市川真間,14,大手私鉄
京成本線,菅野,15,大手私鉄
京成本線,京成八幡,16,大手私鉄
京成本線,鬼越,17,大手私鉄
京成本線,京成中山,18,大手私鉄
京成本線,東中山,19,大手私鉄
京成本線,京成西船,20,大手私鉄
京成本線,海神,21,大手私鉄
京成本線,京成船橋,22,大手私鉄
京成本線,大神宮下,23,大手私鉄
京成本線,船橋競馬場,24,大手私鉄
京成本線,谷津,25,大手私鉄
京成本線,京成津田沼,26,大手私鉄
京成本線,京成大久保,27,大手私鉄
京成本線,実籾,28,大手私鉄
京成本線,八千代台,29,大手私鉄
京成本線,京成大和田,30,大手私鉄
京成本線,勝田台,31,大手私鉄
京成本線,志津,32,大手私鉄
京成本線,ユーカリが丘,33,大手私鉄
京成本線,京成臼井,34,大手私鉄
京成本線,京成佐倉,35,大手私鉄
京成本線,大佐倉,36,大手私鉄
京成本線,京成酒々井,37,大手私鉄
京成本線,宗吾参道,38,大手私鉄
京成本線,公津の杜,39,大手私鉄
京成本線,京成成田,40,大手私鉄
京成本線,空港第２ビル,41,大手私鉄
京成本線,成田空港,42,大手私鉄
京成成田空港線,京成高砂,1,大手私鉄
京成成田空港線,東松戸,2,大手私鉄
京成成田空港線,新鎌ヶ谷,3,大手私鉄
京成成田空港線,千葉ニュータウン中央,4,大手私鉄
京成成田空港線,印旛日本医大,5,大手私鉄
京成成田空港線,成田湯川,6,大手私鉄
京成成田空港線,空港第２ビル,7,大手私鉄
京成成田空港線,成田空港,8,大手私鉄
京成押上線,押上,1,大手私鉄
京成押上線,京成曳舟,2,大手私鉄
京成押上線,八広,3,大手私鉄
京成押上線,四ツ木,4,大手私鉄
京成押上線,京成立石,5,大手私鉄
京成押上線,青砥,6,大手私鉄
京成金町線,京成高砂,1,大手私鉄
京成金町線,柴又,2,大手私鉄
京成金町線,京成金町,3,大手私鉄
京成千葉線,京成津田沼,1,大手私鉄
京成千葉線,京成幕張本郷,2,大手私鉄
京成千葉線,京成幕張,3,大手私鉄
京成千葉線,検見川,4,大手私鉄
京成千葉線,京成稲毛,5,大手私鉄
京成千葉線,みどり台,6,大手私鉄
京成千葉線,西登戸,7,大手私鉄
京成千葉線,新千葉,8,大手私鉄
京成千葉線,京成千葉,9,大手私鉄
京成千葉線,千葉中央,10,大手私鉄
京成千原線,千葉中央,1,大手私鉄
京成千原線,千葉寺,2,大手私鉄
京成千原線,大森台,3,大手私鉄
京成千原線,学園前,4,大手私鉄
京成千原線,おゆみ野,5,大手私鉄
京成千原線,ちはら台,6,大手私鉄
京成東成田線,京成成田,1,大手私鉄
京成東成田線,東成田,2,大手私鉄
京成松戸線,松戸,1,大手私鉄
京成松戸線,上本郷,2,大手私鉄
京成松戸線,松戸新田,3,大手私鉄
京成松戸線,みのり台,4,大手私鉄
京成松戸線,八柱,5,大手私鉄
京成松戸線,常盤平,6,大手私鉄
京成松戸線,五香,7,大手私鉄
京成松戸線,元山,8,大手私鉄
京成松戸線,くぬぎ山,9,大手私鉄
京成松戸線,北初富,10,大手私鉄
京成松戸線,新鎌ヶ谷,11,大手私鉄
京成松戸線,初富,12,大手私鉄
京成松戸線,鎌ヶ谷大仏,13,大手私鉄
京成松戸線,二和向台,14,大手私鉄
京成松戸線,三咲,15,大手私鉄
京成松戸線,滝不動,16,大手私鉄
京成松戸線,高根公団,17,大手私鉄
京成松戸線,高根木戸,18,大手私鉄
京成松戸線,北習志野,19,大手私鉄
京成松戸線,習志野,20,大手私鉄
京成松戸線,薬園台,21,大手私鉄
京成松戸線,前原,22,大手私鉄
京成松戸線,新津田沼,23,大手私鉄
京成松戸線,京成津田沼,24,大手私鉄
京王線,新宿,1,大手私鉄
京王線,笹塚,2,大手私鉄
京王線,代田橋,3,大手私鉄
京王線,明大前,4,大手私鉄
京王線,下高井戸,5,大手私鉄
京王線,桜上水,6,大手私鉄
京王線,上北沢,7,大手私鉄
京王線,八幡山,8,大手私鉄
京王線,芦花公園,9,大手私鉄
京王線,千歳烏山,10,大手私鉄
京王線,仙川,11,大手私鉄
京王線,つつじヶ丘,12,大手私鉄
京王線,柴崎,13,大手私鉄
京王線,国領,14,大手私鉄
京王線,布田,15,大手私鉄
京王線,調布,16,大手私鉄
京王線,西調布,17,大手私鉄
京王線,飛田給,18,大手私鉄
京王線,武蔵野台,19,大手私鉄
京王線,多磨霊園,20,大手私鉄
京王線,東府中,21,大手私鉄
京王線,府中,22,大手私鉄
京王線,分倍河原,23,大手私鉄
京王線,中河原,24,大手私鉄
京王線,聖蹟桜ヶ丘,25,大手私鉄
京王線,百草園,26,大手私鉄
京王線,高幡不動,27,大手私鉄
京王線,南平,28,大手私鉄
京王線,平山城址公園,29,大手私鉄
京王線,長沼,30,大手私鉄
京王線,北野,31,大手私鉄
京王線,京王八王子,32,大手私鉄
京王新線,新宿,1,大手私鉄
京王新線,初台,2,大手私鉄
京王新線,幡ヶ谷,3,大手私鉄
京王新線,笹塚,4,大手私鉄
京王相模原線,調布,1,大手私鉄
京王相模原線,京王多摩川,2,大手私鉄
京王相模原線,京王稲田堤,3,大手私鉄
京王相模原線,京王よみうりランド,4,大手私鉄
京王相模原線,稲城,5,大手私鉄
京王相模原線,若葉台,6,大手私鉄
京王相模原線,京王永山,7,大手私鉄
京王相模原線,京王多摩センター,8,大手私鉄
京王相模原線,京王堀之内,9,大手私鉄
京王相模原線,南大沢,10,大手私鉄
京王相模原線,多摩境,11,大手私鉄
京王相模原線,橋本,12,大手私鉄
京王競馬場線,東府中,1,大手私鉄
京王競馬場線,府中競馬正門前,2,大手私鉄
京王動物園線,高幡不動,1,大手私鉄
京王動物園線,多摩動物公園,2,大手私鉄
京王高尾線,北野,1,大手私鉄
京王高尾線,京王片倉,2,大手私鉄
京王高尾線,山田,3,大手私鉄
京王高尾線,めじろ台,4,大手私鉄
京王高尾線,狭間,5,大手私鉄
京王高尾線,高尾,6,大手私鉄
京王高尾線,高尾山口,7,大手私鉄
京王井の頭線,渋谷,1,大手私鉄
京王井の頭線,神泉,2,大手私鉄
京王井の頭線,駒場東大前,3,大手私鉄
京王井の頭線,池ノ上,4,大手私鉄
京王井の頭線,下北沢,5,大手私鉄
京王井の頭線,新代田,6,大手私鉄
京王井の頭線,東松原,7,大手私鉄
京王井の頭線,明大前,8,大手私鉄
京王井の頭線,永福町,9,大手私鉄
京王井の頭線,西永福,10,大手私鉄
京王井の頭線,浜田山,11,大手私鉄
京王井の頭線,高井戸,12,大手私鉄
京王井の頭線,富士見ヶ丘,13,大手私鉄
京王井の頭線,久我山,14,大手私鉄
京王井の頭線,三鷹台,15,大手私鉄
京王井の頭線,井の頭公園,16,大手私鉄
京王井の頭線,吉祥寺,17,大手私鉄
小田急小田原線,新宿,1,大手私鉄
小田急小田原線,南新宿,2,大手私鉄
小田急小田原線,参宮橋,3,大手私鉄
小田急小田原線,代々木八幡,4,大手私鉄
小田急小田原線,代々木上原,5,大手私鉄
小田急小田原線,東北沢,6,大手私鉄
小田急小田原線,下北沢,7,大手私鉄
小田急小田原線,世田谷代田,8,大手私鉄
小田急小田原線,梅ヶ丘,9,大手私鉄
小田急小田原線,豪徳寺,10,大手私鉄
小田急小田原線,経堂,11,大手私鉄
小田急小田原線,千歳船橋,12,大手私鉄
小田急小田原線,祖師ヶ谷大蔵,13,大手私鉄
小田急小田原線,成城学園前,14,大手私鉄
小田急小田原線,喜多見,15,大手私鉄
小田急小田原線,狛江,16,大手私鉄
小田急小田原線,和泉多摩川,17,大手私鉄
小田急小田原線,登戸,18,大手私鉄
小田急小田原線,向ヶ丘遊園,19,大手私鉄
小田急小田原線,生田,20,大手私鉄
小田急小田原線,読売ランド前,21,大手私鉄
小田急小田原線,百合ヶ丘,22,大手私鉄
小田急小田原線,新百合ヶ丘,23,大手私鉄
小田急小田原線,柿生,24,大手私鉄
小田急小田原線,鶴川,25,大手私鉄
小田急小田原線,玉川学園前,26,大手私鉄
小田急小田原線,町田,27,大手私鉄
小田急小田原線,相模大野,28,大手私鉄
小田急小田原線,小田急相模原,29,大手私鉄
小田急小田原線,相武台前,30,大手私鉄
小田急小田原線,座間,31,大手私鉄
小田急小田原線,海老名,32,大手私鉄
小田急小田原線,厚木,33,大手私鉄
小田急小田原線,本厚木,34,大手私鉄
小田急小田原線,愛甲石田,35,大手私鉄
小田急小田原線,伊勢原,36,大手私鉄
小田急小田原線,鶴巻温泉,37,大手私鉄
小田急小田原線,東海大学前,38,大手私鉄
小田急小田原線,秦野,39,大手私鉄
小田急小田原線,渋沢,40,大手私鉄
小田急小田原線,新松田,41,大手私鉄
小田急小田原線,開成,42,大手私鉄
小田急小田原線,栢山,43,大手私鉄
小田急小田原線,富水,44,大手私鉄
小田急小田原線,螢田,45,大手私鉄
小田急小田原線,足柄,46,大手私鉄
小田急小田原線,小田原,47,大手私鉄
小田急江ノ島線,相模大野,1,大手私鉄
小田急江ノ島線,東林間,2,大手私鉄
小田急江ノ島線,中央林間,3,大手私鉄
小田急江ノ島線,南林間,4,大手私鉄
小田急江ノ島線,鶴間,5,大手私鉄
小田急江ノ島線,大和,6,大手私鉄
小田急江ノ島線,桜ヶ丘,7,大手私鉄
小田急江ノ島線,高座渋谷,8,大手私鉄
小田急江ノ島線,長後,9,大手私鉄
小田急江ノ島線,湘南台,10,大手私鉄
小田急江ノ島線,六会日大前,11,大手私鉄
小田急江ノ島線,善行,12,大手私鉄
小田急江ノ島線,藤沢本町,13,大手私鉄
小田急江ノ島線,藤沢,14,大手私鉄
小田急江ノ島線,本鵠沼,15,大手私鉄
小田急江ノ島線,鵠沼海岸,16,大手私鉄
小田急江ノ島線,片瀬江ノ島,17,大手私鉄
小田急多摩線,新百合ヶ丘,1,大手私鉄
小田急多摩線,五月台,2,大手私鉄
小田急多摩線,栗平,3,大手私鉄
小田急多摩線,黒川,4,大手私鉄
小田急多摩線,はるひ野,5,大手私鉄
小田急多摩線,小田急永山,6,大手私鉄
小田急多摩線,小田急多摩センター,7,大手私鉄
小田急多摩線,唐木田,8,大手私鉄
東急東横線,渋谷,1,大手私鉄
東急東横線,代官山,2,大手私鉄
東急東横線,中目黒,3,大手私鉄
東急東横線,祐天寺,4,大手私鉄
東急東横線,学芸大学,5,大手私鉄
東急東横線,都立大学,6,大手私鉄
東急東横線,自由が丘,7,大手私鉄
東急東横線,田園調布,8,大手私鉄
東急東横線,多摩川,9,大手私鉄
東急東横線,新丸子,10,大手私鉄
東急東横線,武蔵小杉,11,大手私鉄
東急東横線,元住吉,12,大手私鉄
東急東横線,日吉,13,大手私鉄
東急東横線,綱島,14,大手私鉄
東急東横線,大倉山,15,大手私鉄
東急東横線,菊名,16,大手私鉄
東急東横線,妙蓮寺,17,大手私鉄
東急東横線,東白楽,18,大手私鉄
東急東横線,白楽,19,大手私鉄
東急東横線,反町,20,大手私鉄
東急東横線,横浜,21,大手私鉄
東急目黒線,目黒,1,大手私鉄
東急目黒線,不動前,2,大手私鉄
東急目黒線,武蔵小山,3,大手私鉄
東急目黒線,西小山,4,大手私鉄
東急目黒線,洗足,5,大手私鉄
東急目黒線,大岡山,6,大手私鉄
東急目黒線,奥沢,7,大手私鉄
東急目黒線,田園調布,8,大手私鉄
東急目黒線,多摩川,9,大手私鉄
東急目黒線,新丸子,10,大手私鉄
東急目黒線,武蔵小杉,11,大手私鉄
東急目黒線,元住吉,12,大手私鉄
東急目黒線,日吉,13,大手私鉄
東急新横浜線,日吉,1,大手私鉄
東急新横浜線,新綱島,2,大手私鉄
東急新横浜線,新横浜,3,大手私鉄
東急田園都市線,渋谷,1,大手私鉄
東急田園都市線,池尻大橋,2,大手私鉄
東急田園都市線,三軒茶屋,3,大手私鉄
東急田園都市線,駒沢大学,4,大手私鉄
東急田園都市線,桜新町,5,大手私鉄
東急田園都市線,用賀,6,大手私鉄
東急田園都市線,二子玉川,7,大手私鉄
東急田園都市線,二子新地,8,大手私鉄
東急田園都市線,高津,9,大手私鉄
東急田園都市線,溝の口,10,大手私鉄
東急田園都市線,梶が谷,11,大手私鉄
東急田園都市線,宮崎台,12,大手私鉄
東急田園都市線,宮前平,13,大手私鉄
東急田園都市線,鷺沼,14,大手私鉄
東急田園都市線,たまプラーザ,15,大手私鉄
東急田園都市線,あざみ野,16,大手私鉄
東急田園都市線,江田,17,大手私鉄
東急田園都市線,市が尾,18,大手私鉄
東急田園都市線,藤が丘,19,大手私鉄
東急田園都市線,青葉台,20,大手私鉄
東急田園都市線,田奈,21,大手私鉄
東急田園都市線,長津田,22,大手私鉄
東急田園都市線,つくし野,23,大手私鉄
東急田園都市線,すずかけ台,24,大手私鉄
東急田園都市線,南町田グランベリーパーク,25,大手私鉄
東急田園都市線,つきみ野,26,大手私鉄
東急田園都市線,中央林間,27,大手私鉄
東急大井町線,大井町,1,大手私鉄
東急大井町線,下神明,2,大手私鉄
東急大井町線,戸越公園,3,大手私鉄
東急大井町線,中延,4,大手私鉄
東急大井町線,荏原町,5,大手私鉄
東急大井町線,旗の台,6,大手私鉄
東急大井町線,北千束,7,大手私鉄
東急大井町線,大岡山,8,大手私鉄
東急大井町線,緑が丘,9,大手私鉄
東急大井町線,自由が丘,10,大手私鉄
東急大井町線,九品仏,11,大手私鉄
東急大井町線,尾山台,12,大手私鉄
東急大井町線,等々力,13,大手私鉄
東急大井町線,上野毛,14,大手私鉄
東急大井町線,二子玉川,15,大手私鉄
東急大井町線,二子新地,16,大手私鉄
東急大井町線,高津,17,大手私鉄
東急大井町線,溝の口,18,大手私鉄
東急池上線,五反田,1,大手私鉄
東急池上線,大崎広小路,2,大手私鉄
東急池上線,戸越銀座,3,大手私鉄
東急池上線,荏原中延,4,大手私鉄
東急池上線,旗の台,5,大手私鉄
東急池上線,長原,6,大手私鉄
東急池上線,洗足池,7,大手私鉄
東急池上線,石川台,8,大手私鉄
東急池上線,雪が谷大塚,9,大手私鉄
東急池上線,御嶽山,10,大手私鉄
東急池上線,久が原,11,大手私鉄
東急池上線,千鳥町,12,大手私鉄
東急池上線,池上,13,大手私鉄
東急池上線,蓮沼,14,大手私鉄
東急池上線,蒲田,15,大手私鉄
東急多摩川線,多摩川,1,大手私鉄
東急多摩川線,沼部,2,大手私鉄
東急多摩川線,鵜の木,3,大手私鉄
東急多摩川線,下丸子,4,大手私鉄
東急多摩川線,武蔵新田,5,大手私鉄
東急多摩川線,矢口渡,6,大手私鉄
東急多摩川線,蒲田,7,大手私鉄
東急こどもの国線,長津田,1,大手私鉄
東急こどもの国線,恩田,2,大手私鉄
東急こどもの国線,こどもの国,3,大手私鉄
東急世田谷線,三軒茶屋,1,大手私鉄
東急世田谷線,西太子堂,2,大手私鉄
東急世田谷線,若林,3,大手私鉄
東急世田谷線,松陰神社前,4,大手私鉄
東急世田谷線,世田谷,5,大手私鉄
東急世田谷線,上町,6,大手私鉄
東急世田谷線,宮の坂,7,大手私鉄
東急世田谷線,山下,8,大手私鉄
東急世田谷線,松原,9,大手私鉄
東急世田谷線,下高井戸,10,大手私鉄
京急本線,泉岳寺,1,大手私鉄
京急本線,品川,2,大手私鉄
京急本線,北品川,3,大手私鉄
京急本線,新馬場,4,大手私鉄
京急本線,青物横丁,5,大手私鉄
京急本線,鮫洲,6,大手私鉄
京急本線,立会川,7,大手私鉄
京急本線,大森海岸,8,大手私鉄
京急本線,平和島,9,大手私鉄
京急本線,大森町,10,大手私鉄
京急本線,梅屋敷,11,大手私鉄
京急本線,京急蒲田,12,大手私鉄
京急本線,雑色,13,大手私鉄
京急本線,六郷土手,14,大手私鉄
京急本線,京急川崎,15,大手私鉄
京急本線,八丁畷,16,大手私鉄
京急本線,鶴見市場,17,大手私鉄
京急本線,京急鶴見,18,大手私鉄
京急本線,花月総持寺,19,大手私鉄
京急本線,生麦,20,大手私鉄
京急本線,京急新子安,21,大手私鉄
京急本線,子安,22,大手私鉄
京急本線,神奈川新町,23,大手私鉄
京急本線,京急東神奈川,24,大手私鉄
京急本線,神奈川,25,大手私鉄
京急本線,戸部,26,大手私鉄
京急本線,日ノ出町,27,大手私鉄
京急本線,黄金町,28,大手私鉄
京急本線,南太田,29,大手私鉄
京急本線,井土ヶ谷,30,大手私鉄
京急本線,弘明寺,31,大手私鉄
京急本線,上大岡,32,大手私鉄
京急本線,屛風浦,33,大手私鉄
京急本線,杉田,34,大手私鉄
京急本線,京急富岡,35,大手私鉄
京急本線,能見台,36,大手私鉄
京急本線,金沢文庫,37,大手私鉄
京急本線,金沢八景,38,大手私鉄
京急本線,追浜,39,大手私鉄
京急本線,京急田浦,40,大手私鉄
京急本線,安針塚,41,大手私鉄
京急本線,逸見,42,大手私鉄
京急本線,汐入,43,大手私鉄
京急本線,横須賀中央,44,大手私鉄
京急本線,県立大学,45,大手私鉄
京急本線,堀ノ内,46,大手私鉄
京急本線,京急大津,47,大手私鉄
京急本線,馬堀海岸,48,大手私鉄
京急本線,浦賀,49,大手私鉄
京急空港線,京急蒲田,1,大手私鉄
京急空港線,糀谷,2,大手私鉄
京急空港線,大鳥居,3,大手私鉄
京急空港線,穴守稲荷,4,大手私鉄
京急空港線,天空橋,5,大手私鉄
京急空港線,羽田空港第3ターミナル,6,大手私鉄
京急空港線,羽田空港第1・第2ターミナル,7,大手私鉄
京急大師線,京急川崎,1,大手私鉄
京急大師線,港町,2,大手私鉄
京急大師線,鈴木町,3,大手私鉄
京急大師線,川崎大師,4,大手私鉄
京急大師線,東門前,5,大手私鉄
京急大師線,大師橋,6,大手私鉄
京急大師線,小島新田,7,大手私鉄
京急逗子線,金沢八景,1,大手私鉄
京急逗子線,六浦,2,大手私鉄
京急逗子線,神武寺,3,大手私鉄
京急逗子線,逗子・葉山,4,大手私鉄
京急久里浜線,堀ノ内,1,大手私鉄
京急久里浜線,新大津,2,大手私鉄
京急久里浜線,北久里浜,3,大手私鉄
京急久里浜線,京急久里浜,4,大手私鉄
京急久里浜線,YRP野比,5,大手私鉄
京急久里浜線,京急長沢,6,大手私鉄
京急久里浜線,津久井浜,7,大手私鉄
京急久里浜線,三浦海岸,8,大手私鉄
京急久里浜線,三崎口,9,大手私鉄
東京メトロ銀座線,渋谷,1,大手私鉄
東京メトロ銀座線,表参道,2,大手私鉄
東京メトロ銀座線,外苑前,3,大手私鉄
東京メトロ銀座線,青山一丁目,4,大手私鉄
東京メトロ銀座線,赤坂見附,5,大手私鉄
東京メトロ銀座線,溜池山王,6,大手私鉄
東京メトロ銀座線,虎ノ門,7,大手私鉄
東京メトロ銀座線,新橋,8,大手私鉄
東京メトロ銀座線,銀座,9,大手私鉄
東京メトロ銀座線,京橋,10,大手私鉄
東京メトロ銀座線,日本橋,11,大手私鉄
東京メトロ銀座線,三越前,12,大手私鉄
東京メトロ銀座線,神田,13,大手私鉄
東京メトロ銀座線,末広町,14,大手私鉄
東京メトロ銀座線,上野広小路,15,大手私鉄
東京メトロ銀座線,上野,16,大手私鉄
東京メトロ銀座線,稲荷町,17,大手私鉄
東京メトロ銀座線,田原町,18,大手私鉄
東京メトロ銀座線,浅草,19,大手私鉄
東京メトロ丸の内線本線,荻窪,1,大手私鉄
東京メトロ丸の内線本線,南阿佐ヶ谷,2,大手私鉄
東京メトロ丸の内線本線,新高円寺,3,大手私鉄
東京メトロ丸の内線本線,東高円寺,4,大手私鉄
東京メトロ丸の内線本線,新中野,5,大手私鉄
東京メトロ丸の内線本線,中野坂上,6,大手私鉄
東京メトロ丸の内線本線,西新宿,7,大手私鉄
東京メトロ丸の内線本線,新宿,8,大手私鉄
東京メトロ丸の内線本線,新宿三丁目,9,大手私鉄
東京メトロ丸の内線本線,新宿御苑前,10,大手私鉄
東京メトロ丸の内線本線,四谷三丁目,11,大手私鉄
東京メトロ丸の内線本線,四ツ谷,12,大手私鉄
東京メトロ丸の内線本線,赤坂見附,13,大手私鉄
東京メトロ丸の内線本線,国会議事堂前,14,大手私鉄
東京メトロ丸の内線本線,霞ヶ関,15,大手私鉄
東京メトロ丸の内線本線,銀座,16,大手私鉄
東京メトロ丸の内線本線,東京,17,大手私鉄
東京メトロ丸の内線本線,大手町,18,大手私鉄
東京メトロ丸の内線本線,淡路町,19,大手私鉄
東京メトロ丸の内線本線,御茶ノ水,20,大手私鉄
東京メトロ丸の内線本線,本郷三丁目,21,大手私鉄
東京メトロ丸の内線本線,後楽園,22,大手私鉄
東京メトロ丸の内線本線,茗荷谷,23,大手私鉄
東京メトロ丸の内線本線,新大塚,24,大手私鉄
東京メトロ丸の内線本線,池袋,25,大手私鉄
東京メトロ丸の内線分岐線,方南町,1,大手私鉄
東京メトロ丸の内線分岐線,中野富士見町,2,大手私鉄
東京メトロ丸の内線分岐線,中野新橋,3,大手私鉄
東京メトロ丸の内線分岐線,中野坂上,4,大手私鉄
東京メトロ日比谷線,中目黒,1,大手私鉄
東京メトロ日比谷線,恵比寿,2,大手私鉄
東京メトロ日比谷線,広尾,3,大手私鉄
東京メトロ日比谷線,六本木,4,大手私鉄
東京メトロ日比谷線,神谷町,5,大手私鉄
東京メトロ日比谷線,虎ノ門ヒルズ,6,大手私鉄
東京メトロ日比谷線,霞ヶ関,7,大手私鉄
東京メトロ日比谷線,日比谷,8,大手私鉄
東京メトロ日比谷線,銀座,9,大手私鉄
東京メトロ日比谷線,東銀座,10,大手私鉄
東京メトロ日比谷線,築地,11,大手私鉄
東京メトロ日比谷線,八丁堀,12,大手私鉄
東京メトロ日比谷線,茅場町,13,大手私鉄
東京メトロ日比谷線,人形町,14,大手私鉄
東京メトロ日比谷線,小伝馬町,15,大手私鉄
東京メトロ日比谷線,秋葉原,16,大手私鉄
東京メトロ日比谷線,仲御徒町,17,大手私鉄
東京メトロ日比谷線,上野,18,大手私鉄
東京メトロ日比谷線,入谷,19,大手私鉄
東京メトロ日比谷線,三ノ輪,20,大手私鉄
東京メトロ日比谷線,南千住,21,大手私鉄
東京メトロ日比谷線,北千住,22,大手私鉄
東京メトロ東西線,中野,1,大手私鉄
東京メトロ東西線,落合,2,大手私鉄
東京メトロ東西線,高田馬場,3,大手私鉄
東京メトロ東西線,早稲田,4,大手私鉄
東京メトロ東西線,神楽坂,5,大手私鉄
東京メトロ東西線,飯田橋,6,大手私鉄
東京メトロ東西線,九段下,7,大手私鉄
東京メトロ東西線,竹橋,8,大手私鉄
東京メトロ東西線,大手町,9,大手私鉄
東京メトロ東西線,日本橋,10,大手私鉄
東京メトロ東西線,茅場町,11,大手私鉄
東京メトロ東西線,門前仲町,12,大手私鉄
東京メトロ東西線,木場,13,大手私鉄
東京メトロ東西線,東陽町,14,大手私鉄
東京メトロ東西線,南砂町,15,大手私鉄
東京メトロ東西線,西葛西,16,大手私鉄
東京メトロ東西線,葛西,17,大手私鉄
東京メトロ東西線,浦安,18,大手私鉄
東京メトロ東西線,南行徳,19,大手私鉄
東京メトロ東西線,行徳,20,大手私鉄
東京メトロ東西線,妙典,21,大手私鉄
東京メトロ東西線,原木中山,22,大手私鉄
東京メトロ東西線,西船橋,23,大手私鉄
東京メトロ千代田線,代々木上原,1,大手私鉄
東京メトロ千代田線,代々木公園,2,大手私鉄
東京メトロ千代田線,明治神宮前,3,大手私鉄
東京メトロ千代田線,表参道,4,大手私鉄
東京メトロ千代田線,乃木坂,5,大手私鉄
東京メトロ千代田線,赤坂見附,6,大手私鉄
東京メトロ千代田線,国会議事堂前,7,大手私鉄
東京メトロ千代田線,霞ヶ関,8,大手私鉄
東京メトロ千代田線,日比谷,9,大手私鉄
東京メトロ千代田線,二重橋前,10,大手私鉄
東京メトロ千代田線,大手町,11,大手私鉄
東京メトロ千代田線,新御茶ノ水,12,大手私鉄
東京メトロ千代田線,湯島,13,大手私鉄
東京メトロ千代田線,根津,14,大手私鉄
東京メトロ千代田線,千駄木,15,大手私鉄
東京メトロ千代田線,西日暮里,16,大手私鉄
東京メトロ千代田線,町屋,17,大手私鉄
東京メトロ千代田線,北千住,18,大手私鉄
東京メトロ千代田線,綾瀬,19,大手私鉄
東京メトロ有楽町線,和光市,1,大手私鉄
東京メトロ有楽町線,地下鉄成増,2,大手私鉄
東京メトロ有楽町線,地下鉄赤塚,3,大手私鉄
東京メトロ有楽町線,平和台,4,大手私鉄
東京メトロ有楽町線,氷川台,5,大手私鉄
東京メトロ有楽町線,小竹向原,6,大手私鉄
東京メトロ有楽町線,千川,7,大手私鉄
東京メトロ有楽町線,要町,8,大手私鉄
東京メトロ有楽町線,池袋,9,大手私鉄
東京メトロ有楽町線,東池袋,10,大手私鉄
東京メトロ有楽町線,護国寺,11,大手私鉄
東京メトロ有楽町線,江戸川橋,12,大手私鉄
東京メトロ有楽町線,飯田橋,13,大手私鉄
東京メトロ有楽町線,市ヶ谷,14,大手私鉄
東京メトロ有楽町線,麹町,15,大手私鉄
東京メトロ有楽町線,永田町,16,大手私鉄
東京メトロ有楽町線,桜田門,17,大手私鉄
東京メトロ有楽町線,有楽町,18,大手私鉄
東京メトロ有楽町線,銀座一丁目,19,大手私鉄
東京メトロ有楽町線,新富町,20,大手私鉄
東京メトロ有楽町線,月島,21,大手私鉄
東京メトロ有楽町線,豊洲,22,大手私鉄
東京メトロ有楽町線,辰巳,23,大手私鉄
東京メトロ有楽町線,新木場,24,大手私鉄
東京メトロ半蔵門線,渋谷,1,大手私鉄
東京メトロ半蔵門線,表参道,2,大手私鉄
東京メトロ半蔵門線,青山一丁目,3,大手私鉄
東京メトロ半蔵門線,永田町,4,大手私鉄
東京メトロ半蔵門線,半蔵門,5,大手私鉄
東京メトロ半蔵門線,九段下,6,大手私鉄
東京メトロ半蔵門線,神保町,7,大手私鉄
東京メトロ半蔵門線,大手町,8,大手私鉄
東京メトロ半蔵門線,三越前,9,大手私鉄
東京メトロ半蔵門線,水天宮前,10,大手私鉄
東京メトロ半蔵門線,清澄白河,11,大手私鉄
東京メトロ半蔵門線,住吉,12,大手私鉄
東京メトロ半蔵門線,錦糸町,13,大手私鉄
東京メトロ半蔵門線,押上,14,大手私鉄
東京メトロ南北線,目黒,1,大手私鉄
東京メトロ南北線,白金台,2,大手私鉄
東京メトロ南北線,白金高輪,3,大手私鉄
東京メトロ南北線,麻布十番,4,大手私鉄
東京メトロ南北線,六本木一丁目,5,大手私鉄
東京メトロ南北線,溜池山王,6,大手私鉄
東京メトロ南北線,永田町,7,大手私鉄
東京メトロ南北線,四ツ谷,8,大手私鉄
東京メトロ南北線,市ヶ谷,9,大手私鉄
東京メトロ南北線,飯田橋,10,大手私鉄
東京メトロ南北線,後楽園,11,大手私鉄
東京メトロ南北線,東大前,12,大手私鉄
東京メトロ南北線,本駒込,13,大手私鉄
東京メトロ南北線,駒込,14,大手私鉄
東京メトロ南北線,西ヶ原,15,大手私鉄
東京メトロ南北線,王子,16,大手私鉄
東京メトロ南北線,王子神谷,17,大手私鉄
東京メトロ南北線,志茂,18,大手私鉄
東京メトロ南北線,赤羽岩淵,19,大手私鉄
東京メトロ副都心線,和光市,1,大手私鉄
東京メトロ副都心線,地下鉄成増,2,大手私鉄
東京メトロ副都心線,地下鉄赤塚,3,大手私鉄
東京メトロ副都心線,平和台,4,大手私鉄
東京メトロ副都心線,氷川台,5,大手私鉄
東京メトロ副都心線,小竹向原,6,大手私鉄
東京メトロ副都心線,千川,7,大手私鉄
東京メトロ副都心線,要町,8,大手私鉄
東京メトロ副都心線,池袋,9,大手私鉄
東京メトロ副都心線,雑司ヶ谷,10,大手私鉄
東京メトロ副都心線,西早稲田,11,大手私鉄
東京メトロ副都心線,東新宿,12,大手私鉄
東京メトロ副都心線,新宿三丁目,13,大手私鉄
東京メトロ副都心線,北参道,14,大手私鉄
東京メトロ副都心線,明治神宮前,15,大手私鉄
東京メトロ副都心線,渋谷,16,大手私鉄
相鉄本線,横浜,1,大手私鉄
相鉄本線,平沼橋,2,大手私鉄
相鉄本線,西横浜,3,大手私鉄
相鉄本線,天王町,4,大手私鉄
相鉄本線,星川,5,大手私鉄
相鉄本線,和田町,6,大手私鉄
相鉄本線,上星川,7,大手私鉄
相鉄本線,西谷,8,大手私鉄
相鉄本線,鶴ヶ峰,9,大手私鉄
相鉄本線,二俣川,10,大手私鉄
相鉄本線,希望ヶ丘,11,大手私鉄
相鉄本線,三ツ境,12,大手私鉄
相鉄本線,瀬谷,13,大手私鉄
相鉄本線,大和,14,大手私鉄
相鉄本線,相模大塚,15,大手私鉄
相鉄本線,さがみ野,16,大手私鉄
相鉄本線,かしわ台,17,大手私鉄
相鉄本線,海老名,18,大手私鉄
相鉄いずみ野線,二俣川,1,大手私鉄
相鉄いずみ野線,南万騎が原,2,大手私鉄
相鉄いずみ野線,緑園都市,3,大手私鉄
相鉄いずみ野線,弥生台,4,大手私鉄
相鉄いずみ野線,いずみ野,5,大手私鉄
相鉄いずみ野線,いずみ中央,6,大手私鉄
相鉄いずみ野線,ゆめが丘,7,大手私鉄
相鉄いずみ野線,湘南台,8,大手私鉄
相鉄新横浜線,新横浜,1,大手私鉄
相鉄新横浜線,羽沢横浜国大,2,大手私鉄
相鉄新横浜線,西谷,3,大手私鉄
名鉄本線,豊橋,1,大手私鉄
名鉄本線,伊奈,2,大手私鉄
名鉄本線,小田渕,3,大手私鉄
名鉄本線,国府,4,大手私鉄
名鉄本線,御油,5,大手私鉄
名鉄本線,名電赤坂,6,大手私鉄
名鉄本線,名電長沢,7,大手私鉄
名鉄本線,本宿,8,大手私鉄
名鉄本線,名電山中,9,大手私鉄
名鉄本線,藤川,10,大手私鉄
名鉄本線,美合,11,大手私鉄
名鉄本線,男川,12,大手私鉄
名鉄本線,東岡崎,13,大手私鉄
名鉄本線,岡崎公園前,14,大手私鉄
名鉄本線,矢作橋,15,大手私鉄
名鉄本線,宇頭,16,大手私鉄
名鉄本線,新安城,17,大手私鉄
名鉄本線,牛田,18,大手私鉄
名鉄本線,知立,19,大手私鉄
名鉄本線,一ツ木,20,大手私鉄
名鉄本線,富士松,21,大手私鉄
名鉄本線,豊明,22,大手私鉄
名鉄本線,前後,23,大手私鉄
名鉄本線,中京競馬場前,24,大手私鉄
名鉄本線,有松,25,大手私鉄
名鉄本線,左京山,26,大手私鉄
名鉄本線,鳴海,27,大手私鉄
名鉄本線,本星崎,28,大手私鉄
名鉄本線,本笠寺,29,大手私鉄
名鉄本線,桜,30,大手私鉄
名鉄本線,呼続,31,大手私鉄
名鉄本線,堀田,32,大手私鉄
名鉄本線,神宮前,33,大手私鉄
名鉄本線,金山,34,大手私鉄
名鉄本線,山王,35,大手私鉄
名鉄本線,名鉄名古屋,36,大手私鉄
名鉄本線,栄生,37,大手私鉄
名鉄本線,東枇杷島,38,大手私鉄
名鉄本線,西枇杷島,39,大手私鉄
名鉄本線,二ツ杁,40,大手私鉄
名鉄本線,新川橋,41,大手私鉄
名鉄本線,須ヶ口,42,大手私鉄
名鉄本線,丸ノ内,43,大手私鉄
名鉄本線,新清洲,44,大手私鉄
名鉄本線,大里,45,大手私鉄
名鉄本線,奥田,46,大手私鉄
名鉄本線,国府宮,47,大手私鉄
名鉄本線,島氏永,48,大手私鉄
名鉄本線,妙興寺,49,大手私鉄
名鉄本線,名鉄一宮,50,大手私鉄
名鉄本線,今伊勢,51,大手私鉄
名鉄本線,石刀,52,大手私鉄
名鉄本線,新木曽川,53,大手私鉄
名鉄本線,黒田,54,大手私鉄
名鉄本線,木曽川堤,55,大手私鉄
名鉄本線,笠松,56,大手私鉄
名鉄本線,岐南,57,大手私鉄
名鉄本線,茶所,58,大手私鉄
名鉄本線,加納,59,大手私鉄
名鉄本線,名鉄岐阜,60,大手私鉄
名鉄豊川線,国府,1,大手私鉄
名鉄豊川線,八幡,2,大手私鉄
名鉄豊川線,諏訪町,3,大手私鉄
名鉄豊川線,稲荷口,4,大手私鉄
名鉄豊川線,豊川稲荷,5,大手私鉄
名鉄西尾線,新安城,1,大手私鉄
名鉄西尾線,北安城,2,大手私鉄
名鉄西尾線,南安城,3,大手私鉄
名鉄西尾線,碧海古井,4,大手私鉄
名鉄西尾線,堀内公園,5,大手私鉄
名鉄西尾線,桜井,6,大手私鉄
名鉄西尾線,南桜井,7,大手私鉄
名鉄西尾線,米津,8,大手私鉄
名鉄西尾線,桜町前,9,大手私鉄
名鉄西尾線,西尾口,10,大手私鉄
名鉄西尾線,西尾口,11,大手私鉄
名鉄西尾線,福地,12,大手私鉄
名鉄西尾線,上横須賀,13,大手私鉄
名鉄西尾線,吉良吉田,14,大手私鉄
名鉄蒲郡線,吉良吉田,1,大手私鉄
名鉄蒲郡線,三河鳥羽,2,大手私鉄
名鉄蒲郡線,西幡豆,3,大手私鉄
名鉄蒲郡線,東幡豆,4,大手私鉄
名鉄蒲郡線,こどもの国,5,大手私鉄
名鉄蒲郡線,西浦,6,大手私鉄
名鉄蒲郡線,形原,7,大手私鉄
名鉄蒲郡線,三河鹿島,8,大手私鉄
名鉄蒲郡線,蒲郡競艇場前,9,大手私鉄
名鉄蒲郡線,蒲郡,10,大手私鉄
名鉄三河線,猿投,1,大手私鉄
名鉄三河線,平戸橋,2,大手私鉄
名鉄三河線,越戸,3,大手私鉄
名鉄三河線,梅坪,4,大手私鉄
名鉄三河線,豊田市,5,大手私鉄
名鉄三河線,上挙母,6,大手私鉄
名鉄三河線,土橋,7,大手私鉄
名鉄三河線,竹村,8,大手私鉄
名鉄三河線,若林,9,大手私鉄
名鉄三河線,三河八橋,10,大手私鉄
名鉄三河線,三河知立,11,大手私鉄
名鉄三河線,知立,12,大手私鉄
名鉄三河線,重原,13,大手私鉄
名鉄三河線,刈谷,14,大手私鉄
名鉄三河線,刈谷市,15,大手私鉄
名鉄三河線,小垣江,16,大手私鉄
名鉄三河線,吉浜,17,大手私鉄
名鉄三河線,三河高浜,18,大手私鉄
名鉄三河線,北新川,19,大手私鉄
名鉄三河線,新川町,20,大手私鉄
名鉄三河線,碧南中央,21,大手私鉄
名鉄三河線,碧南,22,大手私鉄
名鉄豊田線,赤池,1,大手私鉄
名鉄豊田線,日進,2,大手私鉄
名鉄豊田線,米野木,3,大手私鉄
名鉄豊田線,黒笹,4,大手私鉄
名鉄豊田線,三好ヶ丘,5,大手私鉄
名鉄豊田線,浄水,6,大手私鉄
名鉄豊田線,上豊田,7,大手私鉄
名鉄豊田線,梅坪,8,大手私鉄
名鉄常滑線,神宮前,1,大手私鉄
名鉄常滑線,豊田本町,2,大手私鉄
名鉄常滑線,道徳,3,大手私鉄
名鉄常滑線,大江,4,大手私鉄
名鉄常滑線,大同町,5,大手私鉄
名鉄常滑線,柴田,6,大手私鉄
名鉄常滑線,名和,7,大手私鉄
名鉄常滑線,聚楽園,8,大手私鉄
名鉄常滑線,新日鉄前,9,大手私鉄
名鉄常滑線,太田川,10,大手私鉄
名鉄常滑線,尾張横須賀,11,大手私鉄
名鉄常滑線,寺本,12,大手私鉄
名鉄常滑線,朝倉,13,大手私鉄
名鉄常滑線,古見,14,大手私鉄
名鉄常滑線,長浦,15,大手私鉄
名鉄常滑線,日長,16,大手私鉄
名鉄常滑線,新舞子,17,大手私鉄
名鉄常滑線,大野町,18,大手私鉄
名鉄常滑線,西ノ口,19,大手私鉄
名鉄常滑線,蒲池,20,大手私鉄
名鉄常滑線,榎戸,21,大手私鉄
名鉄常滑線,多屋,22,大手私鉄
名鉄常滑線,常滑,23,大手私鉄
名鉄空港線,常滑,1,大手私鉄
名鉄空港線,りんくう常滑,2,大手私鉄
名鉄空港線,中部国際空港,3,大手私鉄
名鉄築港線,大江,1,大手私鉄
名鉄築港線,東名古屋港,2,大手私鉄
名鉄河和線,太田川,1,大手私鉄
名鉄河和線,高横須賀,2,大手私鉄
名鉄河和線,加木屋中ノ池,3,大手私鉄
名鉄河和線,南加木屋,4,大手私鉄
名鉄河和線,巽ヶ丘,5,大手私鉄
名鉄河和線,白沢,6,大手私鉄
名鉄河和線,坂部,7,大手私鉄
名鉄河和線,阿久比,8,大手私鉄
名鉄河和線,植大,9,大手私鉄
名鉄河和線,半田口,10,大手私鉄
名鉄河和線,住吉町,11,大手私鉄
名鉄河和線,知多半田,12,大手私鉄
名鉄河和線,成岩,13,大手私鉄
名鉄河和線,青山,14,大手私鉄
名鉄河和線,上ゲ,15,大手私鉄
名鉄河和線,知多武豊,16,大手私鉄
名鉄河和線,富貴,17,大手私鉄
名鉄河和線,河和口,18,大手私鉄
名鉄河和線,河和,19,大手私鉄
名鉄知多新線,富貴,1,大手私鉄
名鉄知多新線,上野間,2,大手私鉄
名鉄知多新線,美浜緑苑,3,大手私鉄
名鉄知多新線,知多奥田,4,大手私鉄
名鉄知多新線,野間,5,大手私鉄
名鉄知多新線,内海,6,大手私鉄
名鉄瀬戸線,栄町,1,大手私鉄
名鉄瀬戸線,東大手,2,大手私鉄
名鉄瀬戸線,清水,3,大手私鉄
名鉄瀬戸線,尼ヶ坂,4,大手私鉄
名鉄瀬戸線,森下,5,大手私鉄
名鉄瀬戸線,大曽根,6,大手私鉄
名鉄瀬戸線,矢田,7,大手私鉄
名鉄瀬戸線,守山自衛隊前,8,大手私鉄
名鉄瀬戸線,瓢箪山,9,大手私鉄
名鉄瀬戸線,小幡,10,大手私鉄
名鉄瀬戸線,喜多山,11,大手私鉄
名鉄瀬戸線,大森・金城学院前,12,大手私鉄
名鉄瀬戸線,印場,13,大手私鉄
名鉄瀬戸線,旭前,14,大手私鉄
名鉄瀬戸線,尾張旭,15,大手私鉄
名鉄瀬戸線,三郷,16,大手私鉄
名鉄瀬戸線,水野,17,大手私鉄
名鉄瀬戸線,新瀬戸,18,大手私鉄
名鉄瀬戸線,瀬戸市役所前,19,大手私鉄
名鉄瀬戸線,尾張瀬戸,20,大手私鉄
名鉄津島線,須ヶ口,1,大手私鉄
名鉄津島線,甚目寺,2,大手私鉄
名鉄津島線,七宝,3,大手私鉄
名鉄津島線,木田,4,大手私鉄
名鉄津島線,青塚,5,大手私鉄
名鉄津島線,勝幡,6,大手私鉄
名鉄津島線,藤浪,7,大手私鉄
名鉄津島線,津島,8,大手私鉄
名鉄尾西線,弥富,1,大手私鉄
名鉄尾西線,五ノ三,2,大手私鉄
名鉄尾西線,佐屋,3,大手私鉄
名鉄尾西線,日比野,4,大手私鉄
名鉄尾西線,津島,5,大手私鉄
名鉄尾西線,町方,6,大手私鉄
名鉄尾西線,六輪,7,大手私鉄
名鉄尾西線,渕高,8,大手私鉄
名鉄尾西線,丸渕,9,大手私鉄
名鉄尾西線,上丸渕,10,大手私鉄
名鉄尾西線,森上,11,大手私鉄
名鉄尾西線,山崎,12,大手私鉄
名鉄尾西線,玉野,13,大手私鉄
名鉄尾西線,萩原,14,大手私鉄
名鉄尾西線,二子,15,大手私鉄
名鉄尾西線,苅安賀,16,大手私鉄
名鉄尾西線,観音寺,17,大手私鉄
名鉄尾西線,名鉄一宮,18,大手私鉄
名鉄尾西線,西一宮,19,大手私鉄
名鉄尾西線,開明,20,大手私鉄
名鉄尾西線,奥町,21,大手私鉄
名鉄尾西線,玉ノ井,22,大手私鉄
名鉄犬山線,東枇杷島,1,大手私鉄
名鉄犬山線,下小田井,2,大手私鉄
名鉄犬山線,中小田井,3,大手私鉄
名鉄犬山線,上小田井,4,大手私鉄
名鉄犬山線,西春,5,大手私鉄
名鉄犬山線,徳重・名古屋芸大,6,大手私鉄
名鉄犬山線,大山寺,7,大手私鉄
名鉄犬山線,岩倉,8,大手私鉄
名鉄犬山線,石仏,9,大手私鉄
名鉄犬山線,布袋,10,大手私鉄
名鉄犬山線,江南,11,大手私鉄
名鉄犬山線,柏森,12,大手私鉄
名鉄犬山線,扶桑,13,大手私鉄
名鉄犬山線,木津用水,14,大手私鉄
名鉄犬山線,犬山口,15,大手私鉄
名鉄犬山線,犬山,16,大手私鉄
名鉄犬山線,犬山遊園,17,大手私鉄
名鉄犬山線,新鵜沼,18,大手私鉄
名鉄各務原線,名鉄岐阜,1,大手私鉄
名鉄各務原線,田神,2,大手私鉄
名鉄各務原線,細畑,3,大手私鉄
名鉄各務原線,切通,4,大手私鉄
名鉄各務原線,手力,5,大手私鉄
名鉄各務原線,高田橋,6,大手私鉄
名鉄各務原線,新加納,7,大手私鉄
名鉄各務原線,新那加,8,大手私鉄
名鉄各務原線,市民公園前,9,大手私鉄
名鉄各務原線,各務原市役所前,10,大手私鉄
名鉄各務原線,六軒,11,大手私鉄
名鉄各務原線,三柿野,12,大手私鉄
名鉄各務原線,二十軒,13,大手私鉄
名鉄各務原線,名電各務原,14,大手私鉄
名鉄各務原線,苧ヶ瀬,15,大手私鉄
名鉄各務原線,羽場,16,大手私鉄
名鉄各務原線,鵜沼宿,17,大手私鉄
名鉄各務原線,新鵜沼,18,大手私鉄
名鉄広見線,犬山,1,大手私鉄
名鉄広見線,富岡前,2,大手私鉄
名鉄広見線,善師野,3,大手私鉄
名鉄広見線,西可児,4,大手私鉄
名鉄広見線,可児川,5,大手私鉄
名鉄広見線,日本ライン今渡,6,大手私鉄
名鉄広見線,新可児,7,大手私鉄
名鉄広見線,明智,8,大手私鉄
名鉄広見線,顔戸,9,大手私鉄
名鉄広見線,御嵩口,10,大手私鉄
名鉄広見線,御嵩,11,大手私鉄
名鉄小牧線,上飯田,1,大手私鉄
名鉄小牧線,味鋺,2,大手私鉄
名鉄小牧線,味美,3,大手私鉄
名鉄小牧線,春日井,4,大手私鉄
名鉄小牧線,牛山,5,大手私鉄
名鉄小牧線,間内,6,大手私鉄
名鉄小牧線,小牧口,7,大手私鉄
名鉄小牧線,小牧,8,大手私鉄
名鉄小牧線,小牧原,9,大手私鉄
名鉄小牧線,味岡,10,大手私鉄
名鉄小牧線,田県神社前,11,大手私鉄
名鉄小牧線,楽田,12,大手私鉄
名鉄小牧線,羽黒,13,大手私鉄
名鉄小牧線,犬山,14,大手私鉄
名鉄竹鼻線,笠松,1,大手私鉄
名鉄竹鼻線,西笠松,2,大手私鉄
名鉄竹鼻線,柳津,3,大手私鉄
名鉄竹鼻線,南宿,4,大手私鉄
名鉄竹鼻線,須賀,5,大手私鉄
名鉄竹鼻線,不破一色,6,大手私鉄
名鉄竹鼻線,竹鼻,7,大手私鉄
名鉄竹鼻線,羽島市役所前,8,大手私鉄
名鉄竹鼻線,江吉良,9,大手私鉄
名鉄羽島線,江吉良,1,大手私鉄
名鉄羽島線,新羽島,2,大手私鉄
近鉄難波線,大阪難波,1,大手私鉄
近鉄難波線,近鉄日本橋,2,大手私鉄
近鉄難波線,大阪上本町,3,大手私鉄
近鉄奈良線,大阪難波,1,大手私鉄
近鉄奈良線,近鉄日本橋,2,大手私鉄
近鉄奈良線,大阪上本町,3,大手私鉄
近鉄奈良線,鶴橋,4,大手私鉄
近鉄奈良線,今里,5,大手私鉄
近鉄奈良線,布施,6,大手私鉄
近鉄奈良線,河内永和,7,大手私鉄
近鉄奈良線,河内小阪,8,大手私鉄
近鉄奈良線,八戸ノ里,9,大手私鉄
近鉄奈良線,若江岩田,10,大手私鉄
近鉄奈良線,河内花園,11,大手私鉄
近鉄奈良線,東花園,12,大手私鉄
近鉄奈良線,瓢箪山,13,大手私鉄
近鉄奈良線,枚岡,14,大手私鉄
近鉄奈良線,額田,15,大手私鉄
近鉄奈良線,石切,16,大手私鉄
近鉄奈良線,生駒,17,大手私鉄
近鉄奈良線,東生駒,18,大手私鉄
近鉄奈良線,富雄,19,大手私鉄
近鉄奈良線,学園前,20,大手私鉄
近鉄奈良線,菖蒲池,21,大手私鉄
近鉄奈良線,大和西大寺,22,大手私鉄
近鉄奈良線,新大宮,23,大手私鉄
近鉄奈良線,近鉄奈良,24,大手私鉄
近鉄生駒線,生駒,1,大手私鉄
近鉄生駒線,菜畑,2,大手私鉄
近鉄生駒線,一分,3,大手私鉄
近鉄生駒線,南生駒,4,大手私鉄
近鉄生駒線,萩の台,5,大手私鉄
近鉄生駒線,東山,6,大手私鉄
近鉄生駒線,元山上口,7,大手私鉄
近鉄生駒線,平群,8,大手私鉄
近鉄生駒線,竜田川,9,大手私鉄
近鉄生駒線,勢野北口,10,大手私鉄
近鉄生駒線,信貴山下,11,大手私鉄
近鉄生駒線,王寺,12,大手私鉄
近鉄けいはんな線,長田,1,大手私鉄
近鉄けいはんな線,荒本,2,大手私鉄
近鉄けいはんな線,吉田,3,大手私鉄
近鉄けいはんな線,新石切,4,大手私鉄
近鉄けいはんな線,生駒,5,大手私鉄
近鉄けいはんな線,白庭台,6,大手私鉄
近鉄けいはんな線,学研北生駒,7,大手私鉄
近鉄けいはんな線,学研奈良登美ヶ丘,8,大手私鉄
近鉄京都線,京都,1,大手私鉄
近鉄京都線,東寺,2,大手私鉄
近鉄京都線,十条,3,大手私鉄
近鉄京都線,上鳥羽口,4,大手私鉄
近鉄京都線,竹田,5,大手私鉄
近鉄京都線,伏見,6,大手私鉄
近鉄京都線,近鉄丹波橋,7,大手私鉄
近鉄京都線,桃山御陵前,8,大手私鉄
近鉄京都線,向島,9,大手私鉄
近鉄京都線,小倉,10,大手私鉄
近鉄京都線,伊勢田,11,大手私鉄
近鉄京都線,大久保,12,大手私鉄
近鉄京都線,久津川,13,大手私鉄
近鉄京都線,寺田,14,大手私鉄
近鉄京都線,富野荘,15,大手私鉄
近鉄京都線,新田辺,16,大手私鉄
近鉄京都線,興戸,17,大手私鉄
近鉄京都線,三山木,18,大手私鉄
近鉄京都線,近鉄宮津,19,大手私鉄
近鉄京都線,狛田,20,大手私鉄
近鉄京都線,新祝園,21,大手私鉄
近鉄京都線,木津川台,22,大手私鉄
近鉄京都線,山田川,23,大手私鉄
近鉄京都線,高の原,24,大手私鉄
近鉄京都線,平城,25,大手私鉄
近鉄京都線,大和西大寺,26,大手私鉄
近鉄橿原線,大和西大寺,1,大手私鉄
近鉄橿原線,尼ヶ辻,2,大手私鉄
近鉄橿原線,西ノ京,3,大手私鉄
近鉄橿原線,九条,4,大手私鉄
近鉄橿原線,近鉄郡山,5,大手私鉄
近鉄橿原線,筒井,6,大手私鉄
近鉄橿原線,平端,7,大手私鉄
近鉄橿原線,ファミリー公園前,8,大手私鉄
近鉄橿原線,結崎,9,大手私鉄
近鉄橿原線,石見,10,大手私鉄
近鉄橿原線,田原本,11,大手私鉄
近鉄橿原線,笠縫,12,大手私鉄
近鉄橿原線,新ノ口,13,大手私鉄
近鉄橿原線,大和八木,14,大手私鉄
近鉄橿原線,畝傍御陵前,15,大手私鉄
近鉄橿原線,橿原神宮前,16,大手私鉄
近鉄天理線,平端,1,大手私鉄
近鉄天理線,二階堂,2,大手私鉄
近鉄天理線,前栽,3,大手私鉄
近鉄天理線,天理,4,大手私鉄
近鉄田原本線,西田原本,1,大手私鉄
近鉄田原本線,黒田,2,大手私鉄
近鉄田原本線,但馬,3,大手私鉄
近鉄田原本線,箸尾,4,大手私鉄
近鉄田原本線,池部,5,大手私鉄
近鉄田原本線,佐味田川,6,大手私鉄
近鉄田原本線,大輪田,7,大手私鉄
近鉄田原本線,新王寺,8,大手私鉄
近鉄大阪線,大阪上本町,1,大手私鉄
近鉄大阪線,鶴橋,2,大手私鉄
近鉄大阪線,今里,3,大手私鉄
近鉄大阪線,布施,4,大手私鉄
近鉄大阪線,俊徳道,5,大手私鉄
近鉄大阪線,長瀬,6,大手私鉄
近鉄大阪線,弥刀,7,大手私鉄
近鉄大阪線,久宝寺口,8,大手私鉄
近鉄大阪線,近鉄八尾,9,大手私鉄
近鉄大阪線,河内山本,10,大手私鉄
近鉄大阪線,高安,11,大手私鉄
近鉄大阪線,恩智,12,大手私鉄
近鉄大阪線,法善寺,13,大手私鉄
近鉄大阪線,堅下,14,大手私鉄
近鉄大阪線,安堂,15,大手私鉄
近鉄大阪線,河内国分,16,大手私鉄
近鉄大阪線,大阪教育大前,17,大手私鉄
近鉄大阪線,関屋,18,大手私鉄
近鉄大阪線,二上,19,大手私鉄
近鉄大阪線,近鉄下田,20,大手私鉄
近鉄大阪線,五位堂,21,大手私鉄
近鉄大阪線,築山,22,大手私鉄
近鉄大阪線,大和高田,23,大手私鉄
近鉄大阪線,松塚,24,大手私鉄
近鉄大阪線,真菅,25,大手私鉄
近鉄大阪線,大和八木,26,大手私鉄
近鉄大阪線,耳成,27,大手私鉄
近鉄大阪線,大福,28,大手私鉄
近鉄大阪線,桜井,29,大手私鉄
近鉄大阪線,大和朝倉,30,大手私鉄
近鉄大阪線,長谷寺,31,大手私鉄
近鉄大阪線,榛原,32,大手私鉄
近鉄大阪線,室生口大野,33,大手私鉄
近鉄大阪線,三本松,34,大手私鉄
近鉄大阪線,赤目口,35,大手私鉄
近鉄大阪線,名張,36,大手私鉄
近鉄大阪線,桔梗が丘,37,大手私鉄
近鉄大阪線,美旗,38,大手私鉄
近鉄大阪線,伊賀神戸,39,大手私鉄
近鉄大阪線,青山町,40,大手私鉄
近鉄大阪線,伊賀上津,41,大手私鉄
近鉄大阪線,西青山,42,大手私鉄
近鉄大阪線,東青山,43,大手私鉄
近鉄大阪線,榊原温泉口,44,大手私鉄
近鉄大阪線,大三,45,大手私鉄
近鉄大阪線,伊勢石橋,46,大手私鉄
近鉄大阪線,川合高岡,47,大手私鉄
近鉄大阪線,伊勢中川,48,大手私鉄
近鉄信貴線,河内山本,1,大手私鉄
近鉄信貴線,服部川,2,大手私鉄
近鉄信貴線,信貴山口,3,大手私鉄
近鉄名古屋線,伊勢中川,1,大手私鉄
近鉄名古屋線,桃園,2,大手私鉄
近鉄名古屋線,久居,3,大手私鉄
近鉄名古屋線,南が丘,4,大手私鉄
近鉄名古屋線,津新町,5,大手私鉄
近鉄名古屋線,津新町,6,大手私鉄
近鉄名古屋線,江戸橋,7,大手私鉄
近鉄名古屋線,高田本山,8,大手私鉄
近鉄名古屋線,白塚,9,大手私鉄
近鉄名古屋線,豊津上野,10,大手私鉄
近鉄名古屋線,千里,11,大手私鉄
近鉄名古屋線,磯山,12,大手私鉄
近鉄名古屋線,鼓ヶ浦,13,大手私鉄
近鉄名古屋線,白子,14,大手私鉄
近鉄名古屋線,千代崎,15,大手私鉄
近鉄名古屋線,伊勢若松,16,大手私鉄
近鉄名古屋線,箕田,17,大手私鉄
近鉄名古屋線,長太ノ浦,18,大手私鉄
近鉄名古屋線,楠,19,大手私鉄
近鉄名古屋線,北楠,20,大手私鉄
近鉄名古屋線,塩浜,21,大手私鉄
近鉄名古屋線,海山道,22,大手私鉄
近鉄名古屋線,新正,23,大手私鉄
近鉄名古屋線,近鉄四日市,24,大手私鉄
近鉄名古屋線,川原町,25,大手私鉄
近鉄名古屋線,阿倉川,26,大手私鉄
近鉄名古屋線,霞ヶ浦,27,大手私鉄
近鉄名古屋線,近鉄富田,28,大手私鉄
近鉄名古屋線,川越富洲原,29,大手私鉄
近鉄名古屋線,伊勢朝日,30,大手私鉄
近鉄名古屋線,益生,31,大手私鉄
近鉄名古屋線,桑名,32,大手私鉄
近鉄名古屋線,近鉄長島,33,大手私鉄
近鉄名古屋線,近鉄弥富,34,大手私鉄
近鉄名古屋線,佐古木,35,大手私鉄
近鉄名古屋線,富吉,36,大手私鉄
近鉄名古屋線,近鉄蟹江,37,大手私鉄
近鉄名古屋線,戸田,38,大手私鉄
近鉄名古屋線,伏屋,39,大手私鉄
近鉄名古屋線,近鉄八田,40,大手私鉄
近鉄名古屋線,烏森,41,大手私鉄
近鉄名古屋線,黄金,42,大手私鉄
近鉄名古屋線,米野,43,大手私鉄
近鉄名古屋線,近鉄名古屋,44,大手私鉄
近鉄湯の山線,近鉄四日市,1,大手私鉄
近鉄湯の山線,中川原,2,大手私鉄
近鉄湯の山線,伊勢松本,3,大手私鉄
近鉄湯の山線,伊勢川島,4,大手私鉄
近鉄湯の山線,高角,5,大手私鉄
近鉄湯の山線,桜,6,大手私鉄
近鉄湯の山線,菰野,7,大手私鉄
近鉄湯の山線,中菰野,8,大手私鉄
近鉄湯の山線,大羽根園,9,大手私鉄
近鉄湯の山線,湯の山温泉,10,大手私鉄
近鉄鈴鹿線,伊勢若松,1,大手私鉄
近鉄鈴鹿線,柳,2,大手私鉄
近鉄鈴鹿線,鈴鹿市,3,大手私鉄
近鉄鈴鹿線,三日市,4,大手私鉄
近鉄鈴鹿線,平田町,5,大手私鉄
近鉄山田線,伊勢中川,1,大手私鉄
近鉄山田線,伊勢中原,2,大手私鉄
近鉄山田線,松ヶ崎,3,大手私鉄
近鉄山田線,松阪,4,大手私鉄
近鉄山田線,東松阪,5,大手私鉄
近鉄山田線,櫛田,6,大手私鉄
近鉄山田線,漕代,7,大手私鉄
近鉄山田線,斎宮,8,大手私鉄
近鉄山田線,明星,9,大手私鉄
近鉄山田線,明野,10,大手私鉄
近鉄山田線,小俣,11,大手私鉄
近鉄山田線,宮町,12,大手私鉄
近鉄山田線,伊勢市,13,大手私鉄
近鉄山田線,宇治山田,14,大手私鉄
近鉄鳥羽線,宇治山田,1,大手私鉄
近鉄鳥羽線,五十鈴川,2,大手私鉄
近鉄鳥羽線,朝熊,3,大手私鉄
近鉄鳥羽線,池の浦,4,大手私鉄
近鉄鳥羽線,鳥羽,5,大手私鉄
近鉄志摩線,鳥羽,1,大手私鉄
近鉄志摩線,中之郷,2,大手私鉄
近鉄志摩線,志摩赤崎,3,大手私鉄
近鉄志摩線,船津,4,大手私鉄
近鉄志摩線,加茂,5,大手私鉄
近鉄志摩線,松尾,6,大手私鉄
近鉄志摩線,白木,7,大手私鉄
近鉄志摩線,五知,8,大手私鉄
近鉄志摩線,沓掛,9,大手私鉄
近鉄志摩線,上之郷,10,大手私鉄
近鉄志摩線,志摩磯部,11,大手私鉄
近鉄志摩線,穴川,12,大手私鉄
近鉄志摩線,志摩横山,13,大手私鉄
近鉄志摩線,鵜方,14,大手私鉄
近鉄志摩線,志摩神明,15,大手私鉄
近鉄志摩線,賢島,16,大手私鉄
近鉄南大阪線,大阪阿部野橋,1,大手私鉄
近鉄南大阪線,河堀口,2,大手私鉄
近鉄南大阪線,北田辺,3,大手私鉄
近鉄南大阪線,今川,4,大手私鉄
近鉄南大阪線,針中野,5,大手私鉄
近鉄南大阪線,矢田,6,大手私鉄
近鉄南大阪線,河内天美,7,大手私鉄
近鉄南大阪線,布忍,8,大手私鉄
近鉄南大阪線,高見ノ里,9,大手私鉄
近鉄南大阪線,河内松原,10,大手私鉄
近鉄南大阪線,恵我ノ荘,11,大手私鉄
近鉄南大阪線,高鷲,12,大手私鉄
近鉄南大阪線,藤井寺,13,大手私鉄
近鉄南大阪線,土師ノ里,14,大手私鉄
近鉄南大阪線,道明寺,15,大手私鉄
近鉄南大阪線,古市,16,大手私鉄
近鉄南大阪線,駒ヶ谷,17,大手私鉄
近鉄南大阪線,上ノ太子,18,大手私鉄
近鉄南大阪線,二上山,19,大手私鉄
近鉄南大阪線,二上神社口,20,大手私鉄
近鉄南大阪線,当麻寺,21,大手私鉄
近鉄南大阪線,磐城,22,大手私鉄
近鉄南大阪線,尺土,23,大手私鉄
近鉄南大阪線,高田市,24,大手私鉄
近鉄南大阪線,浮孔,25,大手私鉄
近鉄南大阪線,坊城,26,大手私鉄
近鉄南大阪線,橿原神宮西口,27,大手私鉄
近鉄南大阪線,橿原神宮前,28,大手私鉄
近鉄道明寺,道明寺,1,大手私鉄
近鉄道明寺,柏原南口,2,大手私鉄
近鉄道明寺,柏原,3,大手私鉄
近鉄長野線,古市,1,大手私鉄
近鉄長野線,喜志,2,大手私鉄
近鉄長野線,富田林,3,大手私鉄
近鉄長野線,富田林西口,4,大手私鉄
近鉄長野線,川西,5,大手私鉄
近鉄長野線,滝谷不動,6,大手私鉄
近鉄長野線,汐ノ宮,7,大手私鉄
近鉄長野線,河内長野,8,大手私鉄
近鉄御所線,尺土,1,大手私鉄
近鉄御所線,近鉄新庄,2,大手私鉄
近鉄御所線,忍海,3,大手私鉄
近鉄御所線,近鉄御所,4,大手私鉄
近鉄吉野線,橿原神宮前,1,大手私鉄
近鉄吉野線,岡寺,2,大手私鉄
近鉄吉野線,飛鳥,3,大手私鉄
近鉄吉野線,壺阪山,4,大手私鉄
近鉄吉野線,市尾,5,大手私鉄
近鉄吉野線,葛,6,大手私鉄
近鉄吉野線,吉野口,7,大手私鉄
近鉄吉野線,薬水,8,大手私鉄
近鉄吉野線,福神,9,大手私鉄
近鉄吉野線,大阿太,10,大手私鉄
近鉄吉野線,下市口,11,大手私鉄
近鉄吉野線,越部,12,大手私鉄
近鉄吉野線,大和上市,13,大手私鉄
近鉄吉野線,吉野神宮,14,大手私鉄
近鉄吉野線,吉野,15,大手私鉄
南海本線,難波,1,大手私鉄
南海本線,今宮戎,2,大手私鉄
南海本線,新今宮,3,大手私鉄
南海本線,萩ノ茶屋,4,大手私鉄
南海本線,天下茶屋,5,大手私鉄
南海本線,岸里玉出,6,大手私鉄
南海本線,粉浜,7,大手私鉄
南海本線,住吉大社,8,大手私鉄
南海本線,住ノ江,9,大手私鉄
南海本線,七道,10,大手私鉄
南海本線,堺,11,大手私鉄
南海本線,湊,12,大手私鉄
南海本線,石津川,13,大手私鉄
南海本線,諏訪ノ森,14,大手私鉄
南海本線,浜寺公園,15,大手私鉄
南海本線,羽衣,16,大手私鉄
南海本線,高石,17,大手私鉄
南海本線,北助松,18,大手私鉄
南海本線,松ノ浜,19,大手私鉄
南海本線,泉大津,20,大手私鉄
南海本線,忠岡,21,大手私鉄
南海本線,春木,22,大手私鉄
南海本線,和泉大宮,23,大手私鉄
南海本線,岸和田,24,大手私鉄
南海本線,蛸地蔵,25,大手私鉄
南海本線,貝塚,26,大手私鉄
南海本線,二色浜,27,大手私鉄
南海本線,鶴原,28,大手私鉄
南海本線,井原里,29,大手私鉄
南海本線,泉佐野,30,大手私鉄
南海本線,羽倉崎,31,大手私鉄
南海本線,吉見ノ里,32,大手私鉄
南海本線,岡田浦,33,大手私鉄
南海本線,樽井,34,大手私鉄
南海本線,尾崎,35,大手私鉄
南海本線,鳥取ノ荘,36,大手私鉄
南海本線,箱作,37,大手私鉄
南海本線,淡輪,38,大手私鉄
南海本線,みさき公園,39,大手私鉄
南海本線,孝子,40,大手私鉄
南海本線,和歌山大学前,41,大手私鉄
南海本線,紀ノ川,42,大手私鉄
南海本線,和歌山市,43,大手私鉄
南海高師浜線,羽衣,1,大手私鉄
南海高師浜線,伽羅橋,2,大手私鉄
南海高師浜線,高師浜,3,大手私鉄
南海多奈川線,みさき公園,1,大手私鉄
南海多奈川線,深日町,2,大手私鉄
南海多奈川線,深日港,3,大手私鉄
南海多奈川線,多奈川,4,大手私鉄
南海加太線,紀ノ川,1,大手私鉄
南海加太線,東松江,2,大手私鉄
南海加太線,中松江,3,大手私鉄
南海加太線,八幡前,4,大手私鉄
南海加太線,西ノ庄,5,大手私鉄
南海加太線,二里ヶ浜,6,大手私鉄
南海加太線,磯ノ浦,7,大手私鉄
南海加太線,加太,8,大手私鉄
南海和歌山港線,和歌山市,1,大手私鉄
南海和歌山港線,和歌山港,2,大手私鉄
南海空港線,泉佐野,1,大手私鉄
南海空港線,りんくうタウン,2,大手私鉄
南海空港線,関西空港,3,大手私鉄
南海高野線,難波,1,大手私鉄
南海高野線,今宮戎,2,大手私鉄
南海高野線,新今宮,3,大手私鉄
南海高野線,萩ノ茶屋,4,大手私鉄
南海高野線,岸里玉出,5,大手私鉄
南海高野線,帝塚山,6,大手私鉄
南海高野線,住吉東,7,大手私鉄
南海高野線,沢ノ町,8,大手私鉄
南海高野線,我孫子前,9,大手私鉄
南海高野線,浅香山,10,大手私鉄
南海高野線,堺東,11,大手私鉄
南海高野線,三国ヶ丘,12,大手私鉄
南海高野線,百舌鳥八幡,13,大手私鉄
南海高野線,中百舌鳥,14,大手私鉄
南海高野線,白鷺,15,大手私鉄
南海高野線,初芝,16,大手私鉄
南海高野線,萩原天神,17,大手私鉄
南海高野線,北野田,18,大手私鉄
南海高野線,狭山,19,大手私鉄
南海高野線,大阪狭山市,20,大手私鉄
南海高野線,金剛,21,大手私鉄
南海高野線,滝谷不動,22,大手私鉄
南海高野線,千代田,23,大手私鉄
南海高野線,河内長野,24,大手私鉄
南海高野線,三日市町,25,大手私鉄
南海高野線,美加の台,26,大手私鉄
南海高野線,千早口,27,大手私鉄
南海高野線,天見,28,大手私鉄
南海高野線,紀見峠,29,大手私鉄
南海高野線,林間田園都市,30,大手私鉄
南海高野線,御幸辻,31,大手私鉄
南海高野線,橋本,32,大手私鉄
南海高野線,紀伊清水,33,大手私鉄
南海高野線,学文路,34,大手私鉄
南海高野線,九度山,35,大手私鉄
南海高野線,高野下,36,大手私鉄
南海高野線,下古沢,37,大手私鉄
南海高野線,上古沢,38,大手私鉄
南海高野線,紀伊細川,39,大手私鉄
南海高野線,紀伊神谷,40,大手私鉄
南海高野線,極楽橋,41,大手私鉄
南海汐見橋,汐見橋,1,大手私鉄
南海汐見橋,芦原町,2,大手私鉄
南海汐見橋,木津川,3,大手私鉄
南海汐見橋,津守,4,大手私鉄
南海汐見橋,西天下茶屋,5,大手私鉄
南海汐見橋,岸里玉出,6,大手私鉄
南海泉北線,中百舌鳥,1,大手私鉄
南海泉北線,深井,2,大手私鉄
南海泉北線,泉ヶ丘,3,大手私鉄
南海泉北線,栂・美木多,4,大手私鉄
南海泉北線,光明池,5,大手私鉄
南海泉北線,和泉中央,6,大手私鉄
京阪本線,淀屋橋,1,大手私鉄
京阪本線,北浜,2,大手私鉄
京阪本線,天満橋,3,大手私鉄
京阪本線,京橋,4,大手私鉄
京阪本線,野江,5,大手私鉄
京阪本線,関目,6,大手私鉄
京阪本線,森小路,7,大手私鉄
京阪本線,千林,8,大手私鉄
京阪本線,滝井,9,大手私鉄
京阪本線,土居,10,大手私鉄
京阪本線,守口市,11,大手私鉄
京阪本線,西三荘,12,大手私鉄
京阪本線,門真市,13,大手私鉄
京阪本線,古川橋,14,大手私鉄
京阪本線,大和田,15,大手私鉄
京阪本線,萱島,16,大手私鉄
京阪本線,寝屋川市,17,大手私鉄
京阪本線,香里園,18,大手私鉄
京阪本線,光善寺,19,大手私鉄
京阪本線,枚方公園,20,大手私鉄
京阪本線,枚方市,21,大手私鉄
京阪本線,御殿山,22,大手私鉄
京阪本線,牧野,23,大手私鉄
京阪本線,樟葉,24,大手私鉄
京阪本線,橋本,25,大手私鉄
京阪本線,石清水八幡宮,26,大手私鉄
京阪本線,淀,27,大手私鉄
京阪本線,中書島,28,大手私鉄
京阪本線,伏見桃山,29,大手私鉄
京阪本線,丹波橋,30,大手私鉄
京阪本線,墨染,31,大手私鉄
京阪本線,藤森,32,大手私鉄
京阪本線,龍谷大前深草,33,大手私鉄
京阪本線,伏見稲荷,34,大手私鉄
京阪本線,鳥羽街道,35,大手私鉄
京阪本線,東福寺,36,大手私鉄
京阪本線,七条,37,大手私鉄
京阪本線,清水五条,38,大手私鉄
京阪本線,祇園四条,39,大手私鉄
京阪本線,三条,40,大手私鉄
京阪鴨東線,三条,1,大手私鉄
京阪鴨東線,神宮丸太町,2,大手私鉄
京阪鴨東線,出町柳,3,大手私鉄
京阪中之島線,中之島,1,大手私鉄
京阪中之島線,渡辺橋,2,大手私鉄
京阪中之島線,大江橋,3,大手私鉄
京阪中之島線,なにわ橋,4,大手私鉄
京阪中之島線,天満橋,5,大手私鉄
京阪交野線,枚方市,1,大手私鉄
京阪交野線,宮之阪,2,大手私鉄
京阪交野線,星ヶ丘,3,大手私鉄
京阪交野線,村野,4,大手私鉄
京阪交野線,郡津,5,大手私鉄
京阪交野線,交野市,6,大手私鉄
京阪交野線,河内森,7,大手私鉄
京阪交野線,私市,8,大手私鉄
京阪宇治線,中書島,1,大手私鉄
京阪宇治線,観月橋,2,大手私鉄
京阪宇治線,桃山南口,3,大手私鉄
京阪宇治線,六地蔵,4,大手私鉄
京阪宇治線,木幡,5,大手私鉄
京阪宇治線,黄檗,6,大手私鉄
京阪宇治線,三室戸,7,大手私鉄
京阪宇治線,宇治,8,大手私鉄
京阪石山坂本線,石山寺,1,大手私鉄
京阪石山坂本線,唐橋前,2,大手私鉄
京阪石山坂本線,京阪石山,3,大手私鉄
京阪石山坂本線,粟津,4,大手私鉄
京阪石山坂本線,瓦ヶ浜,5,大手私鉄
京阪石山坂本線,中ノ庄,6,大手私鉄
京阪石山坂本線,膳所本町,7,大手私鉄
京阪石山坂本線,錦,8,大手私鉄
京阪石山坂本線,京阪膳所,9,大手私鉄
京阪石山坂本線,石場,10,大手私鉄
京阪石山坂本線,島ノ関,11,大手私鉄
京阪石山坂本線,びわ湖浜大津,12,大手私鉄
京阪石山坂本線,三井寺,13,大手私鉄
京阪石山坂本線,大津市役所前,14,大手私鉄
京阪石山坂本線,京阪大津京,15,大手私鉄
京阪石山坂本線,近江神宮前,16,大手私鉄
京阪石山坂本線,南滋賀,17,大手私鉄
京阪石山坂本線,滋賀里,18,大手私鉄
京阪石山坂本線,穴太,19,大手私鉄
京阪石山坂本線,松ノ馬場,20,大手私鉄
京阪石山坂本線,坂本比叡山口,21,大手私鉄
京阪京津線,御陵,1,大手私鉄
京阪京津線,京阪山科,2,大手私鉄
京阪京津線,四宮,3,大手私鉄
京阪京津線,追分,4,大手私鉄
京阪京津線,大谷,5,大手私鉄
京阪京津線,上栄町,6,大手私鉄
京阪京津線,びわ湖浜大津,7,大手私鉄
阪急神戸線,大阪梅田,1,大手私鉄
阪急神戸線,中津,2,大手私鉄
阪急神戸線,十三,3,大手私鉄
阪急神戸線,神崎川,4,大手私鉄
阪急神戸線,園田,5,大手私鉄
阪急神戸線,塚口,6,大手私鉄
阪急神戸線,武庫之荘,7,大手私鉄
阪急神戸線,西宮北口,8,大手私鉄
阪急神戸線,夙川,9,大手私鉄
阪急神戸線,芦屋川,10,大手私鉄
阪急神戸線,岡本,11,大手私鉄
阪急神戸線,御影,12,大手私鉄
阪急神戸線,六甲,13,大手私鉄
阪急神戸線,王子公園,14,大手私鉄
阪急神戸線,春日野道,15,大手私鉄
阪急神戸線,神戸三宮,16,大手私鉄
阪急神戸高速線,神戸三宮,1,大手私鉄
阪急神戸高速線,花隈,2,大手私鉄
阪急神戸高速線,高速神戸,3,大手私鉄
阪急神戸高速線,新開地,4,大手私鉄
阪急伊丹線,塚口,1,大手私鉄
阪急伊丹線,稲野,2,大手私鉄
阪急伊丹線,新伊丹,3,大手私鉄
阪急伊丹線,伊丹,4,大手私鉄
阪急今津線,宝塚,1,大手私鉄
阪急今津線,宝塚南口,2,大手私鉄
阪急今津線,逆瀬川,3,大手私鉄
阪急今津線,小林,4,大手私鉄
阪急今津線,仁川,5,大手私鉄
阪急今津線,甲東園,6,大手私鉄
阪急今津線,門戸厄神,7,大手私鉄
阪急今津線,西宮北口,8,大手私鉄
阪急甲陽線,夙川,1,大手私鉄
阪急甲陽線,苦楽園口,2,大手私鉄
阪急甲陽線,甲陽園,3,大手私鉄
阪急宝塚本線,大阪梅田,1,大手私鉄
阪急宝塚本線,中津,2,大手私鉄
阪急宝塚本線,十三,3,大手私鉄
阪急宝塚本線,三国,4,大手私鉄
阪急宝塚本線,庄内,5,大手私鉄
阪急宝塚本線,服部天神,6,大手私鉄
阪急宝塚本線,曽根,7,大手私鉄
阪急宝塚本線,岡町,8,大手私鉄
阪急宝塚本線,豊中,9,大手私鉄
阪急宝塚本線,蛍池,10,大手私鉄
阪急宝塚本線,石橋阪大前,11,大手私鉄
阪急宝塚本線,池田,12,大手私鉄
阪急宝塚本線,川西能勢口,13,大手私鉄
阪急宝塚本線,雲雀丘花屋敷,14,大手私鉄
阪急宝塚本線,山本,15,大手私鉄
阪急宝塚本線,中山観音,16,大手私鉄
阪急宝塚本線,売布神社,17,大手私鉄
阪急宝塚本線,清荒神,18,大手私鉄
阪急宝塚本線,宝塚,19,大手私鉄
阪急箕面線,石橋阪大前,1,大手私鉄
阪急箕面線,桜井,2,大手私鉄
阪急箕面線,牧落,3,大手私鉄
阪急箕面線,箕面,4,大手私鉄
阪急京都本線,大阪梅田,1,大手私鉄
阪急京都本線,十三,2,大手私鉄
阪急京都本線,南方,3,大手私鉄
阪急京都本線,崇禅寺,4,大手私鉄
阪急京都本線,淡路,5,大手私鉄
阪急京都本線,上新庄,6,大手私鉄
阪急京都本線,相川,7,大手私鉄
阪急京都本線,正雀,8,大手私鉄
阪急京都本線,摂津市,9,大手私鉄
阪急京都本線,南茨木,10,大手私鉄
阪急京都本線,茨木市,11,大手私鉄
阪急京都本線,総持寺,12,大手私鉄
阪急京都本線,富田,13,大手私鉄
阪急京都本線,高槻市,14,大手私鉄
阪急京都本線,上牧,15,大手私鉄
阪急京都本線,水無瀬,16,大手私鉄
阪急京都本線,大山崎,17,大手私鉄
阪急京都本線,西山天王山,18,大手私鉄
阪急京都本線,長岡天神,19,大手私鉄
阪急京都本線,西向日,20,大手私鉄
阪急京都本線,東向日,21,大手私鉄
阪急京都本線,洛西口,22,大手私鉄
阪急京都本線,桂,23,大手私鉄
阪急京都本線,西京極,24,大手私鉄
阪急京都本線,西院,25,大手私鉄
阪急京都本線,大宮,26,大手私鉄
阪急京都本線,烏丸,27,大手私鉄
阪急京都本線,京都河原町,28,大手私鉄
阪急千里線,天神橋筋六丁目,1,大手私鉄
阪急千里線,柴島,2,大手私鉄
阪急千里線,淡路,3,大手私鉄
阪急千里線,下新庄,4,大手私鉄
阪急千里線,吹田,5,大手私鉄
阪急千里線,豊津,6,大手私鉄
阪急千里線,関大前,7,大手私鉄
阪急千里線,千里山,8,大手私鉄
阪急千里線,南千里,9,大手私鉄
阪急千里線,山田,10,大手私鉄
阪急千里線,北千里,11,大手私鉄
阪急嵐山線,桂,1,大手私鉄
阪急嵐山線,上桂,2,大手私鉄
阪急嵐山線,松尾大社前,3,大手私鉄
阪急嵐山線,嵐山,4,大手私鉄
阪神本線,大阪梅田,1,大手私鉄
阪神本線,福島,2,大手私鉄
阪神本線,野田,3,大手私鉄
阪神本線,淀川,4,大手私鉄
阪神本線,姫島,5,大手私鉄
阪神本線,千船,6,大手私鉄
阪神本線,杭瀬,7,大手私鉄
阪神本線,大物,8,大手私鉄
阪神本線,尼崎,9,大手私鉄
阪神本線,出屋敷,10,大手私鉄
阪神本線,尼崎センタープール前,11,大手私鉄
阪神本線,武庫川,12,大手私鉄
阪神本線,鳴尾・武庫川女子大前,13,大手私鉄
阪神本線,甲子園,14,大手私鉄
阪神本線,久寿川,15,大手私鉄
阪神本線,今津,16,大手私鉄
阪神本線,西宮,17,大手私鉄
阪神本線,香櫨園,18,大手私鉄
阪神本線,打出,19,大手私鉄
阪神本線,芦屋,20,大手私鉄
阪神本線,深江,21,大手私鉄
阪神本線,青木,22,大手私鉄
阪神本線,魚崎,23,大手私鉄
阪神本線,住吉,24,大手私鉄
阪神本線,御影,25,大手私鉄
阪神本線,石屋川,26,大手私鉄
阪神本線,新在家,27,大手私鉄
阪神本線,大石,28,大手私鉄
阪神本線,西灘,29,大手私鉄
阪神本線,岩屋,30,大手私鉄
阪神本線,春日野道,31,大手私鉄
阪神本線,神戸三宮,32,大手私鉄
阪神本線,元町,33,大手私鉄
阪神なんば線,大阪難波,1,大手私鉄
阪神なんば線,桜川,2,大手私鉄
阪神なんば線,ドーム前,3,大手私鉄
阪神なんば線,九条,4,大手私鉄
阪神なんば線,西九条,5,大手私鉄
阪神なんば線,千鳥橋,6,大手私鉄
阪神なんば線,伝法,7,大手私鉄
阪神なんば線,福,8,大手私鉄
阪神なんば線,出来島,9,大手私鉄
阪神なんば線,大物,10,大手私鉄
阪神なんば線,尼崎,11,大手私鉄
阪神武庫川線,武庫川,1,大手私鉄
阪神武庫川線,東鳴尾,2,大手私鉄
阪神武庫川線,洲先,3,大手私鉄
阪神武庫川線,武庫川団地前,4,大手私鉄
阪神神戸高速線,元町,1,大手私鉄
阪神神戸高速線,西元町,2,大手私鉄
阪神神戸高速線,高速神戸,3,大手私鉄
阪神神戸高速線,新開地,4,大手私鉄
阪神神戸高速線,大開,5,大手私鉄
阪神神戸高速線,高速長田,6,大手私鉄
阪神神戸高速線,西代,7,大手私鉄
西鉄天神大牟田線,西鉄福岡（天神）,1,大手私鉄
西鉄天神大牟田線,薬院,2,大手私鉄
西鉄天神大牟田線,西鉄平尾,3,大手私鉄
西鉄天神大牟田線,高宮,4,大手私鉄
西鉄天神大牟田線,大橋,5,大手私鉄
西鉄天神大牟田線,井尻,6,大手私鉄
西鉄天神大牟田線,雑餉隈,7,大手私鉄
西鉄天神大牟田線,桜並木,8,大手私鉄
西鉄天神大牟田線,春日原,9,大手私鉄
西鉄天神大牟田線,白木原,10,大手私鉄
西鉄天神大牟田線,下大利,11,大手私鉄
西鉄天神大牟田線,都府楼前,12,大手私鉄
西鉄天神大牟田線,西鉄二日市,13,大手私鉄
西鉄天神大牟田線,紫,14,大手私鉄
西鉄天神大牟田線,朝倉街道,15,大手私鉄
西鉄天神大牟田線,桜台,16,大手私鉄
西鉄天神大牟田線,筑紫,17,大手私鉄
西鉄天神大牟田線,津古,18,大手私鉄
西鉄天神大牟田線,三国が丘,19,大手私鉄
西鉄天神大牟田線,三沢,20,大手私鉄
西鉄天神大牟田線,大保,21,大手私鉄
西鉄天神大牟田線,西鉄小郡,22,大手私鉄
西鉄天神大牟田線,端間,23,大手私鉄
西鉄天神大牟田線,味坂,24,大手私鉄
西鉄天神大牟田線,宮の陣,25,大手私鉄
西鉄天神大牟田線,櫛原,26,大手私鉄
西鉄天神大牟田線,西鉄久留米,27,大手私鉄
西鉄天神大牟田線,花畑,28,大手私鉄
西鉄天神大牟田線,聖マリア病院前,29,大手私鉄
西鉄天神大牟田線,津福,30,大手私鉄
西鉄天神大牟田線,安武,31,大手私鉄
西鉄天神大牟田線,大善寺,32,大手私鉄
西鉄天神大牟田線,三潴,33,大手私鉄
西鉄天神大牟田線,犬塚,34,大手私鉄
西鉄天神大牟田線,大溝,35,大手私鉄
西鉄天神大牟田線,八丁牟田,36,大手私鉄
西鉄天神大牟田線,蒲池,37,大手私鉄
西鉄天神大牟田線,矢加部,38,大手私鉄
西鉄天神大牟田線,西鉄柳川,39,大手私鉄
西鉄天神大牟田線,徳益,40,大手私鉄
西鉄天神大牟田線,塩塚,41,大手私鉄
西鉄天神大牟田線,西鉄中島,42,大手私鉄
西鉄天神大牟田線,江の浦,43,大手私鉄
西鉄天神大牟田線,開,44,大手私鉄
西鉄天神大牟田線,西鉄渡瀬,45,大手私鉄
西鉄天神大牟田線,倉永,46,大手私鉄
西鉄天神大牟田線,東甘木,47,大手私鉄
西鉄天神大牟田線,西鉄銀水,48,大手私鉄
西鉄天神大牟田線,新栄町,49,大手私鉄
西鉄天神大牟田線,大牟田,50,大手私鉄
西鉄太宰府線,西鉄二日市,1,大手私鉄
西鉄太宰府線,西鉄五条,2,大手私鉄
西鉄太宰府線,太宰府,3,大手私鉄
西鉄甘木線,甘木,1,大手私鉄
西鉄甘木線,馬田,2,大手私鉄
西鉄甘木線,上浦,3,大手私鉄
西鉄甘木線,本郷,4,大手私鉄
西鉄甘木線,大堰,5,大手私鉄
西鉄甘木線,金島,6,大手私鉄
西鉄甘木線,大城,7,大手私鉄
西鉄甘木線,北野,8,大手私鉄
西鉄甘木線,古賀茶屋,9,大手私鉄
西鉄甘木線,学校前,10,大手私鉄
西鉄甘木線,五郎丸,11,大手私鉄
西鉄甘木線,宮の陣,12,大手私鉄
西鉄貝塚線,貝塚,1,大手私鉄
西鉄貝塚線,名島,2,大手私鉄
西鉄貝塚線,西鉄千早,3,大手私鉄
西鉄貝塚線,香椎宮前,4,大手私鉄
西鉄貝塚線,西鉄香椎,5,大手私鉄
西鉄貝塚線,香椎花園前,6,大手私鉄
西鉄貝塚線,唐の原,7,大手私鉄
西鉄貝塚線,和白,8,大手私鉄
西鉄貝塚線,三苫,9,大手私鉄
西鉄貝塚線,西鉄新宮,10,大手私鉄
弘南鉄道弘南線,弘前,1,私鉄
弘南鉄道弘南線,弘前東高前,2,私鉄
弘南鉄道弘南線,運動公園前,3,私鉄
弘南鉄道弘南線,新里,4,私鉄
弘南鉄道弘南線,館田,5,私鉄
弘南鉄道弘南線,平賀,6,私鉄
弘南鉄道弘南線,柏農高校前,7,私鉄
弘南鉄道弘南線,津軽尾上,8,私鉄
弘南鉄道弘南線,尾上高校前,9,私鉄
弘南鉄道弘南線,田んぼアート,10,私鉄
弘南鉄道弘南線,田舎館,11,私鉄
弘南鉄道弘南線,境松,12,私鉄
弘南鉄道弘南線,黒石,13,私鉄
弘南鉄道大鰐線,大鰐,1,私鉄
弘南鉄道大鰐線,宿川原,2,私鉄
弘南鉄道大鰐線,鯖石,3,私鉄
弘南鉄道大鰐線,石川プール前,4,私鉄
弘南鉄道大鰐線,石川,5,私鉄
弘南鉄道大鰐線,義塾高校前,6,私鉄
弘南鉄道大鰐線,津軽大沢,7,私鉄
弘南鉄道大鰐線,松木平,8,私鉄
弘南鉄道大鰐線,小栗山,9,私鉄
弘南鉄道大鰐線,千年,10,私鉄
弘南鉄道大鰐線,聖愛中高前,11,私鉄
弘南鉄道大鰐線,弘前学院大前,12,私鉄
弘南鉄道大鰐線,弘高下,13,私鉄
弘南鉄道大鰐線,中央弘前,14,私鉄
津軽鉄道線,津軽五所川原,1,私鉄
津軽鉄道線,十川,2,私鉄
津軽鉄道線,五農校前,3,私鉄
津軽鉄道線,津軽飯詰,4,私鉄
津軽鉄道線,毘沙門,5,私鉄
津軽鉄道線,嘉瀬,6,私鉄
津軽鉄道線,金木,7,私鉄
津軽鉄道線,芦野公園,8,私鉄
津軽鉄道線,川倉,9,私鉄
津軽鉄道線,大沢内,10,私鉄
津軽鉄道線,深郷田,11,私鉄
津軽鉄道線,津軽中里,12,私鉄
三陸鉄道リアス線,盛,1,私鉄
三陸鉄道リアス線,陸前赤崎,2,私鉄
三陸鉄道リアス線,綾里,3,私鉄
三陸鉄道リアス線,恋し浜,4,私鉄
三陸鉄道リアス線,甫嶺,5,私鉄
三陸鉄道リアス線,三陸,6,私鉄
三陸鉄道リアス線,吉浜,7,私鉄
三陸鉄道リアス線,唐丹,8,私鉄
三陸鉄道リアス線,平田,9,私鉄
三陸鉄道リアス線,釜石,10,私鉄
三陸鉄道リアス線,両石,11,私鉄
三陸鉄道リアス線,鵜住居,12,私鉄
三陸鉄道リアス線,大槌,13,私鉄
三陸鉄道リアス線,吉里吉里,14,私鉄
三陸鉄道リアス線,浪板海岸,15,私鉄
三陸鉄道リアス線,岩手船越,16,私鉄
三陸鉄道リアス線,織笠,17,私鉄
三陸鉄道リアス線,陸中山田,18,私鉄
三陸鉄道リアス線,豊間根,19,私鉄
三陸鉄道リアス線,払川,20,私鉄
三陸鉄道リアス線,津軽石,21,私鉄
三陸鉄道リアス線,八木沢・宮古短大,22,私鉄
三陸鉄道リアス線,磯鶏,23,私鉄
三陸鉄道リアス線,宮古,24,私鉄
三陸鉄道リアス線,山口団地,25,私鉄
三陸鉄道リアス線,一の渡,26,私鉄
三陸鉄道リアス線,佐羽根,27,私鉄
三陸鉄道リアス線,田老,28,私鉄
三陸鉄道リアス線,新田老,29,私鉄
三陸鉄道リアス線,摂待,30,私鉄
三陸鉄道リアス線,岩泉小本,31,私鉄
三陸鉄道リアス線,島越,32,私鉄
三陸鉄道リアス線,田野畑,33,私鉄
三陸鉄道リアス線,普代,34,私鉄
三陸鉄道リアス線,白井海岸,35,私鉄
三陸鉄道リアス線,堀内,36,私鉄
三陸鉄道リアス線,野田玉川,37,私鉄
三陸鉄道リアス線,十府ヶ浦海岸,38,私鉄
三陸鉄道リアス線,陸中野田,39,私鉄
三陸鉄道リアス線,陸中宇部,40,私鉄
三陸鉄道リアス線,久慈,41,私鉄
仙台空港線,名取,1,私鉄
仙台空港線,杜せきのした,2,私鉄
仙台空港線,美田園,3,私鉄
仙台空港線,仙台空港,4,私鉄
由利高原鉄道鳥海山ろく線,羽後本荘,1,私鉄
由利高原鉄道鳥海山ろく線,薬師堂,2,私鉄
由利高原鉄道鳥海山ろく線,子吉,3,私鉄
由利高原鉄道鳥海山ろく線,鮎川,4,私鉄
由利高原鉄道鳥海山ろく線,黒沢,5,私鉄
由利高原鉄道鳥海山ろく線,曲沢,6,私鉄
由利高原鉄道鳥海山ろく線,前郷,7,私鉄
由利高原鉄道鳥海山ろく線,久保田,8,私鉄
由利高原鉄道鳥海山ろく線,西滝沢,9,私鉄
由利高原鉄道鳥海山ろく線,吉沢,10,私鉄
由利高原鉄道鳥海山ろく線,川辺,11,私鉄
由利高原鉄道鳥海山ろく線,矢島,12,私鉄
秋田内陸縦貫鉄道秋田内陸線,鷹巣,1,私鉄
秋田内陸縦貫鉄道秋田内陸線,西鷹巣,2,私鉄
秋田内陸縦貫鉄道秋田内陸線,縄文小ヶ田,3,私鉄
秋田内陸縦貫鉄道秋田内陸線,大野台,4,私鉄
秋田内陸縦貫鉄道秋田内陸線,合川,5,私鉄
秋田内陸縦貫鉄道秋田内陸線,上杉,6,私鉄
秋田内陸縦貫鉄道秋田内陸線,米内沢,7,私鉄
秋田内陸縦貫鉄道秋田内陸線,桂瀬,8,私鉄
秋田内陸縦貫鉄道秋田内陸線,阿仁前田温泉,9,私鉄
秋田内陸縦貫鉄道秋田内陸線,前田南,10,私鉄
秋田内陸縦貫鉄道秋田内陸線,小渕,11,私鉄
秋田内陸縦貫鉄道秋田内陸線,阿仁合,12,私鉄
秋田内陸縦貫鉄道秋田内陸線,荒瀬,13,私鉄
秋田内陸縦貫鉄道秋田内陸線,萱草,14,私鉄
秋田内陸縦貫鉄道秋田内陸線,笑内,15,私鉄
秋田内陸縦貫鉄道秋田内陸線,岩野目,16,私鉄
秋田内陸縦貫鉄道秋田内陸線,比立内,17,私鉄
秋田内陸縦貫鉄道秋田内陸線,奥阿仁,18,私鉄
秋田内陸縦貫鉄道秋田内陸線,阿仁マタギ,19,私鉄
秋田内陸縦貫鉄道秋田内陸線,戸沢,20,私鉄
秋田内陸縦貫鉄道秋田内陸線,上桧木内,21,私鉄
秋田内陸縦貫鉄道秋田内陸線,左通,22,私鉄
秋田内陸縦貫鉄道秋田内陸線,羽後中里,23,私鉄
秋田内陸縦貫鉄道秋田内陸線,松葉,24,私鉄
秋田内陸縦貫鉄道秋田内陸線,羽後長戸呂,25,私鉄
秋田内陸縦貫鉄道秋田内陸線,八津,26,私鉄
秋田内陸縦貫鉄道秋田内陸線,西明寺,27,私鉄
秋田内陸縦貫鉄道秋田内陸線,羽後太田,28,私鉄
秋田内陸縦貫鉄道秋田内陸線,角館,29,私鉄
山形鉄道フラワー長井線,赤湯,1,私鉄
山形鉄道フラワー長井線,南陽市役所,2,私鉄
山形鉄道フラワー長井線,宮内,3,私鉄
山形鉄道フラワー長井線,おりはた,4,私鉄
山形鉄道フラワー長井線,梨郷,5,私鉄
山形鉄道フラワー長井線,西大塚,6,私鉄
山形鉄道フラワー長井線,今泉,7,私鉄
山形鉄道フラワー長井線,時庭,8,私鉄
山形鉄道フラワー長井線,南長井,9,私鉄
山形鉄道フラワー長井線,長井,10,私鉄
山形鉄道フラワー長井線,あやめ公園,11,私鉄
山形鉄道フラワー長井線,羽前成田,12,私鉄
山形鉄道フラワー長井線,白兎,13,私鉄
山形鉄道フラワー長井線,蚕桑,14,私鉄
山形鉄道フラワー長井線,鮎貝,15,私鉄
山形鉄道フラワー長井線,四季の郷,16,私鉄
山形鉄道フラワー長井線,荒砥,17,私鉄
福島交通飯坂線,福島,1,私鉄
福島交通飯坂線,曽根田,2,私鉄
福島交通飯坂線,美術館図書館前,3,私鉄
福島交通飯坂線,岩代清水,4,私鉄
福島交通飯坂線,泉,5,私鉄
福島交通飯坂線,上松川,6,私鉄
福島交通飯坂線,笹谷,7,私鉄
福島交通飯坂線,桜水,8,私鉄
福島交通飯坂線,平野,9,私鉄
福島交通飯坂線,医王寺前,10,私鉄
福島交通飯坂線,花水坂,11,私鉄
福島交通飯坂線,飯坂温泉,12,私鉄
阿武隈急行線,福島,1,私鉄
阿武隈急行線,卸町,2,私鉄
阿武隈急行線,福島学院前,3,私鉄
阿武隈急行線,瀬上,4,私鉄
阿武隈急行線,向瀬上,5,私鉄
阿武隈急行線,高子,6,私鉄
阿武隈急行線,上保原,7,私鉄
阿武隈急行線,保原,8,私鉄
阿武隈急行線,大泉,9,私鉄
阿武隈急行線,二井田,10,私鉄
阿武隈急行線,新田,11,私鉄
阿武隈急行線,梁川,12,私鉄
阿武隈急行線,やながわ希望の森公園前,13,私鉄
阿武隈急行線,富野,14,私鉄
阿武隈急行線,兜,15,私鉄
阿武隈急行線,あぶくま,16,私鉄
阿武隈急行線,丸森,17,私鉄
阿武隈急行線,北丸森,18,私鉄
阿武隈急行線,南角田,19,私鉄
阿武隈急行線,角田,20,私鉄
阿武隈急行線,横倉,21,私鉄
阿武隈急行線,岡,22,私鉄
阿武隈急行線,東船岡,23,私鉄
阿武隈急行線,槻木,24,私鉄
会津鉄道会津線,西若松,1,私鉄
会津鉄道会津線,南若松,2,私鉄
会津鉄道会津線,門田,3,私鉄
会津鉄道会津線,あまや,4,私鉄
会津鉄道会津線,芦ノ牧温泉,5,私鉄
会津鉄道会津線,大川ダム公園,6,私鉄
会津鉄道会津線,芦ノ牧温泉南,7,私鉄
会津鉄道会津線,湯野上温泉,8,私鉄
会津鉄道会津線,塔のへつり,9,私鉄
会津鉄道会津線,弥五島,10,私鉄
会津鉄道会津線,会津下郷,11,私鉄
会津鉄道会津線,ふるさと公園,12,私鉄
会津鉄道会津線,養鱒公園,13,私鉄
会津鉄道会津線,会津長野,14,私鉄
会津鉄道会津線,田島高校前,15,私鉄
会津鉄道会津線,会津田島,16,私鉄
会津鉄道会津線,中荒井,17,私鉄
会津鉄道会津線,会津荒海,18,私鉄
会津鉄道会津線,会津山村道場,19,私鉄
会津鉄道会津線,七ヶ岳登山口,20,私鉄
会津鉄道会津線,会津高原尾瀬口,21,私鉄
関東鉄道常総線,取手,1,私鉄
関東鉄道常総線,西取手,2,私鉄
関東鉄道常総線,寺原,3,私鉄
関東鉄道常総線,新取手,4,私鉄
関東鉄道常総線,ゆめみ野,5,私鉄
関東鉄道常総線,稲戸井,6,私鉄
関東鉄道常総線,戸頭,7,私鉄
関東鉄道常総線,南守谷,8,私鉄
関東鉄道常総線,守谷,9,私鉄
関東鉄道常総線,新守谷,10,私鉄
関東鉄道常総線,小絹,11,私鉄
関東鉄道常総線,水海道,12,私鉄
関東鉄道常総線,北水海道,13,私鉄
関東鉄道常総線,中妻,14,私鉄
関東鉄道常総線,三妻,15,私鉄
関東鉄道常総線,南石下,16,私鉄
関東鉄道常総線,石下,17,私鉄
関東鉄道常総線,玉村,18,私鉄
関東鉄道常総線,宗道,19,私鉄
関東鉄道常総線,下妻,20,私鉄
関東鉄道常総線,大宝,21,私鉄
関東鉄道常総線,騰波ノ江,22,私鉄
関東鉄道常総線,黒子,23,私鉄
関東鉄道常総線,大田郷,24,私鉄
関東鉄道常総線,下館,25,私鉄
関東鉄道竜ヶ崎線,佐貫,1,私鉄
関東鉄道竜ヶ崎線,入地,2,私鉄
関東鉄道竜ヶ崎線,竜ヶ崎,3,私鉄
ひたちなか海浜鉄道湊線,勝田,1,私鉄
ひたちなか海浜鉄道湊線,工機前,2,私鉄
ひたちなか海浜鉄道湊線,金上,3,私鉄
ひたちなか海浜鉄道湊線,中根,4,私鉄
ひたちなか海浜鉄道湊線,高田の鉄橋,5,私鉄
ひたちなか海浜鉄道湊線,那珂湊,6,私鉄
ひたちなか海浜鉄道湊線,殿山,7,私鉄
ひたちなか海浜鉄道湊線,平磯,8,私鉄
ひたちなか海浜鉄道湊線,美乃浜学園,9,私鉄
ひたちなか海浜鉄道湊線,磯崎,10,私鉄
ひたちなか海浜鉄道湊線,阿字ヶ浦,11,私鉄
鹿島臨海鉄道大洗鹿島線,水戸,1,私鉄
鹿島臨海鉄道大洗鹿島線,東水戸,2,私鉄
鹿島臨海鉄道大洗鹿島線,常澄,3,私鉄
鹿島臨海鉄道大洗鹿島線,大洗,4,私鉄
鹿島臨海鉄道大洗鹿島線,涸沼,5,私鉄
鹿島臨海鉄道大洗鹿島線,鹿島旭,6,私鉄
鹿島臨海鉄道大洗鹿島線,徳宿,7,私鉄
鹿島臨海鉄道大洗鹿島線,新鉾田,8,私鉄
鹿島臨海鉄道大洗鹿島線,北浦湖畔,9,私鉄
鹿島臨海鉄道大洗鹿島線,大洋,10,私鉄
鹿島臨海鉄道大洗鹿島線,鹿島灘,11,私鉄
鹿島臨海鉄道大洗鹿島線,鹿島大野,12,私鉄
鹿島臨海鉄道大洗鹿島線,長者ヶ浜潮騒はまなす公園前,13,私鉄
鹿島臨海鉄道大洗鹿島線,荒野台,14,私鉄
鹿島臨海鉄道大洗鹿島線,鹿島サッカースタジアム,15,私鉄
鹿島臨海鉄道大洗鹿島線,鹿島神宮,16,私鉄
真岡鐵道真岡線,下館,1,私鉄
真岡鐵道真岡線,下館二高前,2,私鉄
真岡鐵道真岡線,折本,3,私鉄
真岡鐵道真岡線,ひぐち,4,私鉄
真岡鐵道真岡線,久下田,5,私鉄
真岡鐵道真岡線,寺内,6,私鉄
真岡鐵道真岡線,真岡,7,私鉄
真岡鐵道真岡線,北真岡,8,私鉄
真岡鐵道真岡線,西田井,9,私鉄
真岡鐵道真岡線,北山,10,私鉄
真岡鐵道真岡線,益子,11,私鉄
真岡鐵道真岡線,七井,12,私鉄
真岡鐵道真岡線,多田羅,13,私鉄
真岡鐵道真岡線,市塙,14,私鉄
真岡鐵道真岡線,笹原田,15,私鉄
真岡鐵道真岡線,天矢場,16,私鉄
真岡鐵道真岡線,茂木,17,私鉄
野岩鉄道会津鬼怒川線,新藤原,1,私鉄
野岩鉄道会津鬼怒川線,龍王峡,2,私鉄
野岩鉄道会津鬼怒川線,川治温泉,3,私鉄
野岩鉄道会津鬼怒川線,川治湯元,4,私鉄
野岩鉄道会津鬼怒川線,湯西川温泉,5,私鉄
野岩鉄道会津鬼怒川線,中三依温泉,6,私鉄
野岩鉄道会津鬼怒川線,上三依塩原温泉口,7,私鉄
野岩鉄道会津鬼怒川線,男鹿高原,8,私鉄
野岩鉄道会津鬼怒川線,会津高原尾瀬口,9,私鉄
上毛電気鉄道上毛線,中央前橋,1,私鉄
上毛電気鉄道上毛線,城東,2,私鉄
上毛電気鉄道上毛線,三俣,3,私鉄
上毛電気鉄道上毛線,片貝,4,私鉄
上毛電気鉄道上毛線,上泉,5,私鉄
上毛電気鉄道上毛線,赤坂,6,私鉄
上毛電気鉄道上毛線,心臓血管センター,7,私鉄
上毛電気鉄道上毛線,江木,8,私鉄
上毛電気鉄道上毛線,大胡,9,私鉄
上毛電気鉄道上毛線,樋越,10,私鉄
上毛電気鉄道上毛線,北原,11,私鉄
上毛電気鉄道上毛線,新屋,12,私鉄
上毛電気鉄道上毛線,粕川,13,私鉄
上毛電気鉄道上毛線,膳,14,私鉄
上毛電気鉄道上毛線,新里,15,私鉄
上毛電気鉄道上毛線,新川,16,私鉄
上毛電気鉄道上毛線,東新川,17,私鉄
上毛電気鉄道上毛線,赤城,18,私鉄
上毛電気鉄道上毛線,桐生球場前,19,私鉄
上毛電気鉄道上毛線,天王宿,20,私鉄
上毛電気鉄道上毛線,富士山下,21,私鉄
上毛電気鉄道上毛線,丸山下,22,私鉄
上毛電気鉄道上毛線,西桐生,23,私鉄
上信電鉄上信線,高崎,1,私鉄
上信電鉄上信線,南高崎,2,私鉄
上信電鉄上信線,佐野のわたし,3,私鉄
上信電鉄上信線,根小屋,4,私鉄
上信電鉄上信線,山名,5,私鉄
上信電鉄上信線,西山名,6,私鉄
上信電鉄上信線,馬庭,7,私鉄
上信電鉄上信線,吉井,8,私鉄
上信電鉄上信線,西吉井,9,私鉄
上信電鉄上信線,上州新屋,10,私鉄
上信電鉄上信線,上州福島,11,私鉄
上信電鉄上信線,東富岡,12,私鉄
上信電鉄上信線,上州富岡,13,私鉄
上信電鉄上信線,西富岡,14,私鉄
上信電鉄上信線,上州七日市,15,私鉄
上信電鉄上信線,上州一ノ宮,16,私鉄
上信電鉄上信線,神農原,17,私鉄
上信電鉄上信線,南蛇井,18,私鉄
上信電鉄上信線,千平,19,私鉄
上信電鉄上信線,下仁田,20,私鉄
わたらせ渓谷鐵道わたらせ渓谷線,桐生,1,私鉄
わたらせ渓谷鐵道わたらせ渓谷線,下新田,2,私鉄
わたらせ渓谷鐵道わたらせ渓谷線,相老,3,私鉄
わたらせ渓谷鐵道わたらせ渓谷線,運動公園,4,私鉄
わたらせ渓谷鐵道わたらせ渓谷線,大間々,5,私鉄
わたらせ渓谷鐵道わたらせ渓谷線,上神梅,6,私鉄
わたらせ渓谷鐵道わたらせ渓谷線,本宿,7,私鉄
わたらせ渓谷鐵道わたらせ渓谷線,水沼,8,私鉄
わたらせ渓谷鐵道わたらせ渓谷線,花輪,9,私鉄
わたらせ渓谷鐵道わたらせ渓谷線,中野,10,私鉄
わたらせ渓谷鐵道わたらせ渓谷線,小中,11,私鉄
わたらせ渓谷鐵道わたらせ渓谷線,神戸,12,私鉄
わたらせ渓谷鐵道わたらせ渓谷線,沢入,13,私鉄
わたらせ渓谷鐵道わたらせ渓谷線,原向,14,私鉄
わたらせ渓谷鐵道わたらせ渓谷線,通洞,15,私鉄
わたらせ渓谷鐵道わたらせ渓谷線,足尾,16,私鉄
わたらせ渓谷鐵道わたらせ渓谷線,間藤,17,私鉄
秩父鉄道秩父本線,羽生,1,私鉄
秩父鉄道秩父本線,西羽生,2,私鉄
秩父鉄道秩父本線,新郷,3,私鉄
秩父鉄道秩父本線,武州荒木,4,私鉄
秩父鉄道秩父本線,東行田,5,私鉄
秩父鉄道秩父本線,行田市,6,私鉄
秩父鉄道秩父本線,持田,7,私鉄
秩父鉄道秩父本線,ソシオ流通センター,8,私鉄
秩父鉄道秩父本線,熊谷,9,私鉄
秩父鉄道秩父本線,上熊谷,10,私鉄
秩父鉄道秩父本線,石原,11,私鉄
秩父鉄道秩父本線,ひろせ野鳥の森,12,私鉄
秩父鉄道秩父本線,大麻生,13,私鉄
秩父鉄道秩父本線,明戸,14,私鉄
秩父鉄道秩父本線,武川,15,私鉄
秩父鉄道秩父本線,永田,16,私鉄
秩父鉄道秩父本線,ふかや花園,17,私鉄
秩父鉄道秩父本線,小前田,18,私鉄
秩父鉄道秩父本線,桜沢,19,私鉄
秩父鉄道秩父本線,寄居,20,私鉄
秩父鉄道秩父本線,波久礼,21,私鉄
秩父鉄道秩父本線,樋口,22,私鉄
秩父鉄道秩父本線,野上,23,私鉄
秩父鉄道秩父本線,長瀞,24,私鉄
秩父鉄道秩父本線,上長瀞,25,私鉄
秩父鉄道秩父本線,親鼻,26,私鉄
秩父鉄道秩父本線,皆野,27,私鉄
秩父鉄道秩父本線,和銅黒谷,28,私鉄
秩父鉄道秩父本線,大野原,29,私鉄
秩父鉄道秩父本線,秩父,30,私鉄
秩父鉄道秩父本線,御花畑,31,私鉄
秩父鉄道秩父本線,影森,32,私鉄
秩父鉄道秩父本線,浦山口,33,私鉄
秩父鉄道秩父本線,武州中川,34,私鉄
秩父鉄道秩父本線,武州日野,35,私鉄
秩父鉄道秩父本線,白久,36,私鉄
秩父鉄道秩父本線,三峰口,37,私鉄
埼玉高速鉄道線,赤羽岩淵,1,私鉄
埼玉高速鉄道線,川口元郷,2,私鉄
埼玉高速鉄道線,南鳩ヶ谷,3,私鉄
埼玉高速鉄道線,鳩ヶ谷,4,私鉄
埼玉高速鉄道線,新井宿,5,私鉄
埼玉高速鉄道線,戸塚安行,6,私鉄
埼玉高速鉄道線,東川口,7,私鉄
埼玉高速鉄道線,浦和美園,8,私鉄
流鉄流山線,馬橋,1,私鉄
流鉄流山線,幸谷,2,私鉄
流鉄流山線,小金城趾,3,私鉄
流鉄流山線,鰭ヶ崎,4,私鉄
流鉄流山線,平和台,5,私鉄
流鉄流山線,流山,6,私鉄
銚子電気鉄道線,銚子,1,私鉄
銚子電気鉄道線,仲ノ町,2,私鉄
銚子電気鉄道線,観音,3,私鉄
銚子電気鉄道線,本銚子,4,私鉄
銚子電気鉄道線,笠上黒生,5,私鉄
銚子電気鉄道線,西海鹿島,6,私鉄
銚子電気鉄道線,海鹿島,7,私鉄
銚子電気鉄道線,君ヶ浜,8,私鉄
銚子電気鉄道線,犬吠,9,私鉄
銚子電気鉄道線,外川,10,私鉄
小湊鉄道線,五井,1,私鉄
小湊鉄道線,上総村上,2,私鉄
小湊鉄道線,海士有木,3,私鉄
小湊鉄道線,上総三又,4,私鉄
小湊鉄道線,上総山田,5,私鉄
小湊鉄道線,光風台,6,私鉄
小湊鉄道線,馬立,7,私鉄
小湊鉄道線,上総牛久,8,私鉄
小湊鉄道線,上総鶴舞,9,私鉄
小湊鉄道線,上総久保,10,私鉄
小湊鉄道線,高滝,11,私鉄
小湊鉄道線,里見,12,私鉄
小湊鉄道線,飯給,13,私鉄
小湊鉄道線,月崎,14,私鉄
小湊鉄道線,上総大久保,15,私鉄
小湊鉄道線,養老渓谷,16,私鉄
小湊鉄道線,上総中野,17,私鉄
北総鉄道北総線,京成高砂,1,私鉄
北総鉄道北総線,新柴又,2,私鉄
北総鉄道北総線,矢切,3,私鉄
北総鉄道北総線,北国分,4,私鉄
北総鉄道北総線,秋山,5,私鉄
北総鉄道北総線,東松戸,6,私鉄
北総鉄道北総線,松飛台,7,私鉄
北総鉄道北総線,大町,8,私鉄
北総鉄道北総線,新鎌ヶ谷,9,私鉄
北総鉄道北総線,西白井,10,私鉄
北総鉄道北総線,白井,11,私鉄
北総鉄道北総線,小室,12,私鉄
北総鉄道北総線,千葉ニュータウン中央,13,私鉄
北総鉄道北総線,印西牧の原,14,私鉄
北総鉄道北総線,印旛日本医大,15,私鉄
いすみ鉄道いすみ線,大原,1,私鉄
いすみ鉄道いすみ線,西大原,2,私鉄
いすみ鉄道いすみ線,上総東,3,私鉄
いすみ鉄道いすみ線,新田野,4,私鉄
いすみ鉄道いすみ線,国吉,5,私鉄
いすみ鉄道いすみ線,上総中川,6,私鉄
いすみ鉄道いすみ線,城見ヶ丘,7,私鉄
いすみ鉄道いすみ線,大多喜,8,私鉄
いすみ鉄道いすみ線,小谷松,9,私鉄
いすみ鉄道いすみ線,東総元,10,私鉄
いすみ鉄道いすみ線,久我原,11,私鉄
いすみ鉄道いすみ線,総元,12,私鉄
いすみ鉄道いすみ線,西畑,13,私鉄
いすみ鉄道いすみ線,上総中野,14,私鉄
東葉高速鉄道東葉高速線,西船橋,1,私鉄
東葉高速鉄道東葉高速線,東海神,2,私鉄
東葉高速鉄道東葉高速線,飯山満,3,私鉄
東葉高速鉄道東葉高速線,北習志野,4,私鉄
東葉高速鉄道東葉高速線,船橋日大前,5,私鉄
東葉高速鉄道東葉高速線,八千代緑が丘,6,私鉄
東葉高速鉄道東葉高速線,八千代中央,7,私鉄
東葉高速鉄道東葉高速線,村上,8,私鉄
東葉高速鉄道東葉高速線,東葉勝田台,9,私鉄
芝山鉄道線,東成田,1,私鉄
芝山鉄道線,芝山千代田,2,私鉄
東京臨海高速鉄道りんかい線,新木場,1,私鉄
東京臨海高速鉄道りんかい線,東雲,2,私鉄
東京臨海高速鉄道りんかい線,国際展示場,3,私鉄
東京臨海高速鉄道りんかい線,東京テレポート,4,私鉄
東京臨海高速鉄道りんかい線,天王洲アイル,5,私鉄
東京臨海高速鉄道りんかい線,品川シーサイド,6,私鉄
東京臨海高速鉄道りんかい線,大井町,7,私鉄
東京臨海高速鉄道りんかい線,大崎,8,私鉄
首都圏新都市鉄道常磐新線,秋葉原,1,私鉄
首都圏新都市鉄道常磐新線,新御徒町,2,私鉄
首都圏新都市鉄道常磐新線,浅草,3,私鉄
首都圏新都市鉄道常磐新線,南千住,4,私鉄
首都圏新都市鉄道常磐新線,北千住,5,私鉄
首都圏新都市鉄道常磐新線,青井,6,私鉄
首都圏新都市鉄道常磐新線,六町,7,私鉄
首都圏新都市鉄道常磐新線,八潮,8,私鉄
首都圏新都市鉄道常磐新線,三郷中央,9,私鉄
首都圏新都市鉄道常磐新線,南流山,10,私鉄
首都圏新都市鉄道常磐新線,流山セントラルパーク,11,私鉄
首都圏新都市鉄道常磐新線,流山おおたかの森,12,私鉄
首都圏新都市鉄道常磐新線,柏の葉キャンパス,13,私鉄
首都圏新都市鉄道常磐新線,柏たなか,14,私鉄
首都圏新都市鉄道常磐新線,守谷,15,私鉄
首都圏新都市鉄道常磐新線,みらい平,16,私鉄
首都圏新都市鉄道常磐新線,みどりの,17,私鉄
首都圏新都市鉄道常磐新線,万博記念公園,18,私鉄
首都圏新都市鉄道常磐新線,研究学園,19,私鉄
首都圏新都市鉄道常磐新線,つくば,20,私鉄
小田急箱根鉄道線,小田原,1,私鉄
小田急箱根鉄道線,箱根板橋,2,私鉄
小田急箱根鉄道線,風祭,3,私鉄
小田急箱根鉄道線,入生田,4,私鉄
小田急箱根鉄道線,箱根湯本,5,私鉄
小田急箱根鉄道線,塔ノ沢,6,私鉄
小田急箱根鉄道線,大平台,7,私鉄
小田急箱根鉄道線,宮ノ下,8,私鉄
小田急箱根鉄道線,小涌谷,9,私鉄
小田急箱根鉄道線,彫刻の森,10,私鉄
小田急箱根鉄道線,強羅,11,私鉄
江ノ島電鉄線,藤沢,1,私鉄
江ノ島電鉄線,石上,2,私鉄
江ノ島電鉄線,柳小路,3,私鉄
江ノ島電鉄線,鵠沼,4,私鉄
江ノ島電鉄線,湘南海岸公園,5,私鉄
江ノ島電鉄線,江ノ島,6,私鉄
江ノ島電鉄線,腰越,7,私鉄
江ノ島電鉄線,鎌倉高校前,8,私鉄
江ノ島電鉄線,七里ヶ浜,9,私鉄
江ノ島電鉄線,稲村ヶ崎,10,私鉄
江ノ島電鉄線,極楽寺,11,私鉄
江ノ島電鉄線,長谷,12,私鉄
江ノ島電鉄線,由比ヶ浜,13,私鉄
江ノ島電鉄線,和田塚,14,私鉄
江ノ島電鉄線,鎌倉,15,私鉄
伊豆箱根鉄道大雄山線,小田原,1,私鉄
伊豆箱根鉄道大雄山線,緑町,2,私鉄
伊豆箱根鉄道大雄山線,井細田,3,私鉄
伊豆箱根鉄道大雄山線,五百羅漢,4,私鉄
伊豆箱根鉄道大雄山線,穴部,5,私鉄
伊豆箱根鉄道大雄山線,飯田岡,6,私鉄
伊豆箱根鉄道大雄山線,相模沼田,7,私鉄
伊豆箱根鉄道大雄山線,岩原,8,私鉄
伊豆箱根鉄道大雄山線,塚原,9,私鉄
伊豆箱根鉄道大雄山線,和田河原,10,私鉄
伊豆箱根鉄道大雄山線,富士フイルム前,11,私鉄
伊豆箱根鉄道大雄山線,大雄山,12,私鉄
伊豆箱根鉄道駿豆線,三島,1,私鉄
伊豆箱根鉄道駿豆線,三島広小路,2,私鉄
伊豆箱根鉄道駿豆線,三島田町,3,私鉄
伊豆箱根鉄道駿豆線,三島二日町,4,私鉄
伊豆箱根鉄道駿豆線,大場,5,私鉄
伊豆箱根鉄道駿豆線,伊豆仁田,6,私鉄
伊豆箱根鉄道駿豆線,原木,7,私鉄
伊豆箱根鉄道駿豆線,韮山,8,私鉄
伊豆箱根鉄道駿豆線,伊豆長岡,9,私鉄
伊豆箱根鉄道駿豆線,田京,10,私鉄
伊豆箱根鉄道駿豆線,大仁,11,私鉄
伊豆箱根鉄道駿豆線,牧ノ郷,12,私鉄
伊豆箱根鉄道駿豆線,修善寺,13,私鉄
横浜高速鉄道みなとみらい線,横浜,1,私鉄
横浜高速鉄道みなとみらい線,新高島,2,私鉄
横浜高速鉄道みなとみらい線,みなとみらい,3,私鉄
横浜高速鉄道みなとみらい線,馬車道,4,私鉄
横浜高速鉄道みなとみらい線,日本大通り,5,私鉄
横浜高速鉄道みなとみらい線,元町・中華街,6,私鉄
北越急行ほくほく線,六日町,1,私鉄
北越急行ほくほく線,魚沼丘陵,2,私鉄
北越急行ほくほく線,美佐島,3,私鉄
北越急行ほくほく線,しんざ,4,私鉄
北越急行ほくほく線,十日町,5,私鉄
北越急行ほくほく線,まつだい,6,私鉄
北越急行ほくほく線,ほくほく大島,7,私鉄
北越急行ほくほく線,虫川大杉,8,私鉄
北越急行ほくほく線,うらがわら,9,私鉄
北越急行ほくほく線,大池いこいの森,10,私鉄
北越急行ほくほく線,くびき,11,私鉄
北越急行ほくほく線,犀潟,12,私鉄
富山地方鉄道本線,電鉄富山,1,私鉄
富山地方鉄道本線,稲荷町,2,私鉄
富山地方鉄道本線,新庄田中,3,私鉄
富山地方鉄道本線,東新庄,4,私鉄
富山地方鉄道本線,越中荏原,5,私鉄
富山地方鉄道本線,越中三郷,6,私鉄
富山地方鉄道本線,越中舟橋,7,私鉄
富山地方鉄道本線,寺田,8,私鉄
富山地方鉄道本線,越中泉,9,私鉄
富山地方鉄道本線,相ノ木,10,私鉄
富山地方鉄道本線,新相ノ木,11,私鉄
富山地方鉄道本線,上市,12,私鉄
富山地方鉄道本線,新宮川,13,私鉄
富山地方鉄道本線,中加積,14,私鉄
富山地方鉄道本線,西加積,15,私鉄
富山地方鉄道本線,西滑川,16,私鉄
富山地方鉄道本線,中滑川,17,私鉄
富山地方鉄道本線,滑川,18,私鉄
富山地方鉄道本線,浜加積,19,私鉄
富山地方鉄道本線,早月加積,20,私鉄
富山地方鉄道本線,越中中村,21,私鉄
富山地方鉄道本線,西魚津,22,私鉄
富山地方鉄道本線,電鉄魚津,23,私鉄
富山地方鉄道本線,新魚津,24,私鉄
富山地方鉄道本線,経田,25,私鉄
富山地方鉄道本線,電鉄石田,26,私鉄
富山地方鉄道本線,電鉄黒部,27,私鉄
富山地方鉄道本線,東三日市,28,私鉄
富山地方鉄道本線,荻生,29,私鉄
富山地方鉄道本線,長屋,30,私鉄
富山地方鉄道本線,新黒部,31,私鉄
富山地方鉄道本線,舌山,32,私鉄
富山地方鉄道本線,若栗,33,私鉄
富山地方鉄道本線,栃屋,34,私鉄
富山地方鉄道本線,浦山,35,私鉄
富山地方鉄道本線,下立口,36,私鉄
富山地方鉄道本線,下立,37,私鉄
富山地方鉄道本線,愛本,38,私鉄
富山地方鉄道本線,内山,39,私鉄
富山地方鉄道本線,音沢,40,私鉄
富山地方鉄道本線,宇奈月温泉,41,私鉄
富山地方鉄道立山線,寺田,1,私鉄
富山地方鉄道立山線,稚児塚,2,私鉄
富山地方鉄道立山線,田添,3,私鉄
富山地方鉄道立山線,五百石,4,私鉄
富山地方鉄道立山線,榎町,5,私鉄
富山地方鉄道立山線,下段,6,私鉄
富山地方鉄道立山線,釜ヶ淵,7,私鉄
富山地方鉄道立山線,沢中山,8,私鉄
富山地方鉄道立山線,岩峅寺,9,私鉄
富山地方鉄道立山線,横江,10,私鉄
富山地方鉄道立山線,千垣,11,私鉄
富山地方鉄道立山線,有峰口,12,私鉄
富山地方鉄道立山線,本宮,13,私鉄
富山地方鉄道立山線,立山,14,私鉄
富山地方鉄道不二越線,稲荷町,1,私鉄
富山地方鉄道不二越線,栄町,2,私鉄
富山地方鉄道不二越線,不二越,3,私鉄
富山地方鉄道不二越線,大泉,4,私鉄
富山地方鉄道不二越線,南富山,5,私鉄
富山地方鉄道上滝線,南富山,1,私鉄
富山地方鉄道上滝線,朝菜町,2,私鉄
富山地方鉄道上滝線,上堀,3,私鉄
富山地方鉄道上滝線,小杉,4,私鉄
富山地方鉄道上滝線,布市,5,私鉄
富山地方鉄道上滝線,開発,6,私鉄
富山地方鉄道上滝線,月岡,7,私鉄
富山地方鉄道上滝線,大庄,8,私鉄
富山地方鉄道上滝線,上滝,9,私鉄
富山地方鉄道上滝線,大川寺,10,私鉄
富山地方鉄道上滝線,岩峅寺,11,私鉄
黒部峡谷鉄道本線,宇奈月温泉,1,私鉄
黒部峡谷鉄道本線,黒薙,2,私鉄
黒部峡谷鉄道本線,鐘釣,3,私鉄
黒部峡谷鉄道本線,欅平,4,私鉄
北陸鉄道石川線,野町,1,私鉄
北陸鉄道石川線,西泉,2,私鉄
北陸鉄道石川線,新西金沢,3,私鉄
北陸鉄道石川線,押野,4,私鉄
北陸鉄道石川線,野々市,5,私鉄
北陸鉄道石川線,野々市工大前,6,私鉄
北陸鉄道石川線,馬替,7,私鉄
北陸鉄道石川線,額住宅前,8,私鉄
北陸鉄道石川線,乙丸,9,私鉄
北陸鉄道石川線,四十万,10,私鉄
北陸鉄道石川線,陽羽里,11,私鉄
北陸鉄道石川線,曽谷,12,私鉄
北陸鉄道石川線,道法寺,13,私鉄
北陸鉄道石川線,井口,14,私鉄
北陸鉄道石川線,小柳,15,私鉄
北陸鉄道石川線,日御子,16,私鉄
北陸鉄道石川線,鶴来,17,私鉄
北陸鉄道浅野川線,北鉄金沢,1,私鉄
北陸鉄道浅野川線,七ツ屋,2,私鉄
北陸鉄道浅野川線,上諸江,3,私鉄
北陸鉄道浅野川線,磯部,4,私鉄
北陸鉄道浅野川線,割出,5,私鉄
北陸鉄道浅野川線,三口,6,私鉄
北陸鉄道浅野川線,三ツ屋,7,私鉄
北陸鉄道浅野川線,大河端,8,私鉄
北陸鉄道浅野川線,北間,9,私鉄
北陸鉄道浅野川線,蚊爪,10,私鉄
北陸鉄道浅野川線,粟ヶ崎,11,私鉄
北陸鉄道浅野川線,内灘,12,私鉄
のと鉄道七尾線,七尾,1,私鉄
のと鉄道七尾線,和倉温泉,2,私鉄
のと鉄道七尾線,田鶴浜,3,私鉄
のと鉄道七尾線,笠師保,4,私鉄
のと鉄道七尾線,能登中島,5,私鉄
のと鉄道七尾線,西岸,6,私鉄
のと鉄道七尾線,能登鹿島,7,私鉄
のと鉄道七尾線,穴水,8,私鉄
えちぜん鉄道勝山永平寺線,福井,1,私鉄
えちぜん鉄道勝山永平寺線,新福井,2,私鉄
えちぜん鉄道勝山永平寺線,福井口,3,私鉄
えちぜん鉄道勝山永平寺線,越前開発,4,私鉄
えちぜん鉄道勝山永平寺線,越前新保,5,私鉄
えちぜん鉄道勝山永平寺線,追分口,6,私鉄
えちぜん鉄道勝山永平寺線,東藤島,7,私鉄
えちぜん鉄道勝山永平寺線,越前島橋,8,私鉄
えちぜん鉄道勝山永平寺線,観音町,9,私鉄
えちぜん鉄道勝山永平寺線,松岡,10,私鉄
えちぜん鉄道勝山永平寺線,志比堺,11,私鉄
えちぜん鉄道勝山永平寺線,永平寺口,12,私鉄
えちぜん鉄道勝山永平寺線,下志比,13,私鉄
えちぜん鉄道勝山永平寺線,光明寺,14,私鉄
えちぜん鉄道勝山永平寺線,轟,15,私鉄
えちぜん鉄道勝山永平寺線,越前野中,16,私鉄
えちぜん鉄道勝山永平寺線,山王,17,私鉄
えちぜん鉄道勝山永平寺線,越前竹原,18,私鉄
えちぜん鉄道勝山永平寺線,小舟渡,19,私鉄
えちぜん鉄道勝山永平寺線,保田,20,私鉄
えちぜん鉄道勝山永平寺線,発坂,21,私鉄
えちぜん鉄道勝山永平寺線,比島,22,私鉄
えちぜん鉄道勝山永平寺線,勝山,23,私鉄
えちぜん鉄道三国芦原線,福井,1,私鉄
えちぜん鉄道三国芦原線,新福井,2,私鉄
えちぜん鉄道三国芦原線,福井口,3,私鉄
えちぜん鉄道三国芦原線,まつもと町屋,4,私鉄
えちぜん鉄道三国芦原線,西別院,5,私鉄
えちぜん鉄道三国芦原線,田原町,6,私鉄
えちぜん鉄道三国芦原線,福大前西福井,7,私鉄
えちぜん鉄道三国芦原線,日華化学前,8,私鉄
えちぜん鉄道三国芦原線,八ツ島,9,私鉄
えちぜん鉄道三国芦原線,新田塚,10,私鉄
えちぜん鉄道三国芦原線,中角,11,私鉄
えちぜん鉄道三国芦原線,仁愛グラウンド前,12,私鉄
えちぜん鉄道三国芦原線,鷲塚針原,13,私鉄
えちぜん鉄道三国芦原線,太郎丸エンゼルランド,14,私鉄
えちぜん鉄道三国芦原線,西春江ハートピア,15,私鉄
えちぜん鉄道三国芦原線,西長田ゆりの里,16,私鉄
えちぜん鉄道三国芦原線,下兵庫こうふく,17,私鉄
えちぜん鉄道三国芦原線,大関,18,私鉄
えちぜん鉄道三国芦原線,本荘,19,私鉄
えちぜん鉄道三国芦原線,番田,20,私鉄
えちぜん鉄道三国芦原線,あわら湯のまち,21,私鉄
えちぜん鉄道三国芦原線,水居,22,私鉄
えちぜん鉄道三国芦原線,三国神社前,23,私鉄
えちぜん鉄道三国芦原線,三国,24,私鉄
えちぜん鉄道三国芦原線,三国港,25,私鉄
富士山麓電気鉄道大月線,大月,1,私鉄
富士山麓電気鉄道大月線,上大月,2,私鉄
富士山麓電気鉄道大月線,田野倉,3,私鉄
富士山麓電気鉄道大月線,禾生,4,私鉄
富士山麓電気鉄道大月線,赤坂,5,私鉄
富士山麓電気鉄道大月線,都留市,6,私鉄
富士山麓電気鉄道大月線,谷村町,7,私鉄
富士山麓電気鉄道大月線,都留文科大学前,8,私鉄
富士山麓電気鉄道大月線,十日市場,9,私鉄
富士山麓電気鉄道大月線,東桂,10,私鉄
富士山麓電気鉄道大月線,三つ峠,11,私鉄
富士山麓電気鉄道大月線,寿,12,私鉄
富士山麓電気鉄道大月線,葭池温泉前,13,私鉄
富士山麓電気鉄道大月線,下吉田,14,私鉄
富士山麓電気鉄道大月線,月江寺,15,私鉄
富士山麓電気鉄道大月線,富士山,16,私鉄
富士山麓電気鉄道河口湖線,富士山,1,私鉄
富士山麓電気鉄道河口湖線,富士急ハイランド,2,私鉄
富士山麓電気鉄道河口湖線,河口湖,3,私鉄
上田電鉄別所線,上田,1,私鉄
上田電鉄別所線,城下,2,私鉄
上田電鉄別所線,三好町,3,私鉄
上田電鉄別所線,赤坂上,4,私鉄
上田電鉄別所線,上田原,5,私鉄
上田電鉄別所線,寺下,6,私鉄
上田電鉄別所線,神畑,7,私鉄
上田電鉄別所線,大学前,8,私鉄
上田電鉄別所線,下之郷,9,私鉄
上田電鉄別所線,中塩田,10,私鉄
上田電鉄別所線,塩田町,11,私鉄
上田電鉄別所線,中野,12,私鉄
上田電鉄別所線,舞田,13,私鉄
上田電鉄別所線,八木沢,14,私鉄
上田電鉄別所線,別所温泉,15,私鉄
アルピコ交通上高地線,松本,1,私鉄
アルピコ交通上高地線,西松本,2,私鉄
アルピコ交通上高地線,渚,3,私鉄
アルピコ交通上高地線,信濃荒井,4,私鉄
アルピコ交通上高地線,大庭,5,私鉄
アルピコ交通上高地線,下新,6,私鉄
アルピコ交通上高地線,北新・松本大学前,7,私鉄
アルピコ交通上高地線,新村,8,私鉄
アルピコ交通上高地線,三溝,9,私鉄
アルピコ交通上高地線,森口,10,私鉄
アルピコ交通上高地線,下島,11,私鉄
アルピコ交通上高地線,波田,12,私鉄
アルピコ交通上高地線,渕東,13,私鉄
アルピコ交通上高地線,新島々,14,私鉄
長野電鉄長野線,長野,1,私鉄
長野電鉄長野線,市役所前,2,私鉄
長野電鉄長野線,権堂,3,私鉄
長野電鉄長野線,善光寺下,4,私鉄
長野電鉄長野線,本郷,5,私鉄
長野電鉄長野線,桐原,6,私鉄
長野電鉄長野線,信濃吉田,7,私鉄
長野電鉄長野線,朝陽,8,私鉄
長野電鉄長野線,附属中学前,9,私鉄
長野電鉄長野線,柳原,10,私鉄
長野電鉄長野線,村山,11,私鉄
長野電鉄長野線,日野,12,私鉄
長野電鉄長野線,須坂,13,私鉄
長野電鉄長野線,北須坂,14,私鉄
長野電鉄長野線,小布施,15,私鉄
長野電鉄長野線,都住,16,私鉄
長野電鉄長野線,桜沢,17,私鉄
長野電鉄長野線,延徳,18,私鉄
長野電鉄長野線,信州中野,19,私鉄
長野電鉄長野線,中野松川,20,私鉄
長野電鉄長野線,信濃竹原,21,私鉄
長野電鉄長野線,夜間瀬,22,私鉄
長野電鉄長野線,上条,23,私鉄
長野電鉄長野線,湯田中,24,私鉄
樽見鉄道樽見線,大垣,1,私鉄
樽見鉄道樽見線,東大垣,2,私鉄
樽見鉄道樽見線,横屋,3,私鉄
樽見鉄道樽見線,十九条,4,私鉄
樽見鉄道樽見線,美江寺,5,私鉄
樽見鉄道樽見線,北方真桑,6,私鉄
樽見鉄道樽見線,モレラ岐阜,7,私鉄
樽見鉄道樽見線,糸貫,8,私鉄
樽見鉄道樽見線,本巣,9,私鉄
樽見鉄道樽見線,織部,10,私鉄
樽見鉄道樽見線,木知原,11,私鉄
樽見鉄道樽見線,谷汲口,12,私鉄
樽見鉄道樽見線,神海,13,私鉄
樽見鉄道樽見線,高科,14,私鉄
樽見鉄道樽見線,鍋原,15,私鉄
樽見鉄道樽見線,日当,16,私鉄
樽見鉄道樽見線,高尾,17,私鉄
樽見鉄道樽見線,水鳥,18,私鉄
樽見鉄道樽見線,樽見,19,私鉄
明知鉄道明知線,恵那,1,私鉄
明知鉄道明知線,東野,2,私鉄
明知鉄道明知線,飯沼,3,私鉄
明知鉄道明知線,阿木,4,私鉄
明知鉄道明知線,飯羽間,5,私鉄
明知鉄道明知線,極楽,6,私鉄
明知鉄道明知線,岩村,7,私鉄
明知鉄道明知線,花白温泉,8,私鉄
明知鉄道明知線,山岡,9,私鉄
明知鉄道明知線,野志,10,私鉄
明知鉄道明知線,明智,11,私鉄
長良川鉄道越美南線,美濃太田,1,私鉄
長良川鉄道越美南線,前平公園,2,私鉄
長良川鉄道越美南線,加茂野,3,私鉄
長良川鉄道越美南線,富加,4,私鉄
長良川鉄道越美南線,関富岡,5,私鉄
長良川鉄道越美南線,関口,6,私鉄
長良川鉄道越美南線,せきてらす前,7,私鉄
長良川鉄道越美南線,関,8,私鉄
長良川鉄道越美南線,関市役所前,9,私鉄
長良川鉄道越美南線,関下有知,10,私鉄
長良川鉄道越美南線,松森,11,私鉄
長良川鉄道越美南線,美濃市,12,私鉄
長良川鉄道越美南線,梅山,13,私鉄
長良川鉄道越美南線,湯の洞温泉口,14,私鉄
長良川鉄道越美南線,洲原,15,私鉄
長良川鉄道越美南線,母野,16,私鉄
長良川鉄道越美南線,木尾,17,私鉄
長良川鉄道越美南線,八坂,18,私鉄
長良川鉄道越美南線,みなみ子宝温泉,19,私鉄
長良川鉄道越美南線,大矢,20,私鉄
長良川鉄道越美南線,福野,21,私鉄
長良川鉄道越美南線,美並苅安,22,私鉄
長良川鉄道越美南線,赤池,23,私鉄
長良川鉄道越美南線,深戸,24,私鉄
長良川鉄道越美南線,相生,25,私鉄
長良川鉄道越美南線,郡上八幡,26,私鉄
長良川鉄道越美南線,自然園前,27,私鉄
長良川鉄道越美南線,山田,28,私鉄
長良川鉄道越美南線,徳永,29,私鉄
長良川鉄道越美南線,郡上大和,30,私鉄
長良川鉄道越美南線,万場,31,私鉄
長良川鉄道越美南線,上万場,32,私鉄
長良川鉄道越美南線,大中,33,私鉄
長良川鉄道越美南線,大島,34,私鉄
長良川鉄道越美南線,美濃白鳥,35,私鉄
長良川鉄道越美南線,白鳥高原,36,私鉄
長良川鉄道越美南線,白山長滝,37,私鉄
長良川鉄道越美南線,北濃,38,私鉄
岳南電車岳南鉄道線,吉原,1,私鉄
岳南電車岳南鉄道線,ジヤトコ前,2,私鉄
岳南電車岳南鉄道線,吉原本町,3,私鉄
岳南電車岳南鉄道線,本吉原,4,私鉄
岳南電車岳南鉄道線,岳南原田,5,私鉄
岳南電車岳南鉄道線,比奈,6,私鉄
岳南電車岳南鉄道線,岳南富士岡,7,私鉄
岳南電車岳南鉄道線,須津,8,私鉄
岳南電車岳南鉄道線,神谷,9,私鉄
岳南電車岳南鉄道線,岳南江尾,10,私鉄
静岡鉄道静岡清水線,新静岡,1,私鉄
静岡鉄道静岡清水線,日吉町,2,私鉄
静岡鉄道静岡清水線,音羽町,3,私鉄
静岡鉄道静岡清水線,春日町,4,私鉄
静岡鉄道静岡清水線,柚木,5,私鉄
静岡鉄道静岡清水線,長沼,6,私鉄
静岡鉄道静岡清水線,古庄,7,私鉄
静岡鉄道静岡清水線,県総合運動場,8,私鉄
静岡鉄道静岡清水線,県立美術館前,9,私鉄
静岡鉄道静岡清水線,草薙,10,私鉄
静岡鉄道静岡清水線,御門台,11,私鉄
静岡鉄道静岡清水線,狐ヶ崎,12,私鉄
静岡鉄道静岡清水線,桜橋,13,私鉄
静岡鉄道静岡清水線,入江岡,14,私鉄
静岡鉄道静岡清水線,新清水,15,私鉄
遠州鉄道鉄道線,新浜松,1,私鉄
遠州鉄道鉄道線,第一通り,2,私鉄
遠州鉄道鉄道線,遠州病院,3,私鉄
遠州鉄道鉄道線,八幡,4,私鉄
遠州鉄道鉄道線,助信,5,私鉄
遠州鉄道鉄道線,曳馬,6,私鉄
遠州鉄道鉄道線,上島,7,私鉄
遠州鉄道鉄道線,自動車学校前,8,私鉄
遠州鉄道鉄道線,さぎの宮,9,私鉄
遠州鉄道鉄道線,積志,10,私鉄
遠州鉄道鉄道線,遠州西ヶ崎,11,私鉄
遠州鉄道鉄道線,遠州小松,12,私鉄
遠州鉄道鉄道線,浜北,13,私鉄
遠州鉄道鉄道線,美薗中央公園,14,私鉄
遠州鉄道鉄道線,遠州小林,15,私鉄
遠州鉄道鉄道線,遠州芝本,16,私鉄
遠州鉄道鉄道線,遠州岩水寺,17,私鉄
遠州鉄道鉄道線,西鹿島,18,私鉄
大井川鐵道大井川本線,金谷,1,私鉄
大井川鐵道大井川本線,新金谷,2,私鉄
大井川鐵道大井川本線,代官町,3,私鉄
大井川鐵道大井川本線,日切,4,私鉄
大井川鐵道大井川本線,合格,5,私鉄
大井川鐵道大井川本線,門出,6,私鉄
大井川鐵道大井川本線,神尾,7,私鉄
大井川鐵道大井川本線,福用,8,私鉄
大井川鐵道大井川本線,大和田,9,私鉄
大井川鐵道大井川本線,家山,10,私鉄
大井川鐵道大井川本線,抜里,11,私鉄
大井川鐵道大井川本線,川根温泉笹間渡,12,私鉄
大井川鐵道大井川本線,地名,13,私鉄
大井川鐵道大井川本線,塩郷,14,私鉄
大井川鐵道大井川本線,下泉,15,私鉄
大井川鐵道大井川本線,田野口,16,私鉄
大井川鐵道大井川本線,駿河徳山,17,私鉄
大井川鐵道大井川本線,青部,18,私鉄
大井川鐵道大井川本線,崎平,19,私鉄
大井川鐵道大井川本線,千頭,20,私鉄
大井川鐵道井川線,千頭,1,私鉄
大井川鐵道井川線,川根両国,2,私鉄
大井川鐵道井川線,沢間,3,私鉄
大井川鐵道井川線,土本,4,私鉄
大井川鐵道井川線,川根小山,5,私鉄
大井川鐵道井川線,奥泉,6,私鉄
大井川鐵道井川線,アプロいちしろ,7,私鉄
大井川鐵道井川線,長島ダム,8,私鉄
大井川鐵道井川線,ひらんだ,9,私鉄
大井川鐵道井川線,奥大井湖上,10,私鉄
大井川鐵道井川線,接岨峡温泉,11,私鉄
大井川鐵道井川線,尾盛,12,私鉄
大井川鐵道井川線,閑蔵,13,私鉄
大井川鐵道井川線,井川,14,私鉄
伊豆急行線,伊東,1,私鉄
伊豆急行線,南伊東,2,私鉄
伊豆急行線,川奈,3,私鉄
伊豆急行線,富戸,4,私鉄
伊豆急行線,城ヶ崎海岸,5,私鉄
伊豆急行線,伊豆高原,6,私鉄
伊豆急行線,伊豆大川,7,私鉄
伊豆急行線,伊豆北川,8,私鉄
伊豆急行線,伊豆熱川,9,私鉄
伊豆急行線,片瀬白田,10,私鉄
伊豆急行線,伊豆稲取,11,私鉄
伊豆急行線,今井浜海岸,12,私鉄
伊豆急行線,河津,13,私鉄
伊豆急行線,稲梓,14,私鉄
伊豆急行線,蓮台寺,15,私鉄
伊豆急行線,伊豆急下田,16,私鉄
天竜浜名湖鉄道天竜浜名湖線,掛川,1,私鉄
天竜浜名湖鉄道天竜浜名湖線,掛川市役所前,2,私鉄
天竜浜名湖鉄道天竜浜名湖線,西掛川,3,私鉄
天竜浜名湖鉄道天竜浜名湖線,桜木,4,私鉄
天竜浜名湖鉄道天竜浜名湖線,いこいの広場,5,私鉄
天竜浜名湖鉄道天竜浜名湖線,細谷,6,私鉄
天竜浜名湖鉄道天竜浜名湖線,原谷,7,私鉄
天竜浜名湖鉄道天竜浜名湖線,原田,8,私鉄
天竜浜名湖鉄道天竜浜名湖線,戸綿,9,私鉄
天竜浜名湖鉄道天竜浜名湖線,遠州森,10,私鉄
天竜浜名湖鉄道天竜浜名湖線,森町病院前,11,私鉄
天竜浜名湖鉄道天竜浜名湖線,円田,12,私鉄
天竜浜名湖鉄道天竜浜名湖線,遠江一宮,13,私鉄
天竜浜名湖鉄道天竜浜名湖線,敷地,14,私鉄
天竜浜名湖鉄道天竜浜名湖線,豊岡,15,私鉄
天竜浜名湖鉄道天竜浜名湖線,上野部,16,私鉄
天竜浜名湖鉄道天竜浜名湖線,天竜二俣,17,私鉄
天竜浜名湖鉄道天竜浜名湖線,二俣本町,18,私鉄
天竜浜名湖鉄道天竜浜名湖線,西鹿島,19,私鉄
天竜浜名湖鉄道天竜浜名湖線,岩水寺,20,私鉄
天竜浜名湖鉄道天竜浜名湖線,宮口,21,私鉄
天竜浜名湖鉄道天竜浜名湖線,フルーツパーク,22,私鉄
天竜浜名湖鉄道天竜浜名湖線,都田,23,私鉄
天竜浜名湖鉄道天竜浜名湖線,常葉大学前,24,私鉄
天竜浜名湖鉄道天竜浜名湖線,金指,25,私鉄
天竜浜名湖鉄道天竜浜名湖線,岡地,26,私鉄
天竜浜名湖鉄道天竜浜名湖線,気賀,27,私鉄
天竜浜名湖鉄道天竜浜名湖線,西気賀,28,私鉄
天竜浜名湖鉄道天竜浜名湖線,寸座,29,私鉄
天竜浜名湖鉄道天竜浜名湖線,浜名湖佐久米,30,私鉄
天竜浜名湖鉄道天竜浜名湖線,東都筑,31,私鉄
天竜浜名湖鉄道天竜浜名湖線,都筑,32,私鉄
天竜浜名湖鉄道天竜浜名湖線,三ヶ日,33,私鉄
天竜浜名湖鉄道天竜浜名湖線,奥浜名湖,34,私鉄
天竜浜名湖鉄道天竜浜名湖線,尾奈,35,私鉄
天竜浜名湖鉄道天竜浜名湖線,知波田,36,私鉄
天竜浜名湖鉄道天竜浜名湖線,大森,37,私鉄
天竜浜名湖鉄道天竜浜名湖線,アスモ前,38,私鉄
天竜浜名湖鉄道天竜浜名湖線,新所原,39,私鉄
豊橋鉄道渥美線,新豊橋,1,私鉄
豊橋鉄道渥美線,柳生橋,2,私鉄
豊橋鉄道渥美線,小池,3,私鉄
豊橋鉄道渥美線,愛知大学前,4,私鉄
豊橋鉄道渥美線,南栄,5,私鉄
豊橋鉄道渥美線,高師,6,私鉄
豊橋鉄道渥美線,芦原,7,私鉄
豊橋鉄道渥美線,植田,8,私鉄
豊橋鉄道渥美線,向ヶ丘,9,私鉄
豊橋鉄道渥美線,大清水,10,私鉄
豊橋鉄道渥美線,老津,11,私鉄
豊橋鉄道渥美線,杉山,12,私鉄
豊橋鉄道渥美線,やぐま台,13,私鉄
豊橋鉄道渥美線,豊島,14,私鉄
豊橋鉄道渥美線,神戸,15,私鉄
豊橋鉄道渥美線,三河田原,16,私鉄
愛知環状鉄道線,岡崎,1,私鉄
愛知環状鉄道線,六名,2,私鉄
愛知環状鉄道線,中岡崎,3,私鉄
愛知環状鉄道線,北岡崎,4,私鉄
愛知環状鉄道線,大門,5,私鉄
愛知環状鉄道線,北野桝塚,6,私鉄
愛知環状鉄道線,三河上郷,7,私鉄
愛知環状鉄道線,永覚,8,私鉄
愛知環状鉄道線,末野原,9,私鉄
愛知環状鉄道線,三河豊田,10,私鉄
愛知環状鉄道線,新上挙母,11,私鉄
愛知環状鉄道線,新豊田,12,私鉄
愛知環状鉄道線,愛環梅坪,13,私鉄
愛知環状鉄道線,四郷,14,私鉄
愛知環状鉄道線,貝津,15,私鉄
愛知環状鉄道線,保見,16,私鉄
愛知環状鉄道線,篠原,17,私鉄
愛知環状鉄道線,八草,18,私鉄
愛知環状鉄道線,山口,19,私鉄
愛知環状鉄道線,瀬戸口,20,私鉄
愛知環状鉄道線,瀬戸市,21,私鉄
愛知環状鉄道線,中水野,22,私鉄
愛知環状鉄道線,高蔵寺,23,私鉄
JR東海交通事業城北線,勝川,1,私鉄
JR東海交通事業城北線,味美,2,私鉄
JR東海交通事業城北線,比良,3,私鉄
JR東海交通事業城北線,小田井,4,私鉄
JR東海交通事業城北線,尾張星の宮,5,私鉄
JR東海交通事業城北線,枇杷島,6,私鉄
名古屋臨海高速鉄道あおなみ線,名古屋,1,私鉄
名古屋臨海高速鉄道あおなみ線,ささしまライブ,2,私鉄
名古屋臨海高速鉄道あおなみ線,小本,3,私鉄
名古屋臨海高速鉄道あおなみ線,荒子,4,私鉄
名古屋臨海高速鉄道あおなみ線,南荒子,5,私鉄
名古屋臨海高速鉄道あおなみ線,中島,6,私鉄
名古屋臨海高速鉄道あおなみ線,港北,7,私鉄
名古屋臨海高速鉄道あおなみ線,荒子川公園,8,私鉄
名古屋臨海高速鉄道あおなみ線,稲永,9,私鉄
名古屋臨海高速鉄道あおなみ線,野跡,10,私鉄
名古屋臨海高速鉄道あおなみ線,金城ふ頭,11,私鉄
三岐鉄道三岐線,近鉄富田,1,私鉄
三岐鉄道三岐線,大矢知,2,私鉄
三岐鉄道三岐線,平津,3,私鉄
三岐鉄道三岐線,暁学園前,4,私鉄
三岐鉄道三岐線,山城,5,私鉄
三岐鉄道三岐線,保々,6,私鉄
三岐鉄道三岐線,北勢中央公園口,7,私鉄
三岐鉄道三岐線,梅戸井,8,私鉄
三岐鉄道三岐線,大安,9,私鉄
三岐鉄道三岐線,三里,10,私鉄
三岐鉄道三岐線,丹生川,11,私鉄
三岐鉄道三岐線,伊勢治田,12,私鉄
三岐鉄道三岐線,東藤原,13,私鉄
三岐鉄道三岐線,西野尻,14,私鉄
三岐鉄道三岐線,西藤原,15,私鉄
三岐鉄道北勢線,西桑名,1,私鉄
三岐鉄道北勢線,馬道,2,私鉄
三岐鉄道北勢線,西別所,3,私鉄
三岐鉄道北勢線,蓮花寺,4,私鉄
三岐鉄道北勢線,在良,5,私鉄
三岐鉄道北勢線,星川,6,私鉄
三岐鉄道北勢線,七和,7,私鉄
三岐鉄道北勢線,穴太,8,私鉄
三岐鉄道北勢線,東員,9,私鉄
三岐鉄道北勢線,大泉,10,私鉄
三岐鉄道北勢線,楚原,11,私鉄
三岐鉄道北勢線,麻生田,12,私鉄
三岐鉄道北勢線,阿下喜,13,私鉄
伊勢鉄道伊勢線,河原田,1,私鉄
伊勢鉄道伊勢線,鈴鹿,2,私鉄
伊勢鉄道伊勢線,玉垣,3,私鉄
伊勢鉄道伊勢線,鈴鹿サーキット稲生,4,私鉄
伊勢鉄道伊勢線,徳田,5,私鉄
伊勢鉄道伊勢線,中瀬古,6,私鉄
伊勢鉄道伊勢線,伊勢上野,7,私鉄
伊勢鉄道伊勢線,河芸,8,私鉄
伊勢鉄道伊勢線,東一身田,9,私鉄
伊勢鉄道伊勢線,津,10,私鉄
養老鉄道養老線,桑名,1,私鉄
養老鉄道養老線,播磨,2,私鉄
養老鉄道養老線,下深谷,3,私鉄
養老鉄道養老線,下野代,4,私鉄
養老鉄道養老線,多度,5,私鉄
養老鉄道養老線,美濃松山,6,私鉄
養老鉄道養老線,石津,7,私鉄
養老鉄道養老線,美濃山崎,8,私鉄
養老鉄道養老線,駒野,9,私鉄
養老鉄道養老線,美濃津屋,10,私鉄
養老鉄道養老線,養老,11,私鉄
養老鉄道養老線,美濃高田,12,私鉄
養老鉄道養老線,烏江,13,私鉄
養老鉄道養老線,大外羽,14,私鉄
養老鉄道養老線,友江,15,私鉄
養老鉄道養老線,美濃青柳,16,私鉄
養老鉄道養老線,西大垣,17,私鉄
養老鉄道養老線,大垣,18,私鉄
養老鉄道養老線,室,19,私鉄
養老鉄道養老線,北大垣,20,私鉄
養老鉄道養老線,東赤坂,21,私鉄
養老鉄道養老線,広神戸,22,私鉄
養老鉄道養老線,北神戸,23,私鉄
養老鉄道養老線,池野,24,私鉄
養老鉄道養老線,北池野,25,私鉄
養老鉄道養老線,美濃本郷,26,私鉄
養老鉄道養老線,揖斐,27,私鉄
伊賀鉄道伊賀線,伊賀上野,1,私鉄
伊賀鉄道伊賀線,新居,2,私鉄
伊賀鉄道伊賀線,西大手,3,私鉄
伊賀鉄道伊賀線,上野市,4,私鉄
伊賀鉄道伊賀線,広小路,5,私鉄
伊賀鉄道伊賀線,茅町,6,私鉄
伊賀鉄道伊賀線,桑町,7,私鉄
伊賀鉄道伊賀線,四十九,8,私鉄
伊賀鉄道伊賀線,猪田道,9,私鉄
伊賀鉄道伊賀線,市部,10,私鉄
伊賀鉄道伊賀線,依那古,11,私鉄
伊賀鉄道伊賀線,丸山,12,私鉄
伊賀鉄道伊賀線,上林,13,私鉄
伊賀鉄道伊賀線,比土,14,私鉄
伊賀鉄道伊賀線,伊賀神戸,15,私鉄
四日市あすなろう鉄道内部線,あすなろう四日市,1,私鉄
四日市あすなろう鉄道内部線,赤堀,2,私鉄
四日市あすなろう鉄道内部線,日永,3,私鉄
四日市あすなろう鉄道内部線,南日永,4,私鉄
四日市あすなろう鉄道内部線,泊,5,私鉄
四日市あすなろう鉄道内部線,追分,6,私鉄
四日市あすなろう鉄道内部線,小古曽,7,私鉄
四日市あすなろう鉄道内部線,内部,8,私鉄
四日市あすなろう鉄道八王子線,日永,1,私鉄
四日市あすなろう鉄道八王子線,西日野,2,私鉄
近江鉄道本線,米原,1,私鉄
近江鉄道本線,フジテック前,2,私鉄
近江鉄道本線,鳥居本,3,私鉄
近江鉄道本線,彦根,4,私鉄
近江鉄道本線,ひこね芹川,5,私鉄
近江鉄道本線,彦根口,6,私鉄
近江鉄道本線,高宮,7,私鉄
近江鉄道本線,尼子,8,私鉄
近江鉄道本線,豊郷,9,私鉄
近江鉄道本線,愛知川,10,私鉄
近江鉄道本線,五箇荘,11,私鉄
近江鉄道本線,河辺の森,12,私鉄
近江鉄道本線,八日市,13,私鉄
近江鉄道本線,長谷野,14,私鉄
近江鉄道本線,大学前,15,私鉄
近江鉄道本線,京セラ前,16,私鉄
近江鉄道本線,桜川,17,私鉄
近江鉄道本線,朝日大塚,18,私鉄
近江鉄道本線,朝日野,19,私鉄
近江鉄道本線,日野,20,私鉄
近江鉄道本線,水口松尾,21,私鉄
近江鉄道本線,水口,22,私鉄
近江鉄道本線,水口石橋,23,私鉄
近江鉄道本線,水口城南,24,私鉄
近江鉄道本線,貴生川,25,私鉄
近江鉄道多賀線,高宮,1,私鉄
近江鉄道多賀線,スクリーン,2,私鉄
近江鉄道多賀線,多賀大社前,3,私鉄
近江鉄道八日市線,八日市,1,私鉄
近江鉄道八日市線,新八日市,2,私鉄
近江鉄道八日市線,太郎坊宮前,3,私鉄
近江鉄道八日市線,市辺,4,私鉄
近江鉄道八日市線,平田,5,私鉄
近江鉄道八日市線,武佐,6,私鉄
近江鉄道八日市線,近江八幡,7,私鉄
信楽高原鐵道信楽線,貴生川,1,私鉄
信楽高原鐵道信楽線,紫香楽宮跡,2,私鉄
信楽高原鐵道信楽線,雲井,3,私鉄
信楽高原鐵道信楽線,勅旨,4,私鉄
信楽高原鐵道信楽線,玉桂寺前,5,私鉄
信楽高原鐵道信楽線,信楽,6,私鉄
叡山電鉄叡山本線,出町柳,1,私鉄
叡山電鉄叡山本線,元田中,2,私鉄
叡山電鉄叡山本線,茶山・京都芸術大学,3,私鉄
叡山電鉄叡山本線,一乗寺,4,私鉄
叡山電鉄叡山本線,修学院,5,私鉄
叡山電鉄叡山本線,宝ヶ池,6,私鉄
叡山電鉄叡山本線,三宅八幡,7,私鉄
叡山電鉄叡山本線,八瀬比叡山口,8,私鉄
叡山電鉄鞍馬線,宝ヶ池,1,私鉄
叡山電鉄鞍馬線,八幡前,2,私鉄
叡山電鉄鞍馬線,岩倉,3,私鉄
叡山電鉄鞍馬線,木野,4,私鉄
叡山電鉄鞍馬線,京都精華大前,5,私鉄
叡山電鉄鞍馬線,二軒茶屋,6,私鉄
叡山電鉄鞍馬線,市原,7,私鉄
叡山電鉄鞍馬線,二ノ瀬,8,私鉄
叡山電鉄鞍馬線,貴船口,9,私鉄
叡山電鉄鞍馬線,鞍馬,10,私鉄
京都丹後鉄道宮福線,宮津,1,私鉄
京都丹後鉄道宮福線,宮村,2,私鉄
京都丹後鉄道宮福線,喜多,3,私鉄
京都丹後鉄道宮福線,辛皮,4,私鉄
京都丹後鉄道宮福線,大江山口内宮,5,私鉄
京都丹後鉄道宮福線,二俣,6,私鉄
京都丹後鉄道宮福線,大江高校前,7,私鉄
京都丹後鉄道宮福線,大江,8,私鉄
京都丹後鉄道宮福線,公庄,9,私鉄
京都丹後鉄道宮福線,下天津,10,私鉄
京都丹後鉄道宮福線,牧,11,私鉄
京都丹後鉄道宮福線,荒川かしの木台,12,私鉄
京都丹後鉄道宮福線,福知山市民病院口,13,私鉄
京都丹後鉄道宮福線,福知山,14,私鉄
京都丹後鉄道宮舞線,西舞鶴,1,私鉄
京都丹後鉄道宮舞線,四所,2,私鉄
京都丹後鉄道宮舞線,東雲,3,私鉄
京都丹後鉄道宮舞線,丹後神崎,4,私鉄
京都丹後鉄道宮舞線,丹後由良,5,私鉄
京都丹後鉄道宮舞線,栗田,6,私鉄
京都丹後鉄道宮舞線,宮津,7,私鉄
京都丹後鉄道宮豊線,宮津,1,私鉄
京都丹後鉄道宮豊線,天橋立,2,私鉄
京都丹後鉄道宮豊線,岩滝口,3,私鉄
京都丹後鉄道宮豊線,与謝野,4,私鉄
京都丹後鉄道宮豊線,京丹後大宮,5,私鉄
京都丹後鉄道宮豊線,峰山,6,私鉄
京都丹後鉄道宮豊線,網野,7,私鉄
京都丹後鉄道宮豊線,夕日ヶ浦木津温泉,8,私鉄
京都丹後鉄道宮豊線,小天橋,9,私鉄
京都丹後鉄道宮豊線,かぶと山,10,私鉄
京都丹後鉄道宮豊線,久美浜,11,私鉄
京都丹後鉄道宮豊線,コウノトリの郷,12,私鉄
京都丹後鉄道宮豊線,豊岡,13,私鉄
嵯峨野観光鉄道嵯峨野観光線,トロッコ嵯峨,1,私鉄
嵯峨野観光鉄道嵯峨野観光線,トロッコ嵐山,2,私鉄
嵯峨野観光鉄道嵯峨野観光線,トロッコ保津峡,3,私鉄
嵯峨野観光鉄道嵯峨野観光線,トロッコ亀岡,4,私鉄
水間鉄道水間線,貝塚,1,私鉄
水間鉄道水間線,貝塚市役所前,2,私鉄
水間鉄道水間線,近義の里,3,私鉄
水間鉄道水間線,石才,4,私鉄
水間鉄道水間線,清児,5,私鉄
水間鉄道水間線,名越,6,私鉄
水間鉄道水間線,森,7,私鉄
水間鉄道水間線,三ツ松,8,私鉄
水間鉄道水間線,三ヶ山口,9,私鉄
水間鉄道水間線,水間観音,10,私鉄
北大阪急行電鉄南北線,箕面萱野,1,私鉄
北大阪急行電鉄南北線,箕面船場阪大前,2,私鉄
北大阪急行電鉄南北線,千里中央,3,私鉄
北大阪急行電鉄南北線,桃山台,4,私鉄
北大阪急行電鉄南北線,緑地公園,5,私鉄
北大阪急行電鉄南北線,江坂,6,私鉄
山陽電気鉄道本線,西代,1,私鉄
山陽電気鉄道本線,板宿,2,私鉄
山陽電気鉄道本線,東須磨,3,私鉄
山陽電気鉄道本線,月見山,4,私鉄
山陽電気鉄道本線,須磨寺,5,私鉄
山陽電気鉄道本線,山陽須磨,6,私鉄
山陽電気鉄道本線,須磨浦公園,7,私鉄
山陽電気鉄道本線,山陽塩屋,8,私鉄
山陽電気鉄道本線,滝の茶屋,9,私鉄
山陽電気鉄道本線,東垂水,10,私鉄
山陽電気鉄道本線,山陽垂水,11,私鉄
山陽電気鉄道本線,霞ヶ丘,12,私鉄
山陽電気鉄道本線,舞子公園,13,私鉄
山陽電気鉄道本線,西舞子,14,私鉄
山陽電気鉄道本線,大蔵谷,15,私鉄
山陽電気鉄道本線,人丸前,16,私鉄
山陽電気鉄道本線,山陽明石,17,私鉄
山陽電気鉄道本線,西新町,18,私鉄
山陽電気鉄道本線,林崎松江海岸,19,私鉄
山陽電気鉄道本線,藤江,20,私鉄
山陽電気鉄道本線,中八木,21,私鉄
山陽電気鉄道本線,江井ヶ島,22,私鉄
山陽電気鉄道本線,西江井ヶ島,23,私鉄
山陽電気鉄道本線,山陽魚住,24,私鉄
山陽電気鉄道本線,東二見,25,私鉄
山陽電気鉄道本線,西二見,26,私鉄
山陽電気鉄道本線,播磨町,27,私鉄
山陽電気鉄道本線,別府,28,私鉄
山陽電気鉄道本線,浜の宮,29,私鉄
山陽電気鉄道本線,尾上の松,30,私鉄
山陽電気鉄道本線,高砂,31,私鉄
山陽電気鉄道本線,荒井,32,私鉄
山陽電気鉄道本線,伊保,33,私鉄
山陽電気鉄道本線,山陽曽根,34,私鉄
山陽電気鉄道本線,大塩,35,私鉄
山陽電気鉄道本線,的形,36,私鉄
山陽電気鉄道本線,八家,37,私鉄
山陽電気鉄道本線,白浜の宮,38,私鉄
山陽電気鉄道本線,妻鹿,39,私鉄
山陽電気鉄道本線,飾磨,40,私鉄
山陽電気鉄道本線,亀山,41,私鉄
山陽電気鉄道本線,手柄,42,私鉄
山陽電気鉄道本線,山陽姫路,43,私鉄
山陽電気鉄道網干線,飾磨,1,私鉄
山陽電気鉄道網干線,西飾磨,2,私鉄
山陽電気鉄道網干線,夢前川,3,私鉄
山陽電気鉄道網干線,広畑,4,私鉄
山陽電気鉄道網干線,山陽天満,5,私鉄
山陽電気鉄道網干線,平松,6,私鉄
山陽電気鉄道網干線,山陽網干,7,私鉄
能勢電鉄妙見線,川西能勢口,1,私鉄
能勢電鉄妙見線,絹延橋,2,私鉄
能勢電鉄妙見線,滝山,3,私鉄
能勢電鉄妙見線,鶯の森,4,私鉄
能勢電鉄妙見線,鼓滝,5,私鉄
能勢電鉄妙見線,多田,6,私鉄
能勢電鉄妙見線,平野,7,私鉄
能勢電鉄妙見線,一の鳥居,8,私鉄
能勢電鉄妙見線,畦野,9,私鉄
能勢電鉄妙見線,山下,10,私鉄
能勢電鉄妙見線,笹部,11,私鉄
能勢電鉄妙見線,光風台,12,私鉄
能勢電鉄妙見線,ときわ台,13,私鉄
能勢電鉄妙見線,妙見口,14,私鉄
能勢電鉄日生線,山下,1,私鉄
能勢電鉄日生線,日生中央,2,私鉄
神戸電鉄有馬線,新開地,1,私鉄
神戸電鉄有馬線,湊川,2,私鉄
神戸電鉄有馬線,長田,3,私鉄
神戸電鉄有馬線,丸山,4,私鉄
神戸電鉄有馬線,鵯越,5,私鉄
神戸電鉄有馬線,鈴蘭台,6,私鉄
神戸電鉄有馬線,北鈴蘭台,7,私鉄
神戸電鉄有馬線,山の街,8,私鉄
神戸電鉄有馬線,箕谷,9,私鉄
神戸電鉄有馬線,谷上,10,私鉄
神戸電鉄有馬線,花山,11,私鉄
神戸電鉄有馬線,大池,12,私鉄
神戸電鉄有馬線,神鉄六甲,13,私鉄
神戸電鉄有馬線,唐櫃台,14,私鉄
神戸電鉄有馬線,有馬口,15,私鉄
神戸電鉄有馬線,有馬温泉,16,私鉄
神戸電鉄三田線,有馬口,1,私鉄
神戸電鉄三田線,五社,2,私鉄
神戸電鉄三田線,岡場,3,私鉄
神戸電鉄三田線,田尾寺,4,私鉄
神戸電鉄三田線,二郎,5,私鉄
神戸電鉄三田線,道場南口,6,私鉄
神戸電鉄三田線,神鉄道場,7,私鉄
神戸電鉄三田線,横山,8,私鉄
神戸電鉄三田線,三田本町,9,私鉄
神戸電鉄三田線,三田,10,私鉄
神戸電鉄公園都市線,横山,1,私鉄
神戸電鉄公園都市線,フラワータウン,2,私鉄
神戸電鉄公園都市線,南ウッディタウン,3,私鉄
神戸電鉄公園都市線,ウッディタウン,4,私鉄
神戸電鉄粟生線,鈴蘭台,1,私鉄
神戸電鉄粟生線,鈴蘭台西口,2,私鉄
神戸電鉄粟生線,西鈴蘭台,3,私鉄
神戸電鉄粟生線,藍那,4,私鉄
神戸電鉄粟生線,木津,5,私鉄
神戸電鉄粟生線,木幡,6,私鉄
神戸電鉄粟生線,栄,7,私鉄
神戸電鉄粟生線,押部谷,8,私鉄
神戸電鉄粟生線,緑が丘,9,私鉄
神戸電鉄粟生線,広野ゴルフ場前,10,私鉄
神戸電鉄粟生線,志染,11,私鉄
神戸電鉄粟生線,恵比須,12,私鉄
神戸電鉄粟生線,三木上の丸,13,私鉄
神戸電鉄粟生線,三木,14,私鉄
神戸電鉄粟生線,大村,15,私鉄
神戸電鉄粟生線,樫山,16,私鉄
神戸電鉄粟生線,市場,17,私鉄
神戸電鉄粟生線,小野,18,私鉄
神戸電鉄粟生線,葉多,19,私鉄
神戸電鉄粟生線,粟生,20,私鉄
北条鉄道北条線,粟生,1,私鉄
北条鉄道北条線,網引,2,私鉄
北条鉄道北条線,田原,3,私鉄
北条鉄道北条線,法華口,4,私鉄
北条鉄道北条線,播磨下里,5,私鉄
北条鉄道北条線,長,6,私鉄
北条鉄道北条線,播磨横田,7,私鉄
北条鉄道北条線,北条町,8,私鉄
智頭急行智頭線,上郡,1,私鉄
智頭急行智頭線,苔縄,2,私鉄
智頭急行智頭線,河野原円心,3,私鉄
智頭急行智頭線,久崎,4,私鉄
智頭急行智頭線,佐用,5,私鉄
智頭急行智頭線,平福,6,私鉄
智頭急行智頭線,石井,7,私鉄
智頭急行智頭線,宮本武蔵,8,私鉄
智頭急行智頭線,大原,9,私鉄
智頭急行智頭線,西粟倉,10,私鉄
智頭急行智頭線,あわくら温泉,11,私鉄
智頭急行智頭線,山郷,12,私鉄
智頭急行智頭線,恋山形,13,私鉄
智頭急行智頭線,智頭,14,私鉄
紀州鉄道線,御坊,1,私鉄
紀州鉄道線,学問,2,私鉄
紀州鉄道線,紀伊御坊,3,私鉄
紀州鉄道線,市役所前,4,私鉄
紀州鉄道線,西御坊,5,私鉄
和歌山電鐵貴志川線,和歌山,1,私鉄
和歌山電鐵貴志川線,田中口,2,私鉄
和歌山電鐵貴志川線,日前宮,3,私鉄
和歌山電鐵貴志川線,神前,4,私鉄
和歌山電鐵貴志川線,竈山,5,私鉄
和歌山電鐵貴志川線,交通センター前,6,私鉄
和歌山電鐵貴志川線,岡崎前,7,私鉄
和歌山電鐵貴志川線,吉礼,8,私鉄
和歌山電鐵貴志川線,伊太祈曽,9,私鉄
和歌山電鐵貴志川線,山東,10,私鉄
和歌山電鐵貴志川線,大池遊園,11,私鉄
和歌山電鐵貴志川線,西山口,12,私鉄
和歌山電鐵貴志川線,甘露寺前,13,私鉄
和歌山電鐵貴志川線,貴志,14,私鉄
若桜鉄道若桜線,郡家,1,私鉄
若桜鉄道若桜線,八頭高校前,2,私鉄
若桜鉄道若桜線,因幡船岡,3,私鉄
若桜鉄道若桜線,隼,4,私鉄
若桜鉄道若桜線,安部,5,私鉄
若桜鉄道若桜線,八東,6,私鉄
若桜鉄道若桜線,徳丸,7,私鉄
若桜鉄道若桜線,丹比,8,私鉄
若桜鉄道若桜線,若桜,9,私鉄
一畑電車北松江線,電鉄出雲市,1,私鉄
一畑電車北松江線,出雲科学館パークタウン前,2,私鉄
一畑電車北松江線,大津町,3,私鉄
一畑電車北松江線,武志,4,私鉄
一畑電車北松江線,川跡,5,私鉄
一畑電車北松江線,大寺,6,私鉄
一畑電車北松江線,美談,7,私鉄
一畑電車北松江線,旅伏,8,私鉄
一畑電車北松江線,雲州平田,9,私鉄
一畑電車北松江線,布崎,10,私鉄
一畑電車北松江線,湖遊館新駅,11,私鉄
一畑電車北松江線,園,12,私鉄
一畑電車北松江線,一畑口,13,私鉄
一畑電車北松江線,伊野灘,14,私鉄
一畑電車北松江線,津ノ森,15,私鉄
一畑電車北松江線,高ノ宮,16,私鉄
一畑電車北松江線,松江フォーゲルパーク,17,私鉄
一畑電車北松江線,秋鹿町,18,私鉄
一畑電車北松江線,長江,19,私鉄
一畑電車北松江線,朝日ヶ丘,20,私鉄
一畑電車北松江線,松江イングリッシュガーデン前,21,私鉄
一畑電車北松江線,松江しんじ湖温泉,22,私鉄
一畑電車大社線,川跡,1,私鉄
一畑電車大社線,高浜,2,私鉄
一畑電車大社線,遥堪,3,私鉄
一畑電車大社線,浜山公園北口,4,私鉄
一畑電車大社線,出雲大社前,5,私鉄
水島臨海鉄道水島本線,倉敷市,1,私鉄
水島臨海鉄道水島本線,球場前,2,私鉄
水島臨海鉄道水島本線,西富井,3,私鉄
水島臨海鉄道水島本線,福井,4,私鉄
水島臨海鉄道水島本線,浦田,5,私鉄
水島臨海鉄道水島本線,弥生,6,私鉄
水島臨海鉄道水島本線,栄,7,私鉄
水島臨海鉄道水島本線,常盤,8,私鉄
水島臨海鉄道水島本線,水島,9,私鉄
水島臨海鉄道水島本線,三菱自工前,10,私鉄
井原鉄道井原線,総社,1,私鉄
井原鉄道井原線,清音,2,私鉄
井原鉄道井原線,川辺宿,3,私鉄
井原鉄道井原線,吉備真備,4,私鉄
井原鉄道井原線,備中呉妹,5,私鉄
井原鉄道井原線,三谷,6,私鉄
井原鉄道井原線,矢掛,7,私鉄
井原鉄道井原線,小田,8,私鉄
井原鉄道井原線,早雲の里荏原,9,私鉄
井原鉄道井原線,井原,10,私鉄
井原鉄道井原線,いずえ,11,私鉄
井原鉄道井原線,子守唄の里高屋,12,私鉄
井原鉄道井原線,御領,13,私鉄
井原鉄道井原線,湯野,14,私鉄
井原鉄道井原線,神辺,15,私鉄
錦川鉄道錦川清流線,川西,1,私鉄
錦川鉄道錦川清流線,清流新岩国,2,私鉄
錦川鉄道錦川清流線,守内かさ神,3,私鉄
錦川鉄道錦川清流線,南河内,4,私鉄
錦川鉄道錦川清流線,行波,5,私鉄
錦川鉄道錦川清流線,北河内,6,私鉄
錦川鉄道錦川清流線,椋野,7,私鉄
錦川鉄道錦川清流線,南桑,8,私鉄
錦川鉄道錦川清流線,清流みはらし,9,私鉄
錦川鉄道錦川清流線,根笠,10,私鉄
錦川鉄道錦川清流線,河山,11,私鉄
錦川鉄道錦川清流線,柳瀬,12,私鉄
錦川鉄道錦川清流線,錦町,13,私鉄
阿佐海岸鉄道阿佐東線,阿波海南,1,私鉄
阿佐海岸鉄道阿佐東線,海部,2,私鉄
阿佐海岸鉄道阿佐東線,宍喰,3,私鉄
阿佐海岸鉄道阿佐東線,甲浦,4,私鉄
高松琴平電気鉄道琴平線,高松築港,1,私鉄
高松琴平電気鉄道琴平線,片原町,2,私鉄
高松琴平電気鉄道琴平線,瓦町,3,私鉄
高松琴平電気鉄道琴平線,栗林公園,4,私鉄
高松琴平電気鉄道琴平線,三条,5,私鉄
高松琴平電気鉄道琴平線,伏石,6,私鉄
高松琴平電気鉄道琴平線,太田,7,私鉄
高松琴平電気鉄道琴平線,仏生山,8,私鉄
高松琴平電気鉄道琴平線,空港通り,9,私鉄
高松琴平電気鉄道琴平線,一宮,10,私鉄
高松琴平電気鉄道琴平線,円座,11,私鉄
高松琴平電気鉄道琴平線,岡本,12,私鉄
高松琴平電気鉄道琴平線,挿頭丘,13,私鉄
高松琴平電気鉄道琴平線,畑田,14,私鉄
高松琴平電気鉄道琴平線,陶,15,私鉄
高松琴平電気鉄道琴平線,綾川,16,私鉄
高松琴平電気鉄道琴平線,羽床,17,私鉄
高松琴平電気鉄道琴平線,栗熊,18,私鉄
高松琴平電気鉄道琴平線,羽間,19,私鉄
高松琴平電気鉄道琴平線,榎井,20,私鉄
高松琴平電気鉄道琴平線,琴電琴平,21,私鉄
高松琴平電気鉄道長尾線,瓦町,1,私鉄
高松琴平電気鉄道長尾線,花園,2,私鉄
高松琴平電気鉄道長尾線,林道,3,私鉄
高松琴平電気鉄道長尾線,木太東口,4,私鉄
高松琴平電気鉄道長尾線,元山,5,私鉄
高松琴平電気鉄道長尾線,水田,6,私鉄
高松琴平電気鉄道長尾線,西前田,7,私鉄
高松琴平電気鉄道長尾線,高田,8,私鉄
高松琴平電気鉄道長尾線,池戸,9,私鉄
高松琴平電気鉄道長尾線,農学部前,10,私鉄
高松琴平電気鉄道長尾線,平木,11,私鉄
高松琴平電気鉄道長尾線,学園通り,12,私鉄
高松琴平電気鉄道長尾線,白山,13,私鉄
高松琴平電気鉄道長尾線,井戸,14,私鉄
高松琴平電気鉄道長尾線,公文明,15,私鉄
高松琴平電気鉄道長尾線,長尾,16,私鉄
高松琴平電気鉄道志度線,瓦町,1,私鉄
高松琴平電気鉄道志度線,今橋,2,私鉄
高松琴平電気鉄道志度線,松島二丁目,3,私鉄
高松琴平電気鉄道志度線,沖松島,4,私鉄
高松琴平電気鉄道志度線,春日川,5,私鉄
高松琴平電気鉄道志度線,潟元,6,私鉄
高松琴平電気鉄道志度線,琴電屋島,7,私鉄
高松琴平電気鉄道志度線,古高松,8,私鉄
高松琴平電気鉄道志度線,八栗,9,私鉄
高松琴平電気鉄道志度線,六万寺,10,私鉄
高松琴平電気鉄道志度線,大町,11,私鉄
高松琴平電気鉄道志度線,八栗新道,12,私鉄
高松琴平電気鉄道志度線,塩屋,13,私鉄
高松琴平電気鉄道志度線,房前,14,私鉄
高松琴平電気鉄道志度線,原,15,私鉄
高松琴平電気鉄道志度線,琴電志度,16,私鉄
伊予鉄道高浜線,高浜,1,私鉄
伊予鉄道高浜線,梅津寺,2,私鉄
伊予鉄道高浜線,港山,3,私鉄
伊予鉄道高浜線,三津,4,私鉄
伊予鉄道高浜線,山西,5,私鉄
伊予鉄道高浜線,西衣山,6,私鉄
伊予鉄道高浜線,衣山,7,私鉄
伊予鉄道高浜線,古町,8,私鉄
伊予鉄道高浜線,大手町,9,私鉄
伊予鉄道高浜線,松山市,10,私鉄
伊予鉄道横河原線,松山市,1,私鉄
伊予鉄道横河原線,石手川公園,2,私鉄
伊予鉄道横河原線,いよ立花,3,私鉄
伊予鉄道横河原線,福音寺,4,私鉄
伊予鉄道横河原線,北久米,5,私鉄
伊予鉄道横河原線,久米,6,私鉄
伊予鉄道横河原線,鷹ノ子,7,私鉄
伊予鉄道横河原線,平井,8,私鉄
伊予鉄道横河原線,梅本,9,私鉄
伊予鉄道横河原線,牛渕団地前,10,私鉄
伊予鉄道横河原線,牛渕,11,私鉄
伊予鉄道横河原線,田窪,12,私鉄
伊予鉄道横河原線,見奈良,13,私鉄
伊予鉄道横河原線,愛大医学部南口,14,私鉄
伊予鉄道横河原線,横河原,15,私鉄
伊予鉄道郡中線,松山市,1,私鉄
伊予鉄道郡中線,土橋,2,私鉄
伊予鉄道郡中線,土居田,3,私鉄
伊予鉄道郡中線,余戸,4,私鉄
伊予鉄道郡中線,鎌田,5,私鉄
伊予鉄道郡中線,岡田,6,私鉄
伊予鉄道郡中線,古泉,7,私鉄
伊予鉄道郡中線,松前,8,私鉄
伊予鉄道郡中線,地蔵町,9,私鉄
伊予鉄道郡中線,新川,10,私鉄
伊予鉄道郡中線,郡中,11,私鉄
伊予鉄道郡中線,郡中港,12,私鉄
土佐くろしお鉄道中村線,窪川,1,私鉄
土佐くろしお鉄道中村線,若井,2,私鉄
土佐くろしお鉄道中村線,荷稲,3,私鉄
土佐くろしお鉄道中村線,伊与喜,4,私鉄
土佐くろしお鉄道中村線,土佐佐賀,5,私鉄
土佐くろしお鉄道中村線,佐賀公園,6,私鉄
土佐くろしお鉄道中村線,土佐白浜,7,私鉄
土佐くろしお鉄道中村線,有井川,8,私鉄
土佐くろしお鉄道中村線,土佐上川口,9,私鉄
土佐くろしお鉄道中村線,海の王迎,10,私鉄
土佐くろしお鉄道中村線,浮鞭,11,私鉄
土佐くろしお鉄道中村線,土佐入野,12,私鉄
土佐くろしお鉄道中村線,西大方,13,私鉄
土佐くろしお鉄道中村線,古津賀,14,私鉄
土佐くろしお鉄道中村線,中村,15,私鉄
土佐くろしお鉄道宿毛線,中村,1,私鉄
土佐くろしお鉄道宿毛線,具同,2,私鉄
土佐くろしお鉄道宿毛線,国見,3,私鉄
土佐くろしお鉄道宿毛線,有岡,4,私鉄
土佐くろしお鉄道宿毛線,工業団地,5,私鉄
土佐くろしお鉄道宿毛線,平田,6,私鉄
土佐くろしお鉄道宿毛線,東宿毛,7,私鉄
土佐くろしお鉄道宿毛線,宿毛,8,私鉄
土佐くろしお鉄道ごめん・なはり線,後免,1,私鉄
土佐くろしお鉄道ごめん・なはり線,後免町,2,私鉄
土佐くろしお鉄道ごめん・なはり線,立田,3,私鉄
土佐くろしお鉄道ごめん・なはり線,のいち,4,私鉄
土佐くろしお鉄道ごめん・なはり線,よしかわ,5,私鉄
土佐くろしお鉄道ごめん・なはり線,あかおか,6,私鉄
土佐くろしお鉄道ごめん・なはり線,香我美,7,私鉄
土佐くろしお鉄道ごめん・なはり線,夜須,8,私鉄
土佐くろしお鉄道ごめん・なはり線,西分,9,私鉄
土佐くろしお鉄道ごめん・なはり線,和食,10,私鉄
土佐くろしお鉄道ごめん・なはり線,赤野,11,私鉄
土佐くろしお鉄道ごめん・なはり線,穴内,12,私鉄
土佐くろしお鉄道ごめん・なはり線,球場前,13,私鉄
土佐くろしお鉄道ごめん・なはり線,あき総合病院前,14,私鉄
土佐くろしお鉄道ごめん・なはり線,安芸,15,私鉄
土佐くろしお鉄道ごめん・なはり線,伊尾木,16,私鉄
土佐くろしお鉄道ごめん・なはり線,下山,17,私鉄
土佐くろしお鉄道ごめん・なはり線,唐浜,18,私鉄
土佐くろしお鉄道ごめん・なはり線,安田,19,私鉄
土佐くろしお鉄道ごめん・なはり線,田野,20,私鉄
土佐くろしお鉄道ごめん・なはり線,奈半利,21,私鉄
筑豊電気鉄道線,黒崎駅前,1,私鉄
筑豊電気鉄道線,熊西,2,私鉄
筑豊電気鉄道線,萩原,3,私鉄
筑豊電気鉄道線,穴生,4,私鉄
筑豊電気鉄道線,森下,5,私鉄
筑豊電気鉄道線,今池,6,私鉄
筑豊電気鉄道線,永犬丸,7,私鉄
筑豊電気鉄道線,三ヶ森,8,私鉄
筑豊電気鉄道線,西山,9,私鉄
筑豊電気鉄道線,通谷,10,私鉄
筑豊電気鉄道線,東中間,11,私鉄
筑豊電気鉄道線,筑豊中間,12,私鉄
筑豊電気鉄道線,希望が丘高校前,13,私鉄
筑豊電気鉄道線,筑豊香月,14,私鉄
筑豊電気鉄道線,楠橋,15,私鉄
筑豊電気鉄道線,新木屋瀬,16,私鉄
筑豊電気鉄道線,木屋瀬,17,私鉄
筑豊電気鉄道線,遠賀野,18,私鉄
筑豊電気鉄道線,感田,19,私鉄
筑豊電気鉄道線,筑豊直方,20,私鉄
甘木鉄道甘木線,基山,1,私鉄
甘木鉄道甘木線,立野,2,私鉄
甘木鉄道甘木線,小郡,3,私鉄
甘木鉄道甘木線,大板井,4,私鉄
甘木鉄道甘木線,松崎,5,私鉄
甘木鉄道甘木線,今隈,6,私鉄
甘木鉄道甘木線,西太刀洗,7,私鉄
甘木鉄道甘木線,山隈,8,私鉄
甘木鉄道甘木線,太刀洗,9,私鉄
甘木鉄道甘木線,高田,10,私鉄
甘木鉄道甘木線,甘木,11,私鉄
平成筑豊鉄道伊田線,直方,1,私鉄
平成筑豊鉄道伊田線,南直方御殿口,2,私鉄
平成筑豊鉄道伊田線,あかぢ,3,私鉄
平成筑豊鉄道伊田線,藤棚,4,私鉄
平成筑豊鉄道伊田線,中泉,5,私鉄
平成筑豊鉄道伊田線,市場,6,私鉄
平成筑豊鉄道伊田線,ふれあい生力,7,私鉄
平成筑豊鉄道伊田線,赤池,8,私鉄
平成筑豊鉄道伊田線,人見,9,私鉄
平成筑豊鉄道伊田線,金田,10,私鉄
平成筑豊鉄道伊田線,上金田,11,私鉄
平成筑豊鉄道伊田線,糒,12,私鉄
平成筑豊鉄道伊田線,田川市立病院,13,私鉄
平成筑豊鉄道伊田線,下伊田,14,私鉄
平成筑豊鉄道伊田線,田川伊田,15,私鉄
平成筑豊鉄道糸田線,金田,1,私鉄
平成筑豊鉄道糸田線,豊前大熊,2,私鉄
平成筑豊鉄道糸田線,松山,3,私鉄
平成筑豊鉄道糸田線,糸田,4,私鉄
平成筑豊鉄道糸田線,大藪,5,私鉄
平成筑豊鉄道糸田線,田川後藤寺,6,私鉄
平成筑豊鉄道田川線,行橋,1,私鉄
平成筑豊鉄道田川線,令和コスタ行橋,2,私鉄
平成筑豊鉄道田川線,美夜古泉,3,私鉄
平成筑豊鉄道田川線,今川河童,4,私鉄
平成筑豊鉄道田川線,豊津,5,私鉄
平成筑豊鉄道田川線,新豊津,6,私鉄
平成筑豊鉄道田川線,東犀川三四郎,7,私鉄
平成筑豊鉄道田川線,犀川,8,私鉄
平成筑豊鉄道田川線,崎山,9,私鉄
平成筑豊鉄道田川線,源じいの森,10,私鉄
平成筑豊鉄道田川線,油須原,11,私鉄
平成筑豊鉄道田川線,赤,12,私鉄
平成筑豊鉄道田川線,内田,13,私鉄
平成筑豊鉄道田川線,柿下温泉口,14,私鉄
平成筑豊鉄道田川線,勾金,15,私鉄
平成筑豊鉄道田川線,上伊田,16,私鉄
平成筑豊鉄道田川線,田川伊田,17,私鉄
松浦鉄道西九州線,有田,1,私鉄
松浦鉄道西九州線,三代橋,2,私鉄
松浦鉄道西九州線,黒川,3,私鉄
松浦鉄道西九州線,蔵宿,4,私鉄
松浦鉄道西九州線,西有田,5,私鉄
松浦鉄道西九州線,大木,6,私鉄
松浦鉄道西九州線,山谷,7,私鉄
松浦鉄道西九州線,夫婦石,8,私鉄
松浦鉄道西九州線,金武,9,私鉄
松浦鉄道西九州線,川東,10,私鉄
松浦鉄道西九州線,伊万里,11,私鉄
松浦鉄道西九州線,東山代,12,私鉄
松浦鉄道西九州線,里,13,私鉄
松浦鉄道西九州線,楠久,14,私鉄
松浦鉄道西九州線,鳴石,15,私鉄
松浦鉄道西九州線,久原,16,私鉄
松浦鉄道西九州線,波瀬,17,私鉄
松浦鉄道西九州線,浦ノ崎,18,私鉄
松浦鉄道西九州線,福島口,19,私鉄
松浦鉄道西九州線,今福,20,私鉄
松浦鉄道西九州線,鷹島口,21,私鉄
松浦鉄道西九州線,前浜,22,私鉄
松浦鉄道西九州線,調川,23,私鉄
松浦鉄道西九州線,松浦,24,私鉄
松浦鉄道西九州線,松浦発電所前,25,私鉄
松浦鉄道西九州線,御厨,26,私鉄
松浦鉄道西九州線,西木場,27,私鉄
松浦鉄道西九州線,東田平,28,私鉄
松浦鉄道西九州線,中田平,29,私鉄
松浦鉄道西九州線,たびら平戸口,30,私鉄
松浦鉄道西九州線,西田平,31,私鉄
松浦鉄道西九州線,すえたちばな,32,私鉄
松浦鉄道西九州線,江迎鹿町,33,私鉄
松浦鉄道西九州線,高岩,34,私鉄
松浦鉄道西九州線,いのつき,35,私鉄
松浦鉄道西九州線,潜竜ヶ滝,36,私鉄
松浦鉄道西九州線,吉井,37,私鉄
松浦鉄道西九州線,神田,38,私鉄
松浦鉄道西九州線,清峰高校前,39,私鉄
松浦鉄道西九州線,佐々,40,私鉄
松浦鉄道西九州線,小浦,41,私鉄
松浦鉄道西九州線,真申,42,私鉄
松浦鉄道西九州線,棚方,43,私鉄
松浦鉄道西九州線,相浦,44,私鉄
松浦鉄道西九州線,大学,45,私鉄
松浦鉄道西九州線,上相浦,46,私鉄
松浦鉄道西九州線,本山,47,私鉄
松浦鉄道西九州線,中里,48,私鉄
松浦鉄道西九州線,皆瀬,49,私鉄
松浦鉄道西九州線,野中,50,私鉄
松浦鉄道西九州線,左石,51,私鉄
松浦鉄道西九州線,泉福寺,52,私鉄
松浦鉄道西九州線,山の田,53,私鉄
松浦鉄道西九州線,北佐世保,54,私鉄
松浦鉄道西九州線,中佐世保,55,私鉄
松浦鉄道西九州線,佐世保中央,56,私鉄
松浦鉄道西九州線,佐世保,57,私鉄
島原鉄道線,諫早,1,私鉄
島原鉄道線,本諫早,2,私鉄
島原鉄道線,幸,3,私鉄
島原鉄道線,小野,4,私鉄
島原鉄道線,干拓の里,5,私鉄
島原鉄道線,森山,6,私鉄
島原鉄道線,釜ノ鼻,7,私鉄
島原鉄道線,諫早東高校,8,私鉄
島原鉄道線,愛野,9,私鉄
島原鉄道線,阿保崎,10,私鉄
島原鉄道線,吾妻,11,私鉄
島原鉄道線,古部,12,私鉄
島原鉄道線,大正,13,私鉄
島原鉄道線,西郷,14,私鉄
島原鉄道線,神代,15,私鉄
島原鉄道線,多比良,16,私鉄
島原鉄道線,有明湯江,17,私鉄
島原鉄道線,大三東,18,私鉄
島原鉄道線,松尾,19,私鉄
島原鉄道線,三会,20,私鉄
島原鉄道線,島原,21,私鉄
島原鉄道線,霊丘公園体育館,22,私鉄
島原鉄道線,島原船津,23,私鉄
島原鉄道線,島原港,24,私鉄
熊本電気鉄道菊池線,上熊本,1,私鉄
熊本電気鉄道菊池線,韓々坂,2,私鉄
熊本電気鉄道菊池線,池田,3,私鉄
熊本電気鉄道菊池線,打越,4,私鉄
熊本電気鉄道菊池線,坪井川公園,5,私鉄
熊本電気鉄道菊池線,北熊本,6,私鉄
熊本電気鉄道菊池線,亀井,7,私鉄
熊本電気鉄道菊池線,八景水谷,8,私鉄
熊本電気鉄道菊池線,堀川,9,私鉄
熊本電気鉄道菊池線,新須屋,10,私鉄
熊本電気鉄道菊池線,須屋,11,私鉄
熊本電気鉄道菊池線,三ツ石,12,私鉄
熊本電気鉄道菊池線,黒石,13,私鉄
熊本電気鉄道菊池線,熊本高専前,14,私鉄
熊本電気鉄道菊池線,再春医療センター前,15,私鉄
熊本電気鉄道菊池線,御代志,16,私鉄
熊本電気鉄道藤崎線,北熊本,1,私鉄
熊本電気鉄道藤崎線,黒髪町,2,私鉄
熊本電気鉄道藤崎線,藤崎宮前,3,私鉄
南阿蘇鉄道高森線,立野,1,私鉄
南阿蘇鉄道高森線,長陽,2,私鉄
南阿蘇鉄道高森線,加勢,3,私鉄
南阿蘇鉄道高森線,阿蘇下田城,4,私鉄
南阿蘇鉄道高森線,南阿蘇水の生まれる里白水高原,5,私鉄
南阿蘇鉄道高森線,中松,6,私鉄
南阿蘇鉄道高森線,阿蘇白川,7,私鉄
南阿蘇鉄道高森線,南阿蘇白川水源,8,私鉄
南阿蘇鉄道高森線,見晴台,9,私鉄
南阿蘇鉄道高森線,高森,10,私鉄
くま川鉄道湯前線,人吉温泉,1,私鉄
くま川鉄道湯前線,相良藩願成寺,2,私鉄
くま川鉄道湯前線,川村,3,私鉄
くま川鉄道湯前線,肥後西村,4,私鉄
くま川鉄道湯前線,一武,5,私鉄
くま川鉄道湯前線,木上,6,私鉄
くま川鉄道湯前線,おかどめ幸福,7,私鉄
くま川鉄道湯前線,あさぎり,8,私鉄
くま川鉄道湯前線,東免田,9,私鉄
くま川鉄道湯前線,公立病院前,10,私鉄
くま川鉄道湯前線,多良木,11,私鉄
くま川鉄道湯前線,東多良木,12,私鉄
くま川鉄道湯前線,新鶴羽,13,私鉄
くま川鉄道湯前線,湯前,14,私鉄
札幌市営地下鉄南北線,麻生,1,地下鉄
札幌市営地下鉄南北線,北34条,2,地下鉄
札幌市営地下鉄南北線,北24条,3,地下鉄
札幌市営地下鉄南北線,北18条,4,地下鉄
札幌市営地下鉄南北線,北12条,5,地下鉄
札幌市営地下鉄南北線,さっぽろ,6,地下鉄
札幌市営地下鉄南北線,大通,7,地下鉄
札幌市営地下鉄南北線,すすきの,8,地下鉄
札幌市営地下鉄南北線,中島公園,9,地下鉄
札幌市営地下鉄南北線,幌平橋,10,地下鉄
札幌市営地下鉄南北線,中の島,11,地下鉄
札幌市営地下鉄南北線,平岸,12,地下鉄
札幌市営地下鉄南北線,南平岸,13,地下鉄
札幌市営地下鉄南北線,澄川,14,地下鉄
札幌市営地下鉄南北線,自衛隊前,15,地下鉄
札幌市営地下鉄南北線,真駒内,16,地下鉄
札幌市営地下鉄東西線,宮の沢,1,地下鉄
札幌市営地下鉄東西線,発寒南,2,地下鉄
札幌市営地下鉄東西線,琴似,3,地下鉄
札幌市営地下鉄東西線,二十四軒,4,地下鉄
札幌市営地下鉄東西線,西28丁目,5,地下鉄
札幌市営地下鉄東西線,円山公園,6,地下鉄
札幌市営地下鉄東西線,西18丁目,7,地下鉄
札幌市営地下鉄東西線,大通,8,地下鉄
札幌市営地下鉄東西線,バスセンター前,9,地下鉄
札幌市営地下鉄東西線,菊水,10,地下鉄
札幌市営地下鉄東西線,東札幌,11,地下鉄
札幌市営地下鉄東西線,白石,12,地下鉄
札幌市営地下鉄東西線,南郷7丁目,13,地下鉄
札幌市営地下鉄東西線,南郷13丁目,14,地下鉄
札幌市営地下鉄東西線,南郷18丁目,15,地下鉄
札幌市営地下鉄東西線,大谷地,16,地下鉄
札幌市営地下鉄東西線,ひばりが丘,17,地下鉄
札幌市営地下鉄東西線,新さっぽろ,18,地下鉄
札幌市営地下鉄東豊線,栄町,1,地下鉄
札幌市営地下鉄東豊線,新道東,2,地下鉄
札幌市営地下鉄東豊線,元町,3,地下鉄
札幌市営地下鉄東豊線,環状通東,4,地下鉄
札幌市営地下鉄東豊線,東区役所前,5,地下鉄
札幌市営地下鉄東豊線,北13条東,6,地下鉄
札幌市営地下鉄東豊線,さっぽろ,7,地下鉄
札幌市営地下鉄東豊線,大通,8,地下鉄
札幌市営地下鉄東豊線,豊水すすきの,9,地下鉄
札幌市営地下鉄東豊線,学園前,10,地下鉄
札幌市営地下鉄東豊線,豊平公園,11,地下鉄
札幌市営地下鉄東豊線,美園,12,地下鉄
札幌市営地下鉄東豊線,月寒中央,13,地下鉄
札幌市営地下鉄東豊線,福住,14,地下鉄
仙台市営地下鉄南北線,泉中央,1,地下鉄
仙台市営地下鉄南北線,八乙女,2,地下鉄
仙台市営地下鉄南北線,黒松,3,地下鉄
仙台市営地下鉄南北線,旭ヶ丘,4,地下鉄
仙台市営地下鉄南北線,台原,5,地下鉄
仙台市営地下鉄南北線,北仙台,6,地下鉄
仙台市営地下鉄南北線,北四番丁,7,地下鉄
仙台市営地下鉄南北線,勾当台公園,8,地下鉄
仙台市営地下鉄南北線,広瀬通,9,地下鉄
仙台市営地下鉄南北線,仙台,10,地下鉄
仙台市営地下鉄南北線,五橋,11,地下鉄
仙台市営地下鉄南北線,愛宕橋,12,地下鉄
仙台市営地下鉄南北線,河原町,13,地下鉄
仙台市営地下鉄南北線,長町一丁目,14,地下鉄
仙台市営地下鉄南北線,長町,15,地下鉄
仙台市営地下鉄南北線,長町南,16,地下鉄
仙台市営地下鉄南北線,富沢,17,地下鉄
仙台市営地下鉄東西線,八木山動物公園,1,地下鉄
仙台市営地下鉄東西線,青葉山,2,地下鉄
仙台市営地下鉄東西線,川内,3,地下鉄
仙台市営地下鉄東西線,国際センター,4,地下鉄
仙台市営地下鉄東西線,大町西公園,5,地下鉄
仙台市営地下鉄東西線,青葉通一番町,6,地下鉄
仙台市営地下鉄東西線,仙台,7,地下鉄
仙台市営地下鉄東西線,宮城野通,8,地下鉄
仙台市営地下鉄東西線,連坊,9,地下鉄
仙台市営地下鉄東西線,薬師堂,10,地下鉄
仙台市営地下鉄東西線,卸町,11,地下鉄
仙台市営地下鉄東西線,六丁の目,12,地下鉄
仙台市営地下鉄東西線,荒井,13,地下鉄
都営地下鉄浅草線,西馬込,1,地下鉄
都営地下鉄浅草線,馬込,2,地下鉄
都営地下鉄浅草線,中延,3,地下鉄
都営地下鉄浅草線,戸越,4,地下鉄
都営地下鉄浅草線,五反田,5,地下鉄
都営地下鉄浅草線,高輪台,6,地下鉄
都営地下鉄浅草線,泉岳寺,7,地下鉄
都営地下鉄浅草線,三田,8,地下鉄
都営地下鉄浅草線,大門,9,地下鉄
都営地下鉄浅草線,新橋,10,地下鉄
都営地下鉄浅草線,東銀座,11,地下鉄
都営地下鉄浅草線,宝町,12,地下鉄
都営地下鉄浅草線,日本橋,13,地下鉄
都営地下鉄浅草線,人形町,14,地下鉄
都営地下鉄浅草線,東日本橋,15,地下鉄
都営地下鉄浅草線,浅草橋,16,地下鉄
都営地下鉄浅草線,蔵前,17,地下鉄
都営地下鉄浅草線,浅草橋,18,地下鉄
都営地下鉄浅草線,本所吾妻橋,19,地下鉄
都営地下鉄浅草線,押上,20,地下鉄
都営地下鉄三田線,目黒,1,地下鉄
都営地下鉄三田線,白金台,2,地下鉄
都営地下鉄三田線,白金高輪,3,地下鉄
都営地下鉄三田線,三田,4,地下鉄
都営地下鉄三田線,芝公園,5,地下鉄
都営地下鉄三田線,御成門,6,地下鉄
都営地下鉄三田線,内幸町,7,地下鉄
都営地下鉄三田線,日比谷,8,地下鉄
都営地下鉄三田線,大手町,9,地下鉄
都営地下鉄三田線,神保町,10,地下鉄
都営地下鉄三田線,水道橋,11,地下鉄
都営地下鉄三田線,春日,12,地下鉄
都営地下鉄三田線,白山,13,地下鉄
都営地下鉄三田線,千石,14,地下鉄
都営地下鉄三田線,巣鴨,15,地下鉄
都営地下鉄三田線,西巣鴨,16,地下鉄
都営地下鉄三田線,新板橋,17,地下鉄
都営地下鉄三田線,板橋区役所前,18,地下鉄
都営地下鉄三田線,板橋本町,19,地下鉄
都営地下鉄三田線,本蓮沼,20,地下鉄
都営地下鉄三田線,志村坂上,21,地下鉄
都営地下鉄三田線,志村三丁目,22,地下鉄
都営地下鉄三田線,蓮根,23,地下鉄
都営地下鉄三田線,西台,24,地下鉄
都営地下鉄三田線,高島平,25,地下鉄
都営地下鉄三田線,新高島平,26,地下鉄
都営地下鉄三田線,西高島平,27,地下鉄
都営地下鉄新宿線,新宿,1,地下鉄
都営地下鉄新宿線,新宿三丁目,2,地下鉄
都営地下鉄新宿線,曙橋,3,地下鉄
都営地下鉄新宿線,市ヶ谷,4,地下鉄
都営地下鉄新宿線,九段下,5,地下鉄
都営地下鉄新宿線,神保町,6,地下鉄
都営地下鉄新宿線,小川町,7,地下鉄
都営地下鉄新宿線,岩本町,8,地下鉄
都営地下鉄新宿線,馬喰横山,9,地下鉄
都営地下鉄新宿線,浜町,10,地下鉄
都営地下鉄新宿線,森下,11,地下鉄
都営地下鉄新宿線,菊川,12,地下鉄
都営地下鉄新宿線,住吉,13,地下鉄
都営地下鉄新宿線,西大島,14,地下鉄
都営地下鉄新宿線,大島,15,地下鉄
都営地下鉄新宿線,東大島,16,地下鉄
都営地下鉄新宿線,船堀,17,地下鉄
都営地下鉄新宿線,一之江,18,地下鉄
都営地下鉄新宿線,瑞江,19,地下鉄
都営地下鉄新宿線,篠崎,20,地下鉄
都営地下鉄新宿線,本八幡,21,地下鉄
都営地下鉄大江戸線,都庁前,1,地下鉄
都営地下鉄大江戸線,新宿西口,2,地下鉄
都営地下鉄大江戸線,東新宿,3,地下鉄
都営地下鉄大江戸線,若松河田,4,地下鉄
都営地下鉄大江戸線,牛込柳町,5,地下鉄
都営地下鉄大江戸線,牛込神楽坂,6,地下鉄
都営地下鉄大江戸線,飯田橋,7,地下鉄
都営地下鉄大江戸線,春日,8,地下鉄
都営地下鉄大江戸線,本郷三丁目,9,地下鉄
都営地下鉄大江戸線,上野御徒町,10,地下鉄
都営地下鉄大江戸線,新御徒町,11,地下鉄
都営地下鉄大江戸線,蔵前,12,地下鉄
都営地下鉄大江戸線,両国,13,地下鉄
都営地下鉄大江戸線,森下,14,地下鉄
都営地下鉄大江戸線,清澄白河,15,地下鉄
都営地下鉄大江戸線,門前仲町,16,地下鉄
都営地下鉄大江戸線,月島,17,地下鉄
都営地下鉄大江戸線,勝どき,18,地下鉄
都営地下鉄大江戸線,築地市場,19,地下鉄
都営地下鉄大江戸線,汐留,20,地下鉄
都営地下鉄大江戸線,大門,21,地下鉄
都営地下鉄大江戸線,赤羽橋,22,地下鉄
都営地下鉄大江戸線,麻布十番,23,地下鉄
都営地下鉄大江戸線,六本木,24,地下鉄
都営地下鉄大江戸線,青山一丁目,25,地下鉄
都営地下鉄大江戸線,国立競技場,26,地下鉄
都営地下鉄大江戸線,代々木,27,地下鉄
都営地下鉄大江戸線,新宿,28,地下鉄
都営地下鉄大江戸線,都庁前,29,地下鉄
都営地下鉄大江戸線,西新宿五丁目,30,地下鉄
都営地下鉄大江戸線,中野坂上,31,地下鉄
都営地下鉄大江戸線,東中野,32,地下鉄
都営地下鉄大江戸線,中井,33,地下鉄
都営地下鉄大江戸線,落合南長崎,34,地下鉄
都営地下鉄大江戸線,新江古田,35,地下鉄
都営地下鉄大江戸線,練馬,36,地下鉄
都営地下鉄大江戸線,豊島園,37,地下鉄
都営地下鉄大江戸線,練馬春日町,38,地下鉄
都営地下鉄大江戸線,光が丘,39,地下鉄
横浜市営地下鉄ブルーライン,湘南台,1,地下鉄
横浜市営地下鉄ブルーライン,下飯田,2,地下鉄
横浜市営地下鉄ブルーライン,立場,3,地下鉄
横浜市営地下鉄ブルーライン,中田,4,地下鉄
横浜市営地下鉄ブルーライン,踊場,5,地下鉄
横浜市営地下鉄ブルーライン,戸塚,6,地下鉄
横浜市営地下鉄ブルーライン,舞岡,7,地下鉄
横浜市営地下鉄ブルーライン,下永谷,8,地下鉄
横浜市営地下鉄ブルーライン,上永谷,9,地下鉄
横浜市営地下鉄ブルーライン,港南中央,10,地下鉄
横浜市営地下鉄ブルーライン,上大岡,11,地下鉄
横浜市営地下鉄ブルーライン,弘明寺,12,地下鉄
横浜市営地下鉄ブルーライン,蒔田,13,地下鉄
横浜市営地下鉄ブルーライン,吉野町,14,地下鉄
横浜市営地下鉄ブルーライン,阪東橋,15,地下鉄
横浜市営地下鉄ブルーライン,伊勢佐木長者町,16,地下鉄
横浜市営地下鉄ブルーライン,関内,17,地下鉄
横浜市営地下鉄ブルーライン,桜木町,18,地下鉄
横浜市営地下鉄ブルーライン,高島町,19,地下鉄
横浜市営地下鉄ブルーライン,横浜,20,地下鉄
横浜市営地下鉄ブルーライン,三ッ沢下町,21,地下鉄
横浜市営地下鉄ブルーライン,三ッ沢上町,22,地下鉄
横浜市営地下鉄ブルーライン,片倉町,23,地下鉄
横浜市営地下鉄ブルーライン,岸根公園,24,地下鉄
横浜市営地下鉄ブルーライン,新横浜,25,地下鉄
横浜市営地下鉄ブルーライン,北新横浜,26,地下鉄
横浜市営地下鉄ブルーライン,新羽,27,地下鉄
横浜市営地下鉄ブルーライン,仲町台,28,地下鉄
横浜市営地下鉄ブルーライン,センター南,29,地下鉄
横浜市営地下鉄ブルーライン,センター北,30,地下鉄
横浜市営地下鉄ブルーライン,中川,31,地下鉄
横浜市営地下鉄ブルーライン,あざみ野,32,地下鉄
横浜市営地下鉄グリーンライン,中山,1,地下鉄
横浜市営地下鉄グリーンライン,川和町,2,地下鉄
横浜市営地下鉄グリーンライン,都筑ふれあいの丘,3,地下鉄
横浜市営地下鉄グリーンライン,センター南,4,地下鉄
横浜市営地下鉄グリーンライン,センター北,5,地下鉄
横浜市営地下鉄グリーンライン,北山田,6,地下鉄
横浜市営地下鉄グリーンライン,東山田,7,地下鉄
横浜市営地下鉄グリーンライン,高田,8,地下鉄
横浜市営地下鉄グリーンライン,日吉本町,9,地下鉄
横浜市営地下鉄グリーンライン,日吉,10,地下鉄
名古屋市営地下鉄東山線,高畑,1,地下鉄
名古屋市営地下鉄東山線,八田,2,地下鉄
名古屋市営地下鉄東山線,岩塚,3,地下鉄
名古屋市営地下鉄東山線,中村公園,4,地下鉄
名古屋市営地下鉄東山線,中村日赤,5,地下鉄
名古屋市営地下鉄東山線,本陣,6,地下鉄
名古屋市営地下鉄東山線,亀島,7,地下鉄
名古屋市営地下鉄東山線,名古屋,8,地下鉄
名古屋市営地下鉄東山線,伏見,9,地下鉄
名古屋市営地下鉄東山線,栄,10,地下鉄
名古屋市営地下鉄東山線,新栄町,11,地下鉄
名古屋市営地下鉄東山線,千種,12,地下鉄
名古屋市営地下鉄東山線,今池,13,地下鉄
名古屋市営地下鉄東山線,池下,14,地下鉄
名古屋市営地下鉄東山線,覚王山,15,地下鉄
名古屋市営地下鉄東山線,本山,16,地下鉄
名古屋市営地下鉄東山線,東山公園,17,地下鉄
名古屋市営地下鉄東山線,星ヶ丘,18,地下鉄
名古屋市営地下鉄東山線,一社,19,地下鉄
名古屋市営地下鉄東山線,上社,20,地下鉄
名古屋市営地下鉄東山線,本郷,21,地下鉄
名古屋市営地下鉄東山線,藤が丘,22,地下鉄
名古屋市営地下鉄名城線,金山,1,地下鉄
名古屋市営地下鉄名城線,東別院,2,地下鉄
名古屋市営地下鉄名城線,上前津,3,地下鉄
名古屋市営地下鉄名城線,矢場町,4,地下鉄
名古屋市営地下鉄名城線,栄,5,地下鉄
名古屋市営地下鉄名城線,久屋大通,6,地下鉄
名古屋市営地下鉄名城線,名古屋城,7,地下鉄
名古屋市営地下鉄名城線,名城公園,8,地下鉄
名古屋市営地下鉄名城線,黒川,9,地下鉄
名古屋市営地下鉄名城線,志賀本通,10,地下鉄
名古屋市営地下鉄名城線,平安通,11,地下鉄
名古屋市営地下鉄名城線,大曽根,12,地下鉄
名古屋市営地下鉄名城線,ナゴヤドーム前矢田,13,地下鉄
名古屋市営地下鉄名城線,砂田橋,14,地下鉄
名古屋市営地下鉄名城線,茶屋ヶ坂,15,地下鉄
名古屋市営地下鉄名城線,自由ヶ丘,16,地下鉄
名古屋市営地下鉄名城線,本山,17,地下鉄
名古屋市営地下鉄名城線,名古屋大学,18,地下鉄
名古屋市営地下鉄名城線,八事日赤,19,地下鉄
名古屋市営地下鉄名城線,八事,20,地下鉄
名古屋市営地下鉄名城線,総合リハビリセンター,21,地下鉄
名古屋市営地下鉄名城線,瑞穂運動場東,22,地下鉄
名古屋市営地下鉄名城線,新瑞橋,23,地下鉄
名古屋市営地下鉄名城線,妙音通,24,地下鉄
名古屋市営地下鉄名城線,堀田,25,地下鉄
名古屋市営地下鉄名城線,熱田神宮伝馬町,26,地下鉄
名古屋市営地下鉄名城線,熱田神宮西,27,地下鉄
名古屋市営地下鉄名城線,西高蔵,28,地下鉄
名古屋市営地下鉄名港線,金山,1,地下鉄
名古屋市営地下鉄名港線,日比野,2,地下鉄
名古屋市営地下鉄名港線,六番町,3,地下鉄
名古屋市営地下鉄名港線,東海通,4,地下鉄
名古屋市営地下鉄名港線,港区役所,5,地下鉄
名古屋市営地下鉄名港線,築地口,6,地下鉄
名古屋市営地下鉄名港線,名古屋港,7,地下鉄
名古屋市営地下鉄鶴舞線,上小田井,1,地下鉄
名古屋市営地下鉄鶴舞線,庄内緑地公園,2,地下鉄
名古屋市営地下鉄鶴舞線,庄内通,3,地下鉄
名古屋市営地下鉄鶴舞線,浄心,4,地下鉄
名古屋市営地下鉄鶴舞線,浅間町,5,地下鉄
名古屋市営地下鉄鶴舞線,丸の内,6,地下鉄
名古屋市営地下鉄鶴舞線,伏見,7,地下鉄
名古屋市営地下鉄鶴舞線,大須観音,8,地下鉄
名古屋市営地下鉄鶴舞線,上前津,9,地下鉄
名古屋市営地下鉄鶴舞線,鶴舞,10,地下鉄
名古屋市営地下鉄鶴舞線,荒畑,11,地下鉄
名古屋市営地下鉄鶴舞線,御器所,12,地下鉄
名古屋市営地下鉄鶴舞線,川名,13,地下鉄
名古屋市営地下鉄鶴舞線,いりなか,14,地下鉄
名古屋市営地下鉄鶴舞線,八事,15,地下鉄
名古屋市営地下鉄鶴舞線,塩釜口,16,地下鉄
名古屋市営地下鉄鶴舞線,植田,17,地下鉄
名古屋市営地下鉄鶴舞線,原,18,地下鉄
名古屋市営地下鉄鶴舞線,平針,19,地下鉄
名古屋市営地下鉄鶴舞線,赤池,20,地下鉄
名古屋市営地下鉄桜通線,太閤通,1,地下鉄
名古屋市営地下鉄桜通線,名古屋,2,地下鉄
名古屋市営地下鉄桜通線,国際センター,3,地下鉄
名古屋市営地下鉄桜通線,丸の内,4,地下鉄
名古屋市営地下鉄桜通線,久屋大通,5,地下鉄
名古屋市営地下鉄桜通線,高岳,6,地下鉄
名古屋市営地下鉄桜通線,車道,7,地下鉄
名古屋市営地下鉄桜通線,今池,8,地下鉄
名古屋市営地下鉄桜通線,吹上,9,地下鉄
名古屋市営地下鉄桜通線,御器所,10,地下鉄
名古屋市営地下鉄桜通線,桜山,11,地下鉄
名古屋市営地下鉄桜通線,瑞穂区役所,12,地下鉄
名古屋市営地下鉄桜通線,瑞穂運動場西,13,地下鉄
名古屋市営地下鉄桜通線,新瑞橋,14,地下鉄
名古屋市営地下鉄桜通線,桜本町,15,地下鉄
名古屋市営地下鉄桜通線,鶴里,16,地下鉄
名古屋市営地下鉄桜通線,野並,17,地下鉄
名古屋市営地下鉄桜通線,鳴子北,18,地下鉄
名古屋市営地下鉄桜通線,相生山,19,地下鉄
名古屋市営地下鉄桜通線,神沢,20,地下鉄
名古屋市営地下鉄桜通線,徳重,21,地下鉄
名古屋市営地下鉄上飯田線,上飯田,1,地下鉄
名古屋市営地下鉄上飯田線,平安通,2,地下鉄
京都市営地下鉄烏丸線,国際会館,1,地下鉄
京都市営地下鉄烏丸線,松ヶ崎,2,地下鉄
京都市営地下鉄烏丸線,北山,3,地下鉄
京都市営地下鉄烏丸線,北大路,4,地下鉄
京都市営地下鉄烏丸線,鞍馬口,5,地下鉄
京都市営地下鉄烏丸線,今出川,6,地下鉄
京都市営地下鉄烏丸線,丸太町,7,地下鉄
京都市営地下鉄烏丸線,烏丸御池,8,地下鉄
京都市営地下鉄烏丸線,四条,9,地下鉄
京都市営地下鉄烏丸線,五条,10,地下鉄
京都市営地下鉄烏丸線,京都,11,地下鉄
京都市営地下鉄烏丸線,九条,12,地下鉄
京都市営地下鉄烏丸線,十条,13,地下鉄
京都市営地下鉄烏丸線,くいな橋,14,地下鉄
京都市営地下鉄烏丸線,竹田,15,地下鉄
京都市営地下鉄東西線,六地蔵,1,地下鉄
京都市営地下鉄東西線,石田,2,地下鉄
京都市営地下鉄東西線,醍醐,3,地下鉄
京都市営地下鉄東西線,小野,4,地下鉄
京都市営地下鉄東西線,椥辻,5,地下鉄
京都市営地下鉄東西線,東野,6,地下鉄
京都市営地下鉄東西線,山科,7,地下鉄
京都市営地下鉄東西線,御陵,8,地下鉄
京都市営地下鉄東西線,蹴上,9,地下鉄
京都市営地下鉄東西線,東山,10,地下鉄
京都市営地下鉄東西線,三条京阪,11,地下鉄
京都市営地下鉄東西線,京都市役所前,12,地下鉄
京都市営地下鉄東西線,烏丸御池,13,地下鉄
京都市営地下鉄東西線,二条城前,14,地下鉄
京都市営地下鉄東西線,二条,15,地下鉄
京都市営地下鉄東西線,西大路御池,16,地下鉄
京都市営地下鉄東西線,太秦天神川,17,地下鉄
大阪メトロ御堂筋線,江坂,1,地下鉄
大阪メトロ御堂筋線,東三国,2,地下鉄
大阪メトロ御堂筋線,新大阪,3,地下鉄
大阪メトロ御堂筋線,西中島南方,4,地下鉄
大阪メトロ御堂筋線,中津,5,地下鉄
大阪メトロ御堂筋線,梅田,6,地下鉄
大阪メトロ御堂筋線,淀屋橋,7,地下鉄
大阪メトロ御堂筋線,本町,8,地下鉄
大阪メトロ御堂筋線,心斎橋,9,地下鉄
大阪メトロ御堂筋線,難波,10,地下鉄
大阪メトロ御堂筋線,大国町,11,地下鉄
大阪メトロ御堂筋線,動物園前,12,地下鉄
大阪メトロ御堂筋線,天王寺,13,地下鉄
大阪メトロ御堂筋線,昭和町,14,地下鉄
大阪メトロ御堂筋線,西田辺,15,地下鉄
大阪メトロ御堂筋線,長居,16,地下鉄
大阪メトロ御堂筋線,我孫子,17,地下鉄
大阪メトロ御堂筋線,北花田,18,地下鉄
大阪メトロ御堂筋線,新金岡,19,地下鉄
大阪メトロ御堂筋線,中百舌鳥,20,地下鉄
大阪メトロ谷町線,大日,1,地下鉄
大阪メトロ谷町線,守口,2,地下鉄
大阪メトロ谷町線,太子橋今市,3,地下鉄
大阪メトロ谷町線,千林大宮,4,地下鉄
大阪メトロ谷町線,関目高殿,5,地下鉄
大阪メトロ谷町線,野江内代,6,地下鉄
大阪メトロ谷町線,都島,7,地下鉄
大阪メトロ谷町線,天神橋筋六丁目,8,地下鉄
大阪メトロ谷町線,中崎町,9,地下鉄
大阪メトロ谷町線,東梅田,10,地下鉄
大阪メトロ谷町線,南森町,11,地下鉄
大阪メトロ谷町線,天満橋,12,地下鉄
大阪メトロ谷町線,谷町四丁目,13,地下鉄
大阪メトロ谷町線,谷町六丁目,14,地下鉄
大阪メトロ谷町線,谷町九丁目,15,地下鉄
大阪メトロ谷町線,四天王寺前夕陽ヶ丘,16,地下鉄
大阪メトロ谷町線,天王寺,17,地下鉄
大阪メトロ谷町線,阿倍野,18,地下鉄
大阪メトロ谷町線,文の里,19,地下鉄
大阪メトロ谷町線,田辺,20,地下鉄
大阪メトロ谷町線,駒川中野,21,地下鉄
大阪メトロ谷町線,平野,22,地下鉄
大阪メトロ谷町線,喜連瓜破,23,地下鉄
大阪メトロ谷町線,出戸,24,地下鉄
大阪メトロ谷町線,長原,25,地下鉄
大阪メトロ谷町線,八尾南,26,地下鉄
大阪メトロ四つ橋線,西梅田,1,地下鉄
大阪メトロ四つ橋線,肥後橋,2,地下鉄
大阪メトロ四つ橋線,本町,3,地下鉄
大阪メトロ四つ橋線,四ツ橋,4,地下鉄
大阪メトロ四つ橋線,難波,5,地下鉄
大阪メトロ四つ橋線,大国町,6,地下鉄
大阪メトロ四つ橋線,花園町,7,地下鉄
大阪メトロ四つ橋線,岸里,8,地下鉄
大阪メトロ四つ橋線,玉出,9,地下鉄
大阪メトロ四つ橋線,北加賀屋,10,地下鉄
大阪メトロ四つ橋線,住ノ江公園,11,地下鉄
大阪メトロ中央線,夢洲,1,地下鉄
大阪メトロ中央線,コスモスクエア,2,地下鉄
大阪メトロ中央線,大阪港,3,地下鉄
大阪メトロ中央線,朝潮橋,4,地下鉄
大阪メトロ中央線,弁天町,5,地下鉄
大阪メトロ中央線,九条,6,地下鉄
大阪メトロ中央線,阿波座,7,地下鉄
大阪メトロ中央線,本町,8,地下鉄
大阪メトロ中央線,堺筋本町,9,地下鉄
大阪メトロ中央線,谷町四丁目,10,地下鉄
大阪メトロ中央線,森ノ宮,11,地下鉄
大阪メトロ中央線,緑橋,12,地下鉄
大阪メトロ中央線,深江橋,13,地下鉄
大阪メトロ中央線,高井田,14,地下鉄
大阪メトロ中央線,長田,15,地下鉄
大阪メトロ千日前線,野田阪神,1,地下鉄
大阪メトロ千日前線,玉川,2,地下鉄
大阪メトロ千日前線,阿波座,3,地下鉄
大阪メトロ千日前線,西長堀,4,地下鉄
大阪メトロ千日前線,桜川,5,地下鉄
大阪メトロ千日前線,難波,6,地下鉄
大阪メトロ千日前線,日本橋,7,地下鉄
大阪メトロ千日前線,谷町九丁目,8,地下鉄
大阪メトロ千日前線,鶴橋,9,地下鉄
大阪メトロ千日前線,今里,10,地下鉄
大阪メトロ千日前線,新深江,11,地下鉄
大阪メトロ千日前線,小路,12,地下鉄
大阪メトロ千日前線,北巽,13,地下鉄
大阪メトロ千日前線,南巽,14,地下鉄
大阪メトロ堺筋線,天神橋筋六丁目,1,地下鉄
大阪メトロ堺筋線,扇町,2,地下鉄
大阪メトロ堺筋線,南森町,3,地下鉄
大阪メトロ堺筋線,北浜,4,地下鉄
大阪メトロ堺筋線,堺筋本町,5,地下鉄
大阪メトロ堺筋線,長堀橋,6,地下鉄
大阪メトロ堺筋線,日本橋,7,地下鉄
大阪メトロ堺筋線,恵美須町,8,地下鉄
大阪メトロ堺筋線,動物園前,9,地下鉄
大阪メトロ堺筋線,天下茶屋,10,地下鉄
大阪メトロ長堀鶴見緑地線,大正,1,地下鉄
大阪メトロ長堀鶴見緑地線,ドーム前千代崎,2,地下鉄
大阪メトロ長堀鶴見緑地線,西長堀,3,地下鉄
大阪メトロ長堀鶴見緑地線,西大橋,4,地下鉄
大阪メトロ長堀鶴見緑地線,心斎橋,5,地下鉄
大阪メトロ長堀鶴見緑地線,長堀橋,6,地下鉄
大阪メトロ長堀鶴見緑地線,松屋町,7,地下鉄
大阪メトロ長堀鶴見緑地線,谷町六丁目,8,地下鉄
大阪メトロ長堀鶴見緑地線,玉造,9,地下鉄
大阪メトロ長堀鶴見緑地線,森ノ宮,10,地下鉄
大阪メトロ長堀鶴見緑地線,大阪ビジネスパーク,11,地下鉄
大阪メトロ長堀鶴見緑地線,京橋,12,地下鉄
大阪メトロ長堀鶴見緑地線,蒲生四丁目,13,地下鉄
大阪メトロ長堀鶴見緑地線,今福鶴見,14,地下鉄
大阪メトロ長堀鶴見緑地線,横堤,15,地下鉄
大阪メトロ長堀鶴見緑地線,鶴見緑地,16,地下鉄
大阪メトロ長堀鶴見緑地線,門真南,17,地下鉄
大阪メトロ今里筋線,井高野,1,地下鉄
大阪メトロ今里筋線,瑞光四丁目,2,地下鉄
大阪メトロ今里筋線,だいどう豊里,3,地下鉄
大阪メトロ今里筋線,太子橋今市,4,地下鉄
大阪メトロ今里筋線,清水,5,地下鉄
大阪メトロ今里筋線,新森古市,6,地下鉄
大阪メトロ今里筋線,関目成育,7,地下鉄
大阪メトロ今里筋線,蒲生四丁目,8,地下鉄
大阪メトロ今里筋線,鴫野,9,地下鉄
大阪メトロ今里筋線,緑橋,10,地下鉄
大阪メトロ今里筋線,今里,11,地下鉄
神戸市営地下鉄西神・山手線,新神戸,1,地下鉄
神戸市営地下鉄西神・山手線,三宮,2,地下鉄
神戸市営地下鉄西神・山手線,県庁前,3,地下鉄
神戸市営地下鉄西神・山手線,大倉山,4,地下鉄
神戸市営地下鉄西神・山手線,湊川公園,5,地下鉄
神戸市営地下鉄西神・山手線,上沢,6,地下鉄
神戸市営地下鉄西神・山手線,長田,7,地下鉄
神戸市営地下鉄西神・山手線,新長田,8,地下鉄
神戸市営地下鉄西神・山手線,板宿,9,地下鉄
神戸市営地下鉄西神・山手線,妙法寺,10,地下鉄
神戸市営地下鉄西神・山手線,名谷,11,地下鉄
神戸市営地下鉄西神・山手線,総合運動公園,12,地下鉄
神戸市営地下鉄西神・山手線,学園都市,13,地下鉄
神戸市営地下鉄西神・山手線,伊川谷,14,地下鉄
神戸市営地下鉄西神・山手線,西神南,15,地下鉄
神戸市営地下鉄西神・山手線,西神中央,16,地下鉄
神戸市営地下鉄北神線,谷上,1,地下鉄
神戸市営地下鉄北神線,新神戸,2,地下鉄
神戸市営地下鉄海岸線,新長田,1,地下鉄
神戸市営地下鉄海岸線,駒ヶ林,2,地下鉄
神戸市営地下鉄海岸線,苅藻,3,地下鉄
神戸市営地下鉄海岸線,御崎公園,4,地下鉄
神戸市営地下鉄海岸線,和田岬,5,地下鉄
神戸市営地下鉄海岸線,中央市場前,6,地下鉄
神戸市営地下鉄海岸線,ハーバーランド,7,地下鉄
神戸市営地下鉄海岸線,みなと元町,8,地下鉄
神戸市営地下鉄海岸線,旧居留地・大丸前,9,地下鉄
神戸市営地下鉄海岸線,三宮・花時計前,10,地下鉄
福岡市営地下鉄空港線,姪浜,1,地下鉄
福岡市営地下鉄空港線,室見,2,地下鉄
福岡市営地下鉄空港線,藤崎,3,地下鉄
福岡市営地下鉄空港線,西新,4,地下鉄
福岡市営地下鉄空港線,唐人町,5,地下鉄
福岡市営地下鉄空港線,大濠公園,6,地下鉄
福岡市営地下鉄空港線,赤坂,7,地下鉄
福岡市営地下鉄空港線,天神,8,地下鉄
福岡市営地下鉄空港線,中洲川端,9,地下鉄
福岡市営地下鉄空港線,祇園,10,地下鉄
福岡市営地下鉄空港線,博多,11,地下鉄
福岡市営地下鉄空港線,東比恵,12,地下鉄
福岡市営地下鉄空港線,福岡空港,13,地下鉄
福岡市営地下鉄箱崎線,中洲川端,1,地下鉄
福岡市営地下鉄箱崎線,呉服町,2,地下鉄
福岡市営地下鉄箱崎線,千代県庁口,3,地下鉄
福岡市営地下鉄箱崎線,馬出九大病院前,4,地下鉄
福岡市営地下鉄箱崎線,箱崎宮前,5,地下鉄
福岡市営地下鉄箱崎線,箱崎九大前,6,地下鉄
福岡市営地下鉄箱崎線,貝塚,7,地下鉄
福岡市営地下鉄七隈線,橋本,1,地下鉄
福岡市営地下鉄七隈線,次郎丸,2,地下鉄
福岡市営地下鉄七隈線,賀茂,3,地下鉄
福岡市営地下鉄七隈線,野芥,4,地下鉄
福岡市営地下鉄七隈線,梅林,5,地下鉄
福岡市営地下鉄七隈線,福大前,6,地下鉄
福岡市営地下鉄七隈線,七隈,7,地下鉄
福岡市営地下鉄七隈線,金山,8,地下鉄
福岡市営地下鉄七隈線,茶山,9,地下鉄
福岡市営地下鉄七隈線,別府,10,地下鉄
福岡市営地下鉄七隈線,六本松,11,地下鉄
福岡市営地下鉄七隈線,桜坂,12,地下鉄
福岡市営地下鉄七隈線,薬院大通,13,地下鉄
福岡市営地下鉄七隈線,薬院,14,地下鉄
福岡市営地下鉄七隈線,渡辺通,15,地下鉄
福岡市営地下鉄七隈線,天神南,16,地下鉄
福岡市営地下鉄七隈線,櫛田神社前,17,地下鉄
福岡市営地下鉄七隈線,博多,18,地下鉄
函館市電湯の川線・大森線・本線,湯の川,1,路面電車
函館市電湯の川線・大森線・本線,湯の川温泉,2,路面電車
函館市電湯の川線・大森線・本線,函館アリーナ前,3,路面電車
函館市電湯の川線・大森線・本線,駒場車庫前,4,路面電車
函館市電湯の川線・大森線・本線,競馬場前,5,路面電車
函館市電湯の川線・大森線・本線,深堀町,6,路面電車
函館市電湯の川線・大森線・本線,柏木町,7,路面電車
函館市電湯の川線・大森線・本線,杉並町,8,路面電車
函館市電湯の川線・大森線・本線,五稜郭公園前,9,路面電車
函館市電湯の川線・大森線・本線,中央病院前,10,路面電車
函館市電湯の川線・大森線・本線,千代台,11,路面電車
函館市電湯の川線・大森線・本線,堀川町,12,路面電車
函館市電湯の川線・大森線・本線,昭和橋,13,路面電車
函館市電湯の川線・大森線・本線,千歳町,14,路面電車
函館市電湯の川線・大森線・本線,新川町,15,路面電車
函館市電湯の川線・大森線・本線,松風町,16,路面電車
函館市電湯の川線・大森線・本線,函館駅前,17,路面電車
函館市電湯の川線・大森線・本線,市役所前,18,路面電車
函館市電湯の川線・大森線・本線,魚市場通,19,路面電車
函館市電湯の川線・大森線・本線,十字街,20,路面電車
函館市電湯の川線・大森線・本線,末広町,21,路面電車
函館市電湯の川線・大森線・本線,大町,22,路面電車
函館市電湯の川線・大森線・本線,函館どつく前,23,路面電車
函館市電宝来・谷地頭線,十字街,1,路面電車
函館市電宝来・谷地頭線,宝来町,2,路面電車
函館市電宝来・谷地頭線,青柳町,3,路面電車
函館市電宝来・谷地頭線,谷地頭,4,路面電車
札幌市電一条線・山鼻西線・山鼻線・都心線,西4丁目,1,路面電車
札幌市電一条線・山鼻西線・山鼻線・都心線,西8丁目,2,路面電車
札幌市電一条線・山鼻西線・山鼻線・都心線,中央区役所前,3,路面電車
札幌市電一条線・山鼻西線・山鼻線・都心線,西15丁目,4,路面電車
札幌市電一条線・山鼻西線・山鼻線・都心線,西線6条,5,路面電車
札幌市電一条線・山鼻西線・山鼻線・都心線,西線9条旭山公園通,6,路面電車
札幌市電一条線・山鼻西線・山鼻線・都心線,西線11条,7,路面電車
札幌市電一条線・山鼻西線・山鼻線・都心線,西線14条,8,路面電車
札幌市電一条線・山鼻西線・山鼻線・都心線,西線16条,9,路面電車
札幌市電一条線・山鼻西線・山鼻線・都心線,ロープウェイ入口,10,路面電車
札幌市電一条線・山鼻西線・山鼻線・都心線,電車事業所前,11,路面電車
札幌市電一条線・山鼻西線・山鼻線・都心線,中央図書館前,12,路面電車
札幌市電一条線・山鼻西線・山鼻線・都心線,石山通,13,路面電車
札幌市電一条線・山鼻西線・山鼻線・都心線,東屯田通,14,路面電車
札幌市電一条線・山鼻西線・山鼻線・都心線,幌南小学校前,15,路面電車
札幌市電一条線・山鼻西線・山鼻線・都心線,山鼻19条,16,路面電車
札幌市電一条線・山鼻西線・山鼻線・都心線,静修学園前,17,路面電車
札幌市電一条線・山鼻西線・山鼻線・都心線,行啓通,18,路面電車
札幌市電一条線・山鼻西線・山鼻線・都心線,中島公園通,19,路面電車
札幌市電一条線・山鼻西線・山鼻線・都心線,山鼻9条,20,路面電車
札幌市電一条線・山鼻西線・山鼻線・都心線,東本願寺前,21,路面電車
札幌市電一条線・山鼻西線・山鼻線・都心線,資生館小学校前,22,路面電車
札幌市電一条線・山鼻西線・山鼻線・都心線,すすきの,23,路面電車
札幌市電一条線・山鼻西線・山鼻線・都心線,狸小路,24,路面電車
宇都宮ライトレール宇都宮芳賀ライトレール線,宇都宮駅東口,1,路面電車
宇都宮ライトレール宇都宮芳賀ライトレール線,東宿郷,2,路面電車
宇都宮ライトレール宇都宮芳賀ライトレール線,駅東公園前,3,路面電車
宇都宮ライトレール宇都宮芳賀ライトレール線,峰,4,路面電車
宇都宮ライトレール宇都宮芳賀ライトレール線,陽東3丁目,5,路面電車
宇都宮ライトレール宇都宮芳賀ライトレール線,宇都宮大学陽東キャンパス,6,路面電車
宇都宮ライトレール宇都宮芳賀ライトレール線,平石,7,路面電車
宇都宮ライトレール宇都宮芳賀ライトレール線,平石中央小学校前,8,路面電車
宇都宮ライトレール宇都宮芳賀ライトレール線,飛山城跡,9,路面電車
宇都宮ライトレール宇都宮芳賀ライトレール線,清陵高校前,10,路面電車
宇都宮ライトレール宇都宮芳賀ライトレール線,清原地区市民センター前,11,路面電車
宇都宮ライトレール宇都宮芳賀ライトレール線,グリーンスタジアム前,12,路面電車
宇都宮ライトレール宇都宮芳賀ライトレール線,ゆいの杜西,13,路面電車
宇都宮ライトレール宇都宮芳賀ライトレール線,ゆいの杜中央,14,路面電車
宇都宮ライトレール宇都宮芳賀ライトレール線,ゆいの杜東,15,路面電車
宇都宮ライトレール宇都宮芳賀ライトレール線,芳賀台,16,路面電車
宇都宮ライトレール宇都宮芳賀ライトレール線,芳賀町工業団地管理センター前,17,路面電車
宇都宮ライトレール宇都宮芳賀ライトレール線,かしの森公園前,18,路面電車
宇都宮ライトレール宇都宮芳賀ライトレール線,芳賀・高根沢工業団地,19,路面電車
都電荒川線,三ノ輪橋,1,路面電車
都電荒川線,荒川一中前,2,路面電車
都電荒川線,荒川区役所前,3,路面電車
都電荒川線,荒川二丁目,4,路面電車
都電荒川線,荒川七丁目,5,路面電車
都電荒川線,町屋駅前,6,路面電車
都電荒川線,町屋二丁目,7,路面電車
都電荒川線,東尾久三丁目,8,路面電車
都電荒川線,熊野前,9,路面電車
都電荒川線,宮ノ前,10,路面電車
都電荒川線,小台,11,路面電車
都電荒川線,荒川遊園地前,12,路面電車
都電荒川線,荒川車庫前,13,路面電車
都電荒川線,梶原,14,路面電車
都電荒川線,栄町,15,路面電車
都電荒川線,王子駅前,16,路面電車
都電荒川線,飛鳥山,17,路面電車
都電荒川線,滝野川一丁目,18,路面電車
都電荒川線,西ヶ原四丁目,19,路面電車
都電荒川線,新庚申塚,20,路面電車
都電荒川線,庚申塚,21,路面電車
都電荒川線,巣鴨新田,22,路面電車
都電荒川線,大塚駅前,23,路面電車
都電荒川線,向原,24,路面電車
都電荒川線,東池袋四丁目,25,路面電車
都電荒川線,都電雑司ヶ谷,26,路面電車
都電荒川線,鬼子母神前,27,路面電車
都電荒川線,学習院下,28,路面電車
都電荒川線,面影橋,29,路面電車
都電荒川線,早稲田,30,路面電車
富山地方鉄道富山軌道線本線・支線・安野屋線・呉羽線,南富山駅前,1,路面電車
富山地方鉄道富山軌道線本線・支線・安野屋線・呉羽線,大町,2,路面電車
富山地方鉄道富山軌道線本線・支線・安野屋線・呉羽線,堀川小泉,3,路面電車
富山地方鉄道富山軌道線本線・支線・安野屋線・呉羽線,小泉町,4,路面電車
富山地方鉄道富山軌道線本線・支線・安野屋線・呉羽線,西中野,5,路面電車
富山地方鉄道富山軌道線本線・支線・安野屋線・呉羽線,広貫堂前,6,路面電車
富山地方鉄道富山軌道線本線・支線・安野屋線・呉羽線,上本町,7,路面電車
富山地方鉄道富山軌道線本線・支線・安野屋線・呉羽線,西町,8,路面電車
富山地方鉄道富山軌道線本線・支線・安野屋線・呉羽線,中町（西町北）,9,路面電車
富山地方鉄道富山軌道線本線・支線・安野屋線・呉羽線,荒町,10,路面電車
富山地方鉄道富山軌道線本線・支線・安野屋線・呉羽線,桜橋,11,路面電車
富山地方鉄道富山軌道線本線・支線・安野屋線・呉羽線,電気ビル前,12,路面電車
富山地方鉄道富山軌道線本線・支線・安野屋線・呉羽線,地鉄ビル前,13,路面電車
富山地方鉄道富山軌道線本線・支線・安野屋線・呉羽線,電鉄富山駅・エスタ前,14,路面電車
富山地方鉄道富山軌道線本線・支線・安野屋線・呉羽線,富山駅,15,路面電車
富山地方鉄道富山軌道線本線・支線・安野屋線・呉羽線,新富町,16,路面電車
富山地方鉄道富山軌道線本線・支線・安野屋線・呉羽線,県庁前,17,路面電車
富山地方鉄道富山軌道線本線・支線・安野屋線・呉羽線,丸の内,18,路面電車
富山地方鉄道富山軌道線本線・支線・安野屋線・呉羽線,諏訪川原,19,路面電車
富山地方鉄道富山軌道線本線・支線・安野屋線・呉羽線,安野屋,20,路面電車
富山地方鉄道富山軌道線本線・支線・安野屋線・呉羽線,トヨタモビリティ富山Ｇスクエア五福前（五福末広町）,21,路面電車
富山地方鉄道富山軌道線本線・支線・安野屋線・呉羽線,富山大学前,22,路面電車
富山地方鉄道富山軌道本線富山都心線,丸の内,1,路面電車
富山地方鉄道富山軌道本線富山都心線,国際会議場前,2,路面電車
富山地方鉄道富山軌道本線富山都心線,大手モール,3,路面電車
富山地方鉄道富山軌道本線富山都心線,グランドプラザ前,4,路面電車
富山地方鉄道富山軌道本線富山都心線,中町（西町北）,5,路面電車
富山地方鉄道富山港線,富山駅,1,路面電車
富山地方鉄道富山港線,オークスカナルパークホテル富山前,2,路面電車
富山地方鉄道富山港線,インテック本社前,3,路面電車
富山地方鉄道富山港線,龍谷富山高校前（永楽町）,4,路面電車
富山地方鉄道富山港線,奥田中学校前,5,路面電車
富山地方鉄道富山港線,下奥井,6,路面電車
富山地方鉄道富山港線,粟島（大阪屋ショップ前）,7,路面電車
富山地方鉄道富山港線,越中中島,8,路面電車
富山地方鉄道富山港線,城川原,9,路面電車
富山地方鉄道富山港線,犬島新町,10,路面電車
富山地方鉄道富山港線,蓮町（馬場記念公園前）,11,路面電車
富山地方鉄道富山港線,萩浦小学校前,12,路面電車
富山地方鉄道富山港線,東岩瀬,13,路面電車
富山地方鉄道富山港線,競輪場前,14,路面電車
富山地方鉄道富山港線,岩瀬浜,15,路面電車
万葉線,高岡駅,1,路面電車
万葉線,末広町,2,路面電車
万葉線,片原町,3,路面電車
万葉線,坂下町,4,路面電車
万葉線,急患医療センター前,5,路面電車
万葉線,広小路,6,路面電車
万葉線,志貴野中学校前,7,路面電車
万葉線,市民病院前,8,路面電車
万葉線,江尻,9,路面電車
万葉線,旭ヶ丘,10,路面電車
万葉線,荻市,11,路面電車
万葉線,新能町,12,路面電車
万葉線,米島口,13,路面電車
万葉線,能町口,14,路面電車
万葉線,新吉久,15,路面電車
万葉線,吉久,16,路面電車
万葉線,中伏木,17,路面電車
万葉線,六渡寺,18,路面電車
万葉線,庄川口,19,路面電車
万葉線,第一イン新湊　クロスベイ前,20,路面電車
万葉線,新町口,21,路面電車
万葉線,中新湊,22,路面電車
万葉線,東新湊,23,路面電車
万葉線,海王丸,24,路面電車
万葉線,越ノ潟,25,路面電車
福井鉄道福武線（たけふ新～田原町）,たけふ新,1,路面電車
福井鉄道福武線（たけふ新～田原町）,北府,2,路面電車
福井鉄道福武線（たけふ新～田原町）,スポーツ公園,3,路面電車
福井鉄道福武線（たけふ新～田原町）,家久,4,路面電車
福井鉄道福武線（たけふ新～田原町）,サンドーム西,5,路面電車
福井鉄道福武線（たけふ新～田原町）,西鯖江,6,路面電車
福井鉄道福武線（たけふ新～田原町）,西山公園,7,路面電車
福井鉄道福武線（たけふ新～田原町）,水落,8,路面電車
福井鉄道福武線（たけふ新～田原町）,神明,9,路面電車
福井鉄道福武線（たけふ新～田原町）,鳥羽中,10,路面電車
福井鉄道福武線（たけふ新～田原町）,三十八社,11,路面電車
福井鉄道福武線（たけふ新～田原町）,泰澄の里,12,路面電車
福井鉄道福武線（たけふ新～田原町）,浅水,13,路面電車
福井鉄道福武線（たけふ新～田原町）,ハーモニーホール,14,路面電車
福井鉄道福武線（たけふ新～田原町）,清明,15,路面電車
福井鉄道福武線（たけふ新～田原町）,江端,16,路面電車
福井鉄道福武線（たけふ新～田原町）,ベル前,17,路面電車
福井鉄道福武線（たけふ新～田原町）,花堂,18,路面電車
福井鉄道福武線（たけふ新～田原町）,赤十字前,19,路面電車
福井鉄道福武線（たけふ新～田原町）,商工会議所前,20,路面電車
福井鉄道福武線（たけふ新～田原町）,足羽山公園口,21,路面電車
福井鉄道福武線（たけふ新～田原町）,福井城址大名町,22,路面電車
福井鉄道福武線（たけふ新～田原町）,仁愛女子高校,23,路面電車
福井鉄道福武線（たけふ新～田原町）,田原町,24,路面電車
福井鉄道福武線（福井城址大名町～福井駅）,福井城址大名町,1,路面電車
福井鉄道福武線（福井城址大名町～福井駅）,福井駅,2,路面電車
豊橋鉄道東田本線（駅前～赤岩口）,駅前停留場,1,路面電車
豊橋鉄道東田本線（駅前～赤岩口）,駅前大通,2,路面電車
豊橋鉄道東田本線（駅前～赤岩口）,新川,3,路面電車
豊橋鉄道東田本線（駅前～赤岩口）,札木,4,路面電車
豊橋鉄道東田本線（駅前～赤岩口）,市役所前,5,路面電車
豊橋鉄道東田本線（駅前～赤岩口）,豊橋公園前,6,路面電車
豊橋鉄道東田本線（駅前～赤岩口）,東八町,7,路面電車
豊橋鉄道東田本線（駅前～赤岩口）,前畑,8,路面電車
豊橋鉄道東田本線（駅前～赤岩口）,東田坂上,9,路面電車
豊橋鉄道東田本線（駅前～赤岩口）,東田,10,路面電車
豊橋鉄道東田本線（駅前～赤岩口）,競輪場前,11,路面電車
豊橋鉄道東田本線（駅前～赤岩口）,井原,12,路面電車
豊橋鉄道東田本線（駅前～赤岩口）,赤岩口,13,路面電車
豊橋鉄道東田本線（井原～運動公園前）,井原,1,路面電車
豊橋鉄道東田本線（井原～運動公園前）,運動公園前,2,路面電車
京福電気鉄道嵐山本線,四条大宮,1,路面電車
京福電気鉄道嵐山本線,西院,2,路面電車
京福電気鉄道嵐山本線,西大路三条,3,路面電車
京福電気鉄道嵐山本線,山ノ内,4,路面電車
京福電気鉄道嵐山本線,嵐電天神川,5,路面電車
京福電気鉄道嵐山本線,蚕ノ社,6,路面電車
京福電気鉄道嵐山本線,太秦広隆寺,7,路面電車
京福電気鉄道嵐山本線,帷子ノ辻,8,路面電車
京福電気鉄道嵐山本線,有栖川,9,路面電車
京福電気鉄道嵐山本線,車折神社,10,路面電車
京福電気鉄道嵐山本線,鹿王院,11,路面電車
京福電気鉄道嵐山本線,嵐電嵯峨,12,路面電車
京福電気鉄道嵐山本線,嵐山,13,路面電車
京福電気鉄道北野線,北野白梅町,1,路面電車
京福電気鉄道北野線,等持院・立命館大学衣笠キャンパス前,2,路面電車
京福電気鉄道北野線,龍安寺,3,路面電車
京福電気鉄道北野線,妙心寺,4,路面電車
京福電気鉄道北野線,御室仁和寺,5,路面電車
京福電気鉄道北野線,宇多野,6,路面電車
京福電気鉄道北野線,鳴滝,7,路面電車
京福電気鉄道北野線,常盤,8,路面電車
京福電気鉄道北野線,撮影所前,9,路面電車
京福電気鉄道北野線,帷子ノ辻,10,路面電車
阪堺電気軌道阪堺線,恵美須町,1,路面電車
阪堺電気軌道阪堺線,新今宮駅前,2,路面電車
阪堺電気軌道阪堺線,今池,3,路面電車
阪堺電気軌道阪堺線,今船,4,路面電車
阪堺電気軌道阪堺線,松田町,5,路面電車
阪堺電気軌道阪堺線,北天下茶屋,6,路面電車
阪堺電気軌道阪堺線,聖天坂,7,路面電車
阪堺電気軌道阪堺線,天神ノ森,8,路面電車
阪堺電気軌道阪堺線,東玉出,9,路面電車
阪堺電気軌道阪堺線,塚西,10,路面電車
阪堺電気軌道阪堺線,東粉浜,11,路面電車
阪堺電気軌道阪堺線,住吉,12,路面電車
阪堺電気軌道阪堺線,住吉鳥居前,13,路面電車
阪堺電気軌道阪堺線,細井川,14,路面電車
阪堺電気軌道阪堺線,安立町,15,路面電車
阪堺電気軌道阪堺線,我孫子道,16,路面電車
阪堺電気軌道阪堺線,大和川,17,路面電車
阪堺電気軌道阪堺線,高須神社,18,路面電車
阪堺電気軌道阪堺線,綾ノ町,19,路面電車
阪堺電気軌道阪堺線,神明町,20,路面電車
阪堺電気軌道阪堺線,妙国寺前,21,路面電車
阪堺電気軌道阪堺線,花田口,22,路面電車
阪堺電気軌道阪堺線,大小路,23,路面電車
阪堺電気軌道阪堺線,宿院,24,路面電車
阪堺電気軌道阪堺線,寺地,25,路面電車
阪堺電気軌道阪堺線,御陵前,26,路面電車
阪堺電気軌道阪堺線,東湊,27,路面電車
阪堺電気軌道阪堺線,石津北,28,路面電車
阪堺電気軌道阪堺線,石津,29,路面電車
阪堺電気軌道阪堺線,船尾,30,路面電車
阪堺電気軌道阪堺線,浜寺駅前,31,路面電車
阪堺電気軌道上町線,天王寺駅前,1,路面電車
阪堺電気軌道上町線,阿倍野,2,路面電車
阪堺電気軌道上町線,松虫,3,路面電車
阪堺電気軌道上町線,東天下茶屋,4,路面電車
阪堺電気軌道上町線,北畠,5,路面電車
阪堺電気軌道上町線,姫松,6,路面電車
阪堺電気軌道上町線,帝塚山三丁目,7,路面電車
阪堺電気軌道上町線,帝塚山四丁目,8,路面電車
阪堺電気軌道上町線,神ノ木,9,路面電車
阪堺電気軌道上町線,住吉,10,路面電車
岡山電気軌道東山本線,岡山駅前,1,路面電車
岡山電気軌道東山本線,西川緑道公園,2,路面電車
岡山電気軌道東山本線,柳川,3,路面電車
岡山電気軌道東山本線,城下,4,路面電車
岡山電気軌道東山本線,県庁通り,5,路面電車
岡山電気軌道東山本線,西大寺町・岡山芸術創造劇場ハレノワ前,6,路面電車
岡山電気軌道東山本線,京橋,7,路面電車
岡山電気軌道東山本線,小橋,8,路面電車
岡山電気軌道東山本線,中納言,9,路面電車
岡山電気軌道東山本線,門田屋敷,10,路面電車
岡山電気軌道東山本線,東山・おかでんミュージアム,11,路面電車
岡山電気軌道清輝橋線,柳川,1,路面電車
岡山電気軌道清輝橋線,郵便局前,2,路面電車
岡山電気軌道清輝橋線,田町,3,路面電車
岡山電気軌道清輝橋線,新西大寺町筋,4,路面電車
岡山電気軌道清輝橋線,大雲寺前,5,路面電車
岡山電気軌道清輝橋線,東中央町,6,路面電車
岡山電気軌道清輝橋線,清輝橋,7,路面電車
広島電鉄本線,広島駅,1,路面電車
広島電鉄本線,稲荷町,2,路面電車
広島電鉄本線,銀山町,3,路面電車
広島電鉄本線,胡町,4,路面電車
広島電鉄本線,八丁堀,5,路面電車
広島電鉄本線,立町,6,路面電車
広島電鉄本線,紙屋町,7,路面電車
広島電鉄本線,原爆ドーム前,8,路面電車
広島電鉄本線,本川町,9,路面電車
広島電鉄本線,十日市町,10,路面電車
広島電鉄本線,土橋,11,路面電車
広島電鉄本線,小網町,12,路面電車
広島電鉄本線,天満町,13,路面電車
広島電鉄本線,観音町,14,路面電車
広島電鉄本線,西観音町,15,路面電車
広島電鉄本線,福島町,16,路面電車
広島電鉄本線,広電西広島（己斐）,17,路面電車
広島電鉄宇品線,紙屋町,1,路面電車
広島電鉄宇品線,本通,2,路面電車
広島電鉄宇品線,袋町,3,路面電車
広島電鉄宇品線,中電前,4,路面電車
広島電鉄宇品線,市役所前,5,路面電車
広島電鉄宇品線,鷹野橋,6,路面電車
広島電鉄宇品線,日赤病院前,7,路面電車
広島電鉄宇品線,広電本社前,8,路面電車
広島電鉄宇品線,御幸橋,9,路面電車
広島電鉄宇品線,皆実町六丁目,10,路面電車
広島電鉄宇品線,広大附属学校前,11,路面電車
広島電鉄宇品線,県病院前,12,路面電車
広島電鉄宇品線,宇品二丁目,13,路面電車
広島電鉄宇品線,宇品三丁目,14,路面電車
広島電鉄宇品線,宇品四丁目,15,路面電車
広島電鉄宇品線,宇品五丁目,16,路面電車
広島電鉄宇品線,海岸通,17,路面電車
広島電鉄宇品線,元宇品口,18,路面電車
広島電鉄宇品線,広島港（宇品）,19,路面電車
広島電鉄江波線,土橋,1,路面電車
広島電鉄江波線,舟入町,2,路面電車
広島電鉄江波線,舟入本町,3,路面電車
広島電鉄江波線,舟入幸町,4,路面電車
広島電鉄江波線,舟入川口,5,路面電車
広島電鉄江波線,舟入南,6,路面電車
広島電鉄江波線,江波,7,路面電車
広島電鉄横川線,十日市町,1,路面電車
広島電鉄横川線,寺町,2,路面電車
広島電鉄横川線,別院前,3,路面電車
広島電鉄横川線,横川一丁目,4,路面電車
広島電鉄横川線,横川駅,5,路面電車
広島電鉄皆実線,稲荷町,1,路面電車
広島電鉄皆実線,松川町,2,路面電車
広島電鉄皆実線,比治山下,3,路面電車
広島電鉄皆実線,比治山橋,4,路面電車
広島電鉄皆実線,南区役所前,5,路面電車
広島電鉄皆実線,皆実町二丁目,6,路面電車
広島電鉄皆実線,皆実町六丁目,7,路面電車
広島電鉄白島線,八丁堀,1,路面電車
広島電鉄白島線,女学院前,2,路面電車
広島電鉄白島線,縮景園前,3,路面電車
広島電鉄白島線,家庭裁判所前,4,路面電車
広島電鉄白島線,白島,5,路面電車
広島電鉄循環線,稲荷町,1,路面電車
広島電鉄循環線,的場町,2,路面電車
広島電鉄循環線,段原一丁目,3,路面電車
広島電鉄循環線,比治山下,4,路面電車
広島電鉄宮島線,広電西広島（己斐）,1,路面電車
広島電鉄宮島線,東高須,2,路面電車
広島電鉄宮島線,高須,3,路面電車
広島電鉄宮島線,古江,4,路面電車
広島電鉄宮島線,草津,5,路面電車
広島電鉄宮島線,草津南,6,路面電車
広島電鉄宮島線,商工センター入口,7,路面電車
広島電鉄宮島線,井口,8,路面電車
広島電鉄宮島線,修大協創中高前,9,路面電車
広島電鉄宮島線,広電五日市,10,路面電車
広島電鉄宮島線,佐伯区役所前,11,路面電車
広島電鉄宮島線,楽々園,12,路面電車
広島電鉄宮島線,山陽女学園前,13,路面電車
広島電鉄宮島線,広電廿日市,14,路面電車
広島電鉄宮島線,廿日市市役所前（平良）,15,路面電車
広島電鉄宮島線,宮内,16,路面電車
広島電鉄宮島線,JA広島病院前,17,路面電車
広島電鉄宮島線,地御前,18,路面電車
広島電鉄宮島線,阿品東,19,路面電車
広島電鉄宮島線,広電阿品,20,路面電車
広島電鉄宮島線,宮島ボートレース場,21,路面電車
広島電鉄宮島線,広電宮島口,22,路面電車
伊予鉄道城北線,古町,1,路面電車
伊予鉄道城北線,萱町六丁目,2,路面電車
伊予鉄道城北線,本町六丁目,3,路面電車
伊予鉄道城北線,木屋町,4,路面電車
伊予鉄道城北線,高砂町,5,路面電車
伊予鉄道城北線,清水町,6,路面電車
伊予鉄道城北線,鉄砲町,7,路面電車
伊予鉄道城北線,赤十字病院前,8,路面電車
伊予鉄道城北線,平和通一丁目,9,路面電車
伊予鉄道城南線,道後温泉,1,路面電車
伊予鉄道城南線,道後公園,2,路面電車
伊予鉄道城南線,南町,3,路面電車
伊予鉄道城南線,上一万,4,路面電車
伊予鉄道城南線,警察署前,5,路面電車
伊予鉄道城南線,勝山町,6,路面電車
伊予鉄道城南線,大街道,7,路面電車
伊予鉄道城南線,県庁前,8,路面電車
伊予鉄道城南線,市役所前,9,路面電車
伊予鉄道城南線,南堀端,10,路面電車
伊予鉄道城南線,西堀端,11,路面電車
伊予鉄道大手町線,古町,1,路面電車
伊予鉄道大手町線,宮田町,2,路面電車
伊予鉄道大手町線,JR松山駅前,3,路面電車
伊予鉄道大手町線,大手町駅前,4,路面電車
伊予鉄道大手町線,西堀端,5,路面電車
伊予鉄道本町線,本町一丁目,1,路面電車
伊予鉄道本町線,本町三丁目,2,路面電車
伊予鉄道本町線,本町四丁目,3,路面電車
伊予鉄道本町線,本町五丁目,4,路面電車
伊予鉄道本町線,本町六丁目,5,路面電車
伊予鉄道花園線,松山市駅,1,路面電車
伊予鉄道花園線,南堀端,2,路面電車
伊予鉄道連絡線,平和通一丁目,1,路面電車
伊予鉄道連絡線,上一万,2,路面電車
とさでん交通伊野線,はりまや橋,1,路面電車
とさでん交通伊野線,堀詰,2,路面電車
とさでん交通伊野線,大橋通,3,路面電車
とさでん交通伊野線,高知城前,4,路面電車
とさでん交通伊野線,県庁前,5,路面電車
とさでん交通伊野線,グランド通,6,路面電車
とさでん交通伊野線,枡形,7,路面電車
とさでん交通伊野線,上町一丁目,8,路面電車
とさでん交通伊野線,上町二丁目,9,路面電車
とさでん交通伊野線,上町四丁目,10,路面電車
とさでん交通伊野線,上町五丁目,11,路面電車
とさでん交通伊野線,旭町一丁目,12,路面電車
とさでん交通伊野線,旭駅前通,13,路面電車
とさでん交通伊野線,旭町三丁目,14,路面電車
とさでん交通伊野線,蛍橋,15,路面電車
とさでん交通伊野線,鏡川橋,16,路面電車
とさでん交通伊野線,鴨部,17,路面電車
とさでん交通伊野線,曙町東町,18,路面電車
とさでん交通伊野線,曙町,19,路面電車
とさでん交通伊野線,朝倉,20,路面電車
とさでん交通伊野線,朝倉駅前,21,路面電車
とさでん交通伊野線,朝倉神社前,22,路面電車
とさでん交通伊野線,宮の奥,23,路面電車
とさでん交通伊野線,咥内,24,路面電車
とさでん交通伊野線,宇治団地前,25,路面電車
とさでん交通伊野線,八代通,26,路面電車
とさでん交通伊野線,中山,27,路面電車
とさでん交通伊野線,枝川,28,路面電車
とさでん交通伊野線,伊野商業前,29,路面電車
とさでん交通伊野線,北内,30,路面電車
とさでん交通伊野線,北山,31,路面電車
とさでん交通伊野線,鳴谷,32,路面電車
とさでん交通伊野線,伊野駅前,33,路面電車
とさでん交通伊野線,伊野,34,路面電車
とさでん交通後免線,はりまや橋,1,路面電車
とさでん交通後免線,デンテツターミナルビル前,2,路面電車
とさでん交通後免線,菜園場町,3,路面電車
とさでん交通後免線,宝永町,4,路面電車
とさでん交通後免線,知寄町一丁目,5,路面電車
とさでん交通後免線,知寄町二丁目,6,路面電車
とさでん交通後免線,知寄町,7,路面電車
とさでん交通後免線,知寄町三丁目,8,路面電車
とさでん交通後免線,葛島橋東詰,9,路面電車
とさでん交通後免線,西高須,10,路面電車
とさでん交通後免線,県立美術館通,11,路面電車
とさでん交通後免線,高須,12,路面電車
とさでん交通後免線,文珠通,13,路面電車
とさでん交通後免線,介良通,14,路面電車
とさでん交通後免線,新木,15,路面電車
とさでん交通後免線,東新木,16,路面電車
とさでん交通後免線,田辺島通,17,路面電車
とさでん交通後免線,鹿児,18,路面電車
とさでん交通後免線,舟戸,19,路面電車
とさでん交通後免線,北浦,20,路面電車
とさでん交通後免線,領石通,21,路面電車
とさでん交通後免線,清和学園前,22,路面電車
とさでん交通後免線,一条橋,23,路面電車
とさでん交通後免線,明見橋,24,路面電車
とさでん交通後免線,長崎,25,路面電車
とさでん交通後免線,小篭通,26,路面電車
とさでん交通後免線,篠原,27,路面電車
とさでん交通後免線,住吉通,28,路面電車
とさでん交通後免線,東工業前,29,路面電車
とさでん交通後免線,後免西町,30,路面電車
とさでん交通後免線,後免中町,31,路面電車
とさでん交通後免線,後免東町,32,路面電車
とさでん交通後免線,後免,33,路面電車
とさでん交通桟橋線,はりまや橋,1,路面電車
とさでん交通桟橋線,梅の辻,2,路面電車
とさでん交通桟橋線,桟橋通一丁目,3,路面電車
とさでん交通桟橋線,桟橋通二丁目,4,路面電車
とさでん交通桟橋線,桟橋通三丁目,5,路面電車
とさでん交通桟橋線,桟橋通四丁目,6,路面電車
とさでん交通桟橋線,桟橋車庫前,7,路面電車
とさでん交通桟橋線,桟橋通五丁目,8,路面電車
とさでん交通駅前線,はりまや橋,1,路面電車
とさでん交通駅前線,蓮池町通,2,路面電車
とさでん交通駅前線,高知橋,3,路面電車
とさでん交通駅前線,高知駅前,4,路面電車
長崎電気軌道本線,住吉,1,路面電車
長崎電気軌道本線,昭和町通,2,路面電車
長崎電気軌道本線,千歳町,3,路面電車
長崎電気軌道本線,若葉町,4,路面電車
長崎電気軌道本線,長崎大学,5,路面電車
長崎電気軌道本線,岩屋橋,6,路面電車
長崎電気軌道本線,浦上車庫,7,路面電車
長崎電気軌道本線,大橋,8,路面電車
長崎電気軌道本線,平和公園,9,路面電車
長崎電気軌道本線,原爆資料館,10,路面電車
長崎電気軌道本線,大学病院,11,路面電車
長崎電気軌道本線,浦上駅前,12,路面電車
長崎電気軌道本線,茂里町,13,路面電車
長崎電気軌道本線,スタジアムシティノース,14,路面電車
長崎電気軌道本線,スタジアムシティサウス,15,路面電車
長崎電気軌道本線,八千代町,16,路面電車
長崎電気軌道本線,長崎駅前,17,路面電車
長崎電気軌道本線,五島町,18,路面電車
長崎電気軌道本線,大波止,19,路面電車
長崎電気軌道本線,出島,20,路面電車
長崎電気軌道本線,新地中華街,21,路面電車
長崎電気軌道本線,西浜町,22,路面電車
長崎電気軌道本線,観光通,23,路面電車
長崎電気軌道本線,思案橋,24,路面電車
長崎電気軌道本線,崇福寺,25,路面電車
長崎電気軌道赤迫支線,住吉,1,路面電車
長崎電気軌道赤迫支線,赤迫,2,路面電車
長崎電気軌道桜町支線,長崎駅前,1,路面電車
長崎電気軌道桜町支線,桜町,2,路面電車
長崎電気軌道桜町支線,市役所,3,路面電車
長崎電気軌道大浦支線,新地中華街,1,路面電車
長崎電気軌道大浦支線,メディカルセンター,2,路面電車
長崎電気軌道大浦支線,大浦海岸通,3,路面電車
長崎電気軌道大浦支線,大浦天主堂,4,路面電車
長崎電気軌道大浦支線,石橋,5,路面電車
長崎電気軌道蛍茶屋支線,西浜町,1,路面電車
長崎電気軌道蛍茶屋支線,浜町アーケード,2,路面電車
長崎電気軌道蛍茶屋支線,めがね橋,3,路面電車
長崎電気軌道蛍茶屋支線,市役所,4,路面電車
長崎電気軌道蛍茶屋支線,諏訪神社,5,路面電車
長崎電気軌道蛍茶屋支線,新大工町,6,路面電車
長崎電気軌道蛍茶屋支線,新中川町,7,路面電車
長崎電気軌道蛍茶屋支線,蛍茶屋,8,路面電車
鹿児島市電第一期線,武之橋,1,路面電車
鹿児島市電第一期線,新屋敷,2,路面電車
鹿児島市電第一期線,甲東中学校前,3,路面電車
鹿児島市電第一期線,高見馬場,4,路面電車
鹿児島市電第一期線,天文館通,5,路面電車
鹿児島市電第一期線,いづろ通,6,路面電車
鹿児島市電第一期線,朝日通,7,路面電車
鹿児島市電第一期線,市役所前,8,路面電車
鹿児島市電第一期線,水族館口,9,路面電車
鹿児島市電第一期線,桜島桟橋,10,路面電車
鹿児島市電第一期線,鹿児島駅前,11,路面電車
鹿児島市電第二期線,高見馬場,1,路面電車
鹿児島市電第二期線,加治屋町,2,路面電車
鹿児島市電第二期線,高見橋,3,路面電車
鹿児島市電第二期線,鹿児島中央駅前,4,路面電車
鹿児島市電谷山線,武之橋,1,路面電車
鹿児島市電谷山線,二中通,2,路面電車
鹿児島市電谷山線,荒田八幡,3,路面電車
鹿児島市電谷山線,騎射場,4,路面電車
鹿児島市電谷山線,鴨池,5,路面電車
鹿児島市電谷山線,郡元,6,路面電車
鹿児島市電谷山線,涙橋,7,路面電車
鹿児島市電谷山線,南鹿児島駅前,8,路面電車
鹿児島市電谷山線,二軒茶屋,9,路面電車
鹿児島市電谷山線,宇宿一丁目,10,路面電車
鹿児島市電谷山線,脇田,11,路面電車
鹿児島市電谷山線,笹貫,12,路面電車
鹿児島市電谷山線,上塩屋,13,路面電車
鹿児島市電谷山線,谷山,14,路面電車
鹿児島市電唐湊線,鹿児島中央駅前,1,路面電車
鹿児島市電唐湊線,都通,2,路面電車
鹿児島市電唐湊線,中洲通,3,路面電車
鹿児島市電唐湊線,市立病院前,4,路面電車
鹿児島市電唐湊線,神田（交通局前）,5,路面電車
鹿児島市電唐湊線,唐湊,6,路面電車
鹿児島市電唐湊線,工学部前,7,路面電車
鹿児島市電唐湊線,純心学園前,8,路面電車
鹿児島市電唐湊線,中郡,9,路面電車
鹿児島市電唐湊線,郡元,10,路面電車